{
  "original_file": "Ireland_2016.csv",
  "year": 2016,
  "country": "IE",
  "var": "ed_isced_0to2",
  "data": {
    "IE_lau_1": {
      "%": 22.538136,
      "v": 9988
    },
    "IE_lau_2": {
      "%": 23.256132,
      "v": 13616
    },
    "IE_lau_3": {
      "%": 19.142523,
      "v": 17846
    },
    "IE_lau_4": {
      "%": 20.053064,
      "v": 86086
    },
    "IE_lau_5": {
      "%": 27.565817,
      "v": 34218
    },
    "IE_lau_6": {
      "%": 20.718601,
      "v": 97642
    },
    "IE_lau_7": {
      "%": 17.26536,
      "v": 106356
    },
    "IE_lau_8": {
      "%": 17.098322,
      "v": 34904
    },
    "IE_lau_9": {
      "%": 21.65049,
      "v": 25742
    },
    "IE_lau_10": {
      "%": 17.884119,
      "v": 30212
    },
    "IE_lau_11": {
      "%": 21.67082,
      "v": 16786
    },
    "IE_lau_12": {
      "%": 20.801178,
      "v": 13288
    },
    "IE_lau_13": {
      "%": 22.201872,
      "v": 5576
    },
    "IE_lau_14": {
      "%": 22.252989,
      "v": 34556
    },
    "IE_lau_15": {
      "%": 23.976534,
      "v": 7520
    },
    "IE_lau_16": {
      "%": 25.226042,
      "v": 25026
    },
    "IE_lau_17": {
      "%": 23.333815,
      "v": 24252
    },
    "IE_lau_18": {
      "%": 19.373695,
      "v": 28304
    },
    "IE_lau_19": {
      "%": 25.288374,
      "v": 11992
    },
    "IE_lau_20": {
      "%": 25.249876,
      "v": 15208
    },
    "IE_lau_21": {
      "%": 21.869225,
      "v": 11124
    },
    "IE_lau_22": {
      "%": 20.048647,
      "v": 10468
    },
    "IE_lau_23": {
      "%": 22.903902,
      "v": 28746
    },
    "IE_lau_24": {
      "%": 22.887266,
      "v": 20970
    },
    "IE_lau_25": {
      "%": 21.088642,
      "v": 14548
    },
    "IE_lau_26": {
      "%": 27.001379,
      "v": 31526
    },
    "IE_lau_27": {
      "%": 19.949884,
      "v": 21974
    }
  }
}