{
  "original_file": "Ireland_2002.csv",
  "year": 2002,
  "country": "IE",
  "var": "ed_isced_6to8",
  "data": {
    "IE_lau_1": {
      "%": 9.4795694,
      "v": 3408
    },
    "IE_lau_2": {
      "%": 8.7595921,
      "v": 3824
    },
    "IE_lau_3": {
      "%": 12.360235,
      "v": 9938
    },
    "IE_lau_4": {
      "%": 13.110281,
      "v": 46410
    },
    "IE_lau_5": {
      "%": 9.4891758,
      "v": 9994
    },
    "IE_lau_6": {
      "%": 18.106441,
      "v": 75252
    },
    "IE_lau_7": {
      "%": 17.275721,
      "v": 85000
    },
    "IE_lau_8": {
      "%": 14.654677,
      "v": 24268
    },
    "IE_lau_9": {
      "%": 11.302959,
      "v": 11960
    },
    "IE_lau_10": {
      "%": 13.133923,
      "v": 16422
    },
    "IE_lau_11": {
      "%": 10.860906,
      "v": 6762
    },
    "IE_lau_12": {
      "%": 8.9941931,
      "v": 4058
    },
    "IE_lau_13": {
      "%": 10.168327,
      "v": 2072
    },
    "IE_lau_14": {
      "%": 11.306853,
      "v": 15776
    },
    "IE_lau_15": {
      "%": 8.6498156,
      "v": 2084
    },
    "IE_lau_16": {
      "%": 9.9281235,
      "v": 7818
    },
    "IE_lau_17": {
      "%": 10.372701,
      "v": 9560
    },
    "IE_lau_18": {
      "%": 12.009107,
      "v": 12290
    },
    "IE_lau_19": {
      "%": 9.2603931,
      "v": 3780
    },
    "IE_lau_20": {
      "%": 8.4192858,
      "v": 4114
    },
    "IE_lau_21": {
      "%": 9.6560192,
      "v": 4090
    },
    "IE_lau_22": {
      "%": 12.43521,
      "v": 5734
    },
    "IE_lau_23": {
      "%": 9.2740164,
      "v": 10148
    },
    "IE_lau_24": {
      "%": 10.16172,
      "v": 8112
    },
    "IE_lau_25": {
      "%": 10.643519,
      "v": 5898
    },
    "IE_lau_26": {
      "%": 8.7165995,
      "v": 7852
    },
    "IE_lau_27": {
      "%": 13.015194,
      "v": 11564
    }
  }
}