{
  "original_file": "Ireland_2002.csv",
  "year": 2002,
  "country": "IE",
  "var": "ed_isced_6to8_f",
  "data": {
    "IE_lau_1": {
      "%": 9.5805693,
      "v": 1704
    },
    "IE_lau_2": {
      "%": 9.0116415,
      "v": 1912
    },
    "IE_lau_3": {
      "%": 12.415051,
      "v": 4969
    },
    "IE_lau_4": {
      "%": 12.913404,
      "v": 23205
    },
    "IE_lau_5": {
      "%": 9.464015,
      "v": 4997
    },
    "IE_lau_6": {
      "%": 17.201715,
      "v": 37626
    },
    "IE_lau_7": {
      "%": 16.650539,
      "v": 42500
    },
    "IE_lau_8": {
      "%": 14.506025,
      "v": 12134
    },
    "IE_lau_9": {
      "%": 11.336063,
      "v": 5980
    },
    "IE_lau_10": {
      "%": 13.172586,
      "v": 8211
    },
    "IE_lau_11": {
      "%": 10.911379,
      "v": 3381
    },
    "IE_lau_12": {
      "%": 9.2378435,
      "v": 2029
    },
    "IE_lau_13": {
      "%": 10.514565,
      "v": 1036
    },
    "IE_lau_14": {
      "%": 11.231828,
      "v": 7888
    },
    "IE_lau_15": {
      "%": 8.7518902,
      "v": 1042
    },
    "IE_lau_16": {
      "%": 9.7532377,
      "v": 3909
    },
    "IE_lau_17": {
      "%": 10.415305,
      "v": 4780
    },
    "IE_lau_18": {
      "%": 12.066528,
      "v": 6145
    },
    "IE_lau_19": {
      "%": 9.4363174,
      "v": 1890
    },
    "IE_lau_20": {
      "%": 8.4940329,
      "v": 2057
    },
    "IE_lau_21": {
      "%": 9.9204426,
      "v": 2045
    },
    "IE_lau_22": {
      "%": 12.166864,
      "v": 2867
    },
    "IE_lau_23": {
      "%": 9.3516159,
      "v": 5074
    },
    "IE_lau_24": {
      "%": 10.071013,
      "v": 4056
    },
    "IE_lau_25": {
      "%": 10.580132,
      "v": 2949
    },
    "IE_lau_26": {
      "%": 8.6428175,
      "v": 3926
    },
    "IE_lau_27": {
      "%": 12.756757,
      "v": 5782
    }
  }
}