{
  "original_file": "Ireland_2002.csv",
  "year": 2002,
  "country": "IE",
  "var": "ed_isced_3to5_m",
  "data": {
    "IE_lau_1": {
      "%": 32.045143,
      "v": 5821
    },
    "IE_lau_2": {
      "%": 30.082895,
      "v": 6750
    },
    "IE_lau_3": {
      "%": 35.436737,
      "v": 14309
    },
    "IE_lau_4": {
      "%": 34.295467,
      "v": 59777
    },
    "IE_lau_5": {
      "%": 27.284843,
      "v": 14330
    },
    "IE_lau_6": {
      "%": 28.645079,
      "v": 56395
    },
    "IE_lau_7": {
      "%": 38.199455,
      "v": 90446
    },
    "IE_lau_8": {
      "%": 33.755535,
      "v": 27663
    },
    "IE_lau_9": {
      "%": 32.381599,
      "v": 17182
    },
    "IE_lau_10": {
      "%": 36.667675,
      "v": 22991
    },
    "IE_lau_11": {
      "%": 34.821259,
      "v": 10890
    },
    "IE_lau_12": {
      "%": 33.316059,
      "v": 7714
    },
    "IE_lau_13": {
      "%": 29.903078,
      "v": 3147
    },
    "IE_lau_14": {
      "%": 32.874439,
      "v": 22781
    },
    "IE_lau_15": {
      "%": 30.040207,
      "v": 3661
    },
    "IE_lau_16": {
      "%": 32.337654,
      "v": 12504
    },
    "IE_lau_17": {
      "%": 32.264271,
      "v": 14929
    },
    "IE_lau_18": {
      "%": 36.527725,
      "v": 18780
    },
    "IE_lau_19": {
      "%": 28.027899,
      "v": 5827
    },
    "IE_lau_20": {
      "%": 31.448046,
      "v": 7751
    },
    "IE_lau_21": {
      "%": 32.548405,
      "v": 7077
    },
    "IE_lau_22": {
      "%": 34.944782,
      "v": 7879
    },
    "IE_lau_23": {
      "%": 33.814304,
      "v": 18654
    },
    "IE_lau_24": {
      "%": 33.436985,
      "v": 13226
    },
    "IE_lau_25": {
      "%": 34.250755,
      "v": 9433
    },
    "IE_lau_26": {
      "%": 33.18927,
      "v": 14821
    },
    "IE_lau_27": {
      "%": 35.885124,
      "v": 15619
    }
  }
}