{
  "original_file": "Ireland_2002.csv",
  "year": 2002,
  "country": "IE",
  "var": "ed_isced_0to2_f",
  "data": {
    "IE_lau_1": {
      "%": 38.176094,
      "v": 6790
    },
    "IE_lau_2": {
      "%": 40.698498,
      "v": 8635
    },
    "IE_lau_3": {
      "%": 33.564861,
      "v": 13434
    },
    "IE_lau_4": {
      "%": 33.865341,
      "v": 60855
    },
    "IE_lau_5": {
      "%": 44.651516,
      "v": 23576
    },
    "IE_lau_6": {
      "%": 33.153969,
      "v": 72519
    },
    "IE_lau_7": {
      "%": 27.812668,
      "v": 70991
    },
    "IE_lau_8": {
      "%": 29.247561,
      "v": 24465
    },
    "IE_lau_9": {
      "%": 36.402412,
      "v": 19203
    },
    "IE_lau_10": {
      "%": 30.432829,
      "v": 18970
    },
    "IE_lau_11": {
      "%": 36.067902,
      "v": 11176
    },
    "IE_lau_12": {
      "%": 38.157894,
      "v": 8381
    },
    "IE_lau_13": {
      "%": 39.094692,
      "v": 3852
    },
    "IE_lau_14": {
      "%": 35.110851,
      "v": 24658
    },
    "IE_lau_15": {
      "%": 39.232319,
      "v": 4671
    },
    "IE_lau_16": {
      "%": 41.470596,
      "v": 16621
    },
    "IE_lau_17": {
      "%": 39.194668,
      "v": 17988
    },
    "IE_lau_18": {
      "%": 32.973335,
      "v": 16792
    },
    "IE_lau_19": {
      "%": 41.719505,
      "v": 8356
    },
    "IE_lau_20": {
      "%": 39.207993,
      "v": 9495
    },
    "IE_lau_21": {
      "%": 38.77462,
      "v": 7993
    },
    "IE_lau_22": {
      "%": 32.473263,
      "v": 7652
    },
    "IE_lau_23": {
      "%": 37.950165,
      "v": 20591
    },
    "IE_lau_24": {
      "%": 37.153004,
      "v": 14963
    },
    "IE_lau_25": {
      "%": 36.217846,
      "v": 10095
    },
    "IE_lau_26": {
      "%": 42.886074,
      "v": 19481
    },
    "IE_lau_27": {
      "%": 33.451736,
      "v": 15162
    }
  }
}