{
  "original_file": "Ireland_2002.csv",
  "year": 2002,
  "country": "IE",
  "var": "ed_isced_3to5_f",
  "data": {
    "Carlow": {
      "%": 32.727989,
      "v": 5821
    },
    "Cavan": {
      "%": 31.814112,
      "v": 6750
    },
    "Clare": {
      "%": 35.751049,
      "v": 14309
    },
    "Cork": {
      "%": 33.265442,
      "v": 59777
    },
    "Donegal": {
      "%": 27.140152,
      "v": 14330
    },
    "Dublin City": {
      "%": 25.782457,
      "v": 56395
    },
    "Dublin County": {
      "%": 35.434696,
      "v": 90446
    },
    "Galway": {
      "%": 33.070724,
      "v": 27663
    },
    "Kerry": {
      "%": 32.571278,
      "v": 17182
    },
    "Kildare": {
      "%": 36.883564,
      "v": 22991
    },
    "Kilkenny": {
      "%": 35.144905,
      "v": 10890
    },
    "Laois": {
      "%": 35.121109,
      "v": 7714
    },
    "Leitrim": {
      "%": 31.93951,
      "v": 3147
    },
    "Limerick City and County": {
      "%": 32.438168,
      "v": 22781
    },
    "Longford": {
      "%": 30.749203,
      "v": 3661
    },
    "Louth": {
      "%": 31.198383,
      "v": 12504
    },
    "Mayo": {
      "%": 32.529308,
      "v": 14929
    },
    "Meath": {
      "%": 36.877037,
      "v": 18780
    },
    "Monaghan": {
      "%": 29.092815,
      "v": 5827
    },
    "Offaly": {
      "%": 32.006443,
      "v": 7751
    },
    "Roscommon": {
      "%": 34.331036,
      "v": 7077
    },
    "Sligo": {
      "%": 33.4366,
      "v": 7879
    },
    "Tipperary": {
      "%": 34.380184,
      "v": 18654
    },
    "Waterford City and County": {
      "%": 32.840046,
      "v": 13226
    },
    "Westmeath": {
      "%": 33.842789,
      "v": 9433
    },
    "Wexford": {
      "%": 32.627407,
      "v": 14821
    },
    "Wicklow": {
      "%": 34.460011,
      "v": 15619
    }
  }
}