{
  "original_file": "Ireland_2002.csv",
  "year": 2002,
  "country": "IE",
  "var": "ed_isced_6to8_m",
  "data": {
    "IE_lau_1": {
      "%": 9.3806772,
      "v": 1704
    },
    "IE_lau_2": {
      "%": 8.5212584,
      "v": 1912
    },
    "IE_lau_3": {
      "%": 12.305902,
      "v": 4969
    },
    "IE_lau_4": {
      "%": 13.313253,
      "v": 23205
    },
    "IE_lau_5": {
      "%": 9.5144711,
      "v": 4997
    },
    "IE_lau_6": {
      "%": 19.11162,
      "v": 37626
    },
    "IE_lau_7": {
      "%": 17.949682,
      "v": 42500
    },
    "IE_lau_8": {
      "%": 14.806409,
      "v": 12134
    },
    "IE_lau_9": {
      "%": 11.270048,
      "v": 5980
    },
    "IE_lau_10": {
      "%": 13.095485,
      "v": 8211
    },
    "IE_lau_11": {
      "%": 10.810897,
      "v": 3381
    },
    "IE_lau_12": {
      "%": 8.7630644,
      "v": 2029
    },
    "IE_lau_13": {
      "%": 9.8441658,
      "v": 1036
    },
    "IE_lau_14": {
      "%": 11.382888,
      "v": 7888
    },
    "IE_lau_15": {
      "%": 8.5500946,
      "v": 1042
    },
    "IE_lau_16": {
      "%": 10.109396,
      "v": 3909
    },
    "IE_lau_17": {
      "%": 10.330444,
      "v": 4780
    },
    "IE_lau_18": {
      "%": 11.95223,
      "v": 6145
    },
    "IE_lau_19": {
      "%": 9.090909,
      "v": 1890
    },
    "IE_lau_20": {
      "%": 8.3458433,
      "v": 2057
    },
    "IE_lau_21": {
      "%": 9.4053259,
      "v": 2045
    },
    "IE_lau_22": {
      "%": 12.715661,
      "v": 2867
    },
    "IE_lau_23": {
      "%": 9.1976938,
      "v": 5074
    },
    "IE_lau_24": {
      "%": 10.254077,
      "v": 4056
    },
    "IE_lau_25": {
      "%": 10.707672,
      "v": 2949
    },
    "IE_lau_26": {
      "%": 8.7916517,
      "v": 3926
    },
    "IE_lau_27": {
      "%": 13.284319,
      "v": 5782
    }
  }
}