{
  "original_file": "Ireland_2002.csv",
  "year": 2002,
  "country": "IE",
  "var": "ed_isced_6to8_f",
  "data": {
    "Carlow": {
      "%": 9.5805693,
      "v": 1704
    },
    "Cavan": {
      "%": 9.0116415,
      "v": 1912
    },
    "Clare": {
      "%": 12.415051,
      "v": 4969
    },
    "Cork": {
      "%": 12.913404,
      "v": 23205
    },
    "Donegal": {
      "%": 9.464015,
      "v": 4997
    },
    "Dublin City": {
      "%": 17.201715,
      "v": 37626
    },
    "Dublin County": {
      "%": 16.650539,
      "v": 42500
    },
    "Galway": {
      "%": 14.506025,
      "v": 12134
    },
    "Kerry": {
      "%": 11.336063,
      "v": 5980
    },
    "Kildare": {
      "%": 13.172586,
      "v": 8211
    },
    "Kilkenny": {
      "%": 10.911379,
      "v": 3381
    },
    "Laois": {
      "%": 9.2378435,
      "v": 2029
    },
    "Leitrim": {
      "%": 10.514565,
      "v": 1036
    },
    "Limerick City and County": {
      "%": 11.231828,
      "v": 7888
    },
    "Longford": {
      "%": 8.7518902,
      "v": 1042
    },
    "Louth": {
      "%": 9.7532377,
      "v": 3909
    },
    "Mayo": {
      "%": 10.415305,
      "v": 4780
    },
    "Meath": {
      "%": 12.066528,
      "v": 6145
    },
    "Monaghan": {
      "%": 9.4363174,
      "v": 1890
    },
    "Offaly": {
      "%": 8.4940329,
      "v": 2057
    },
    "Roscommon": {
      "%": 9.9204426,
      "v": 2045
    },
    "Sligo": {
      "%": 12.166864,
      "v": 2867
    },
    "Tipperary": {
      "%": 9.3516159,
      "v": 5074
    },
    "Waterford City and County": {
      "%": 10.071013,
      "v": 4056
    },
    "Westmeath": {
      "%": 10.580132,
      "v": 2949
    },
    "Wexford": {
      "%": 8.6428175,
      "v": 3926
    },
    "Wicklow": {
      "%": 12.756757,
      "v": 5782
    }
  }
}