{
  "original_file": "Ireland_2002.csv",
  "year": 2002,
  "country": "IE",
  "var": "ed_isced_6to8",
  "data": {
    "Carlow": {
      "%": 9.4795694,
      "v": 3408
    },
    "Cavan": {
      "%": 8.7595921,
      "v": 3824
    },
    "Clare": {
      "%": 12.360235,
      "v": 9938
    },
    "Cork": {
      "%": 13.110281,
      "v": 46410
    },
    "Donegal": {
      "%": 9.4891758,
      "v": 9994
    },
    "Dublin City": {
      "%": 18.106441,
      "v": 75252
    },
    "Dublin County": {
      "%": 17.275721,
      "v": 85000
    },
    "Galway": {
      "%": 14.654677,
      "v": 24268
    },
    "Kerry": {
      "%": 11.302959,
      "v": 11960
    },
    "Kildare": {
      "%": 13.133923,
      "v": 16422
    },
    "Kilkenny": {
      "%": 10.860906,
      "v": 6762
    },
    "Laois": {
      "%": 8.9941931,
      "v": 4058
    },
    "Leitrim": {
      "%": 10.168327,
      "v": 2072
    },
    "Limerick City and County": {
      "%": 11.306853,
      "v": 15776
    },
    "Longford": {
      "%": 8.6498156,
      "v": 2084
    },
    "Louth": {
      "%": 9.9281235,
      "v": 7818
    },
    "Mayo": {
      "%": 10.372701,
      "v": 9560
    },
    "Meath": {
      "%": 12.009107,
      "v": 12290
    },
    "Monaghan": {
      "%": 9.2603931,
      "v": 3780
    },
    "Offaly": {
      "%": 8.4192858,
      "v": 4114
    },
    "Roscommon": {
      "%": 9.6560192,
      "v": 4090
    },
    "Sligo": {
      "%": 12.43521,
      "v": 5734
    },
    "Tipperary": {
      "%": 9.2740164,
      "v": 10148
    },
    "Waterford City and County": {
      "%": 10.16172,
      "v": 8112
    },
    "Westmeath": {
      "%": 10.643519,
      "v": 5898
    },
    "Wexford": {
      "%": 8.7165995,
      "v": 7852
    },
    "Wicklow": {
      "%": 13.015194,
      "v": 11564
    }
  }
}