{
  "original_file": "Ireland_2002.csv",
  "year": 2002,
  "country": "IE",
  "var": "ed_isced_3to5_m",
  "data": {
    "Carlow": {
      "%": 32.04514,
      "v": 5821
    },
    "Cavan": {
      "%": 30.0829,
      "v": 6750
    },
    "Clare": {
      "%": 35.43674,
      "v": 14309
    },
    "Cork": {
      "%": 34.29547,
      "v": 59777
    },
    "Donegal": {
      "%": 27.28484,
      "v": 14330
    },
    "Dublin City": {
      "%": 28.64508,
      "v": 56395
    },
    "Dublin County": {
      "%": 38.19946,
      "v": 90446
    },
    "Galway": {
      "%": 33.75554,
      "v": 27663
    },
    "Kerry": {
      "%": 32.3816,
      "v": 17182
    },
    "Kildare": {
      "%": 36.66768,
      "v": 22991
    },
    "Kilkenny": {
      "%": 34.82126,
      "v": 10890
    },
    "Laois": {
      "%": 33.31606,
      "v": 7714
    },
    "Leitrim": {
      "%": 29.90308,
      "v": 3147
    },
    "Limerick City and County": {
      "%": 32.87444,
      "v": 22781
    },
    "Longford": {
      "%": 30.04021,
      "v": 3661
    },
    "Louth": {
      "%": 32.33765,
      "v": 12504
    },
    "Mayo": {
      "%": 32.26427,
      "v": 14929
    },
    "Meath": {
      "%": 36.52773,
      "v": 18780
    },
    "Monaghan": {
      "%": 28.0279,
      "v": 5827
    },
    "Offaly": {
      "%": 31.44805,
      "v": 7751
    },
    "Roscommon": {
      "%": 32.5484,
      "v": 7077
    },
    "Sligo": {
      "%": 34.94478,
      "v": 7879
    },
    "Tipperary": {
      "%": 33.8143,
      "v": 18654
    },
    "Waterford City and County": {
      "%": 33.43699,
      "v": 13226
    },
    "Westmeath": {
      "%": 34.25076,
      "v": 9433
    },
    "Wexford": {
      "%": 33.18927,
      "v": 14821
    },
    "Wicklow": {
      "%": 35.88512,
      "v": 15619
    }
  }
}