{
  "original_file": "Ireland_2002.csv",
  "year": 2002,
  "country": "IE",
  "var": "ed_isced_3to5_f",
  "data": {
    "Carlow": {
      "%": 32.72799,
      "v": 5821
    },
    "Cavan": {
      "%": 31.81411,
      "v": 6750
    },
    "Clare": {
      "%": 35.75105,
      "v": 14309
    },
    "Cork": {
      "%": 33.26544,
      "v": 59777
    },
    "Donegal": {
      "%": 27.14015,
      "v": 14330
    },
    "Dublin City": {
      "%": 25.78246,
      "v": 56395
    },
    "Dublin County": {
      "%": 35.4347,
      "v": 90446
    },
    "Galway": {
      "%": 33.07072,
      "v": 27663
    },
    "Kerry": {
      "%": 32.57128,
      "v": 17182
    },
    "Kildare": {
      "%": 36.88356,
      "v": 22991
    },
    "Kilkenny": {
      "%": 35.14491,
      "v": 10890
    },
    "Laois": {
      "%": 35.12111,
      "v": 7714
    },
    "Leitrim": {
      "%": 31.93951,
      "v": 3147
    },
    "Limerick City and County": {
      "%": 32.43817,
      "v": 22781
    },
    "Longford": {
      "%": 30.7492,
      "v": 3661
    },
    "Louth": {
      "%": 31.19838,
      "v": 12504
    },
    "Mayo": {
      "%": 32.52931,
      "v": 14929
    },
    "Meath": {
      "%": 36.87704,
      "v": 18780
    },
    "Monaghan": {
      "%": 29.09282,
      "v": 5827
    },
    "Offaly": {
      "%": 32.00644,
      "v": 7751
    },
    "Roscommon": {
      "%": 34.33104,
      "v": 7077
    },
    "Sligo": {
      "%": 33.4366,
      "v": 7879
    },
    "Tipperary": {
      "%": 34.38018,
      "v": 18654
    },
    "Waterford City and County": {
      "%": 32.84005,
      "v": 13226
    },
    "Westmeath": {
      "%": 33.84279,
      "v": 9433
    },
    "Wexford": {
      "%": 32.62741,
      "v": 14821
    },
    "Wicklow": {
      "%": 34.46001,
      "v": 15619
    }
  }
}