{
  "original_file": "Ireland_2002.csv",
  "year": 2002,
  "country": "IE",
  "var": "ed_isced_0to2",
  "data": {
    "Carlow": {
      "%": 37.773636,
      "v": 13580
    },
    "Cavan": {
      "%": 39.560188,
      "v": 17270
    },
    "Clare": {
      "%": 33.416664,
      "v": 26868
    },
    "Cork": {
      "%": 34.381649,
      "v": 121710
    },
    "Donegal": {
      "%": 44.770226,
      "v": 47152
    },
    "Dublin City": {
      "%": 34.897705,
      "v": 145038
    },
    "Dublin County": {
      "%": 28.856956,
      "v": 141982
    },
    "Galway": {
      "%": 29.547279,
      "v": 48930
    },
    "Kerry": {
      "%": 36.296108,
      "v": 38406
    },
    "Kildare": {
      "%": 30.343504,
      "v": 37940
    },
    "Kilkenny": {
      "%": 35.901058,
      "v": 22352
    },
    "Laois": {
      "%": 37.15147,
      "v": 16762
    },
    "Leitrim": {
      "%": 37.807331,
      "v": 7704
    },
    "Limerick City and County": {
      "%": 35.345383,
      "v": 49316
    },
    "Longford": {
      "%": 38.77475,
      "v": 9342
    },
    "Louth": {
      "%": 42.214207,
      "v": 33242
    },
    "Mayo": {
      "%": 39.03434,
      "v": 35976
    },
    "Meath": {
      "%": 32.816425,
      "v": 33584
    },
    "Monaghan": {
      "%": 40.941719,
      "v": 16712
    },
    "Offaly": {
      "%": 38.862968,
      "v": 18990
    },
    "Roscommon": {
      "%": 37.741104,
      "v": 15986
    },
    "Sligo": {
      "%": 33.189476,
      "v": 15304
    },
    "Tipperary": {
      "%": 37.635254,
      "v": 41182
    },
    "Waterford City and County": {
      "%": 37.487629,
      "v": 29926
    },
    "Westmeath": {
      "%": 36.434837,
      "v": 20190
    },
    "Wexford": {
      "%": 43.252186,
      "v": 38962
    },
    "Wicklow": {
      "%": 34.129433,
      "v": 30324
    }
  }
}