{
  "original_file": "Ireland_2002.csv",
  "year": 2002,
  "country": "IE",
  "var": "ed_isced_0to2_m",
  "data": {
    "Carlow": {
      "%": 37.379578,
      "v": 6790
    },
    "Cavan": {
      "%": 38.483822,
      "v": 8635
    },
    "Clare": {
      "%": 33.269768,
      "v": 13434
    },
    "Cork": {
      "%": 34.91394,
      "v": 60855
    },
    "Donegal": {
      "%": 44.889565,
      "v": 23576
    },
    "Dublin City": {
      "%": 36.835049,
      "v": 72519
    },
    "Dublin County": {
      "%": 29.982725,
      "v": 70991
    },
    "Galway": {
      "%": 29.853205,
      "v": 24465
    },
    "Kerry": {
      "%": 36.190422,
      "v": 19203
    },
    "Kildare": {
      "%": 30.254702,
      "v": 18970
    },
    "Kilkenny": {
      "%": 35.735756,
      "v": 11176
    },
    "Laois": {
      "%": 36.19677,
      "v": 8381
    },
    "Leitrim": {
      "%": 36.602051,
      "v": 3852
    },
    "Limerick City and County": {
      "%": 35.583069,
      "v": 24658
    },
    "Longford": {
      "%": 38.327724,
      "v": 4671
    },
    "Louth": {
      "%": 42.984974,
      "v": 16621
    },
    "Mayo": {
      "%": 38.87532,
      "v": 17988
    },
    "Meath": {
      "%": 32.660999,
      "v": 16792
    },
    "Monaghan": {
      "%": 40.192402,
      "v": 8356
    },
    "Offaly": {
      "%": 38.52396,
      "v": 9495
    },
    "Roscommon": {
      "%": 36.761257,
      "v": 7993
    },
    "Sligo": {
      "%": 33.937996,
      "v": 7652
    },
    "Tipperary": {
      "%": 37.325527,
      "v": 20591
    },
    "Waterford City and County": {
      "%": 37.828339,
      "v": 14963
    },
    "Westmeath": {
      "%": 36.654442,
      "v": 10095
    },
    "Wexford": {
      "%": 43.624596,
      "v": 19481
    },
    "Wicklow": {
      "%": 34.835152,
      "v": 15162
    }
  }
}