{
  "original_file": "Ireland_2002.csv",
  "year": 2002,
  "country": "IE",
  "var": "ed_isced_3to5",
  "data": {
    "IE_lau_1": {
      "%": 32.382965,
      "v": 11642
    },
    "IE_lau_2": {
      "%": 30.924294,
      "v": 13500
    },
    "IE_lau_3": {
      "%": 35.593201,
      "v": 28618
    },
    "IE_lau_4": {
      "%": 33.772602,
      "v": 119554
    },
    "IE_lau_5": {
      "%": 27.212305,
      "v": 28660
    },
    "IE_lau_6": {
      "%": 27.138489,
      "v": 112790
    },
    "IE_lau_7": {
      "%": 36.765171,
      "v": 180892
    },
    "IE_lau_8": {
      "%": 33.409622,
      "v": 55326
    },
    "IE_lau_9": {
      "%": 32.476162,
      "v": 34364
    },
    "IE_lau_10": {
      "%": 36.775303,
      "v": 45982
    },
    "IE_lau_11": {
      "%": 34.98233,
      "v": 21780
    },
    "IE_lau_12": {
      "%": 34.194778,
      "v": 15428
    },
    "IE_lau_13": {
      "%": 30.887766,
      "v": 6294
    },
    "IE_lau_14": {
      "%": 32.654846,
      "v": 45562
    },
    "IE_lau_15": {
      "%": 30.39057,
      "v": 7322
    },
    "IE_lau_16": {
      "%": 31.757803,
      "v": 25008
    },
    "IE_lau_17": {
      "%": 32.396244,
      "v": 29858
    },
    "IE_lau_18": {
      "%": 36.70155,
      "v": 37560
    },
    "IE_lau_19": {
      "%": 28.55043,
      "v": 11654
    },
    "IE_lau_20": {
      "%": 31.724787,
      "v": 15502
    },
    "IE_lau_21": {
      "%": 33.415966,
      "v": 14154
    },
    "IE_lau_22": {
      "%": 34.174057,
      "v": 15758
    },
    "IE_lau_23": {
      "%": 34.094898,
      "v": 37308
    },
    "IE_lau_24": {
      "%": 33.135826,
      "v": 26452
    },
    "IE_lau_25": {
      "%": 34.045547,
      "v": 18866
    },
    "IE_lau_26": {
      "%": 32.905941,
      "v": 29642
    },
    "IE_lau_27": {
      "%": 35.158131,
      "v": 31238
    }
  }
}