{
  "original_file": "Ireland_2002.csv",
  "year": 2002,
  "country": "IE",
  "var": "ed_isced_6to8_m",
  "data": {
    "Carlow": {
      "%": 9.3806772,
      "v": 1704
    },
    "Cavan": {
      "%": 8.5212584,
      "v": 1912
    },
    "Clare": {
      "%": 12.305902,
      "v": 4969
    },
    "Cork": {
      "%": 13.313253,
      "v": 23205
    },
    "Donegal": {
      "%": 9.5144711,
      "v": 4997
    },
    "Dublin City": {
      "%": 19.11162,
      "v": 37626
    },
    "Dublin County": {
      "%": 17.949682,
      "v": 42500
    },
    "Galway": {
      "%": 14.806409,
      "v": 12134
    },
    "Kerry": {
      "%": 11.270048,
      "v": 5980
    },
    "Kildare": {
      "%": 13.095485,
      "v": 8211
    },
    "Kilkenny": {
      "%": 10.810897,
      "v": 3381
    },
    "Laois": {
      "%": 8.7630644,
      "v": 2029
    },
    "Leitrim": {
      "%": 9.8441658,
      "v": 1036
    },
    "Limerick City and County": {
      "%": 11.382888,
      "v": 7888
    },
    "Longford": {
      "%": 8.5500946,
      "v": 1042
    },
    "Louth": {
      "%": 10.109396,
      "v": 3909
    },
    "Mayo": {
      "%": 10.330444,
      "v": 4780
    },
    "Meath": {
      "%": 11.95223,
      "v": 6145
    },
    "Monaghan": {
      "%": 9.090909,
      "v": 1890
    },
    "Offaly": {
      "%": 8.3458433,
      "v": 2057
    },
    "Roscommon": {
      "%": 9.4053259,
      "v": 2045
    },
    "Sligo": {
      "%": 12.715661,
      "v": 2867
    },
    "Tipperary": {
      "%": 9.1976938,
      "v": 5074
    },
    "Waterford City and County": {
      "%": 10.254077,
      "v": 4056
    },
    "Westmeath": {
      "%": 10.707672,
      "v": 2949
    },
    "Wexford": {
      "%": 8.7916517,
      "v": 3926
    },
    "Wicklow": {
      "%": 13.284319,
      "v": 5782
    }
  }
}