{
  "original_file": "Ireland_2002.csv",
  "year": 2002,
  "country": "IE",
  "var": "ed_isced_0to2_m",
  "data": {
    "Carlow": {
      "%": 37.37958,
      "v": 6790
    },
    "Cavan": {
      "%": 38.48382,
      "v": 8635
    },
    "Clare": {
      "%": 33.26977,
      "v": 13434
    },
    "Cork": {
      "%": 34.91394,
      "v": 60855
    },
    "Donegal": {
      "%": 44.88956,
      "v": 23576
    },
    "Dublin City": {
      "%": 36.83505,
      "v": 72519
    },
    "Dublin County": {
      "%": 29.98273,
      "v": 70991
    },
    "Galway": {
      "%": 29.8532,
      "v": 24465
    },
    "Kerry": {
      "%": 36.19042,
      "v": 19203
    },
    "Kildare": {
      "%": 30.2547,
      "v": 18970
    },
    "Kilkenny": {
      "%": 35.73576,
      "v": 11176
    },
    "Laois": {
      "%": 36.19677,
      "v": 8381
    },
    "Leitrim": {
      "%": 36.60205,
      "v": 3852
    },
    "Limerick City and County": {
      "%": 35.58307,
      "v": 24658
    },
    "Longford": {
      "%": 38.32772,
      "v": 4671
    },
    "Louth": {
      "%": 42.98497,
      "v": 16621
    },
    "Mayo": {
      "%": 38.87532,
      "v": 17988
    },
    "Meath": {
      "%": 32.661,
      "v": 16792
    },
    "Monaghan": {
      "%": 40.1924,
      "v": 8356
    },
    "Offaly": {
      "%": 38.52396,
      "v": 9495
    },
    "Roscommon": {
      "%": 36.76126,
      "v": 7993
    },
    "Sligo": {
      "%": 33.938,
      "v": 7652
    },
    "Tipperary": {
      "%": 37.32553,
      "v": 20591
    },
    "Waterford City and County": {
      "%": 37.82834,
      "v": 14963
    },
    "Westmeath": {
      "%": 36.65444,
      "v": 10095
    },
    "Wexford": {
      "%": 43.6246,
      "v": 19481
    },
    "Wicklow": {
      "%": 34.83515,
      "v": 15162
    }
  }
}