{
  "original_file": "Ireland_2002.csv",
  "year": 2002,
  "country": "IE",
  "var": "ed_isced_0to2",
  "data": {
    "Carlow": {
      "%": 37.77364,
      "v": 13580
    },
    "Cavan": {
      "%": 39.56019,
      "v": 17270
    },
    "Clare": {
      "%": 33.41666,
      "v": 26868
    },
    "Cork": {
      "%": 34.38165,
      "v": 121710
    },
    "Donegal": {
      "%": 44.77023,
      "v": 47152
    },
    "Dublin City": {
      "%": 34.89771,
      "v": 145038
    },
    "Dublin County": {
      "%": 28.85696,
      "v": 141982
    },
    "Galway": {
      "%": 29.54728,
      "v": 48930
    },
    "Kerry": {
      "%": 36.29611,
      "v": 38406
    },
    "Kildare": {
      "%": 30.3435,
      "v": 37940
    },
    "Kilkenny": {
      "%": 35.90106,
      "v": 22352
    },
    "Laois": {
      "%": 37.15147,
      "v": 16762
    },
    "Leitrim": {
      "%": 37.80733,
      "v": 7704
    },
    "Limerick City and County": {
      "%": 35.34538,
      "v": 49316
    },
    "Longford": {
      "%": 38.77475,
      "v": 9342
    },
    "Louth": {
      "%": 42.21421,
      "v": 33242
    },
    "Mayo": {
      "%": 39.03434,
      "v": 35976
    },
    "Meath": {
      "%": 32.81643,
      "v": 33584
    },
    "Monaghan": {
      "%": 40.94172,
      "v": 16712
    },
    "Offaly": {
      "%": 38.86297,
      "v": 18990
    },
    "Roscommon": {
      "%": 37.7411,
      "v": 15986
    },
    "Sligo": {
      "%": 33.18948,
      "v": 15304
    },
    "Tipperary": {
      "%": 37.63525,
      "v": 41182
    },
    "Waterford City and County": {
      "%": 37.48763,
      "v": 29926
    },
    "Westmeath": {
      "%": 36.43484,
      "v": 20190
    },
    "Wexford": {
      "%": 43.25219,
      "v": 38962
    },
    "Wicklow": {
      "%": 34.12943,
      "v": 30324
    }
  }
}