{
  "original_file": "Ireland_2002.csv",
  "year": 2002,
  "country": "IE",
  "var": "ed_isced_0to2_f",
  "data": {
    "Carlow": {
      "%": 38.17609,
      "v": 6790
    },
    "Cavan": {
      "%": 40.6985,
      "v": 8635
    },
    "Clare": {
      "%": 33.56486,
      "v": 13434
    },
    "Cork": {
      "%": 33.86534,
      "v": 60855
    },
    "Donegal": {
      "%": 44.65152,
      "v": 23576
    },
    "Dublin City": {
      "%": 33.15397,
      "v": 72519
    },
    "Dublin County": {
      "%": 27.81267,
      "v": 70991
    },
    "Galway": {
      "%": 29.24756,
      "v": 24465
    },
    "Kerry": {
      "%": 36.40241,
      "v": 19203
    },
    "Kildare": {
      "%": 30.43283,
      "v": 18970
    },
    "Kilkenny": {
      "%": 36.0679,
      "v": 11176
    },
    "Laois": {
      "%": 38.15789,
      "v": 8381
    },
    "Leitrim": {
      "%": 39.09469,
      "v": 3852
    },
    "Limerick City and County": {
      "%": 35.11085,
      "v": 24658
    },
    "Longford": {
      "%": 39.23232,
      "v": 4671
    },
    "Louth": {
      "%": 41.4706,
      "v": 16621
    },
    "Mayo": {
      "%": 39.19467,
      "v": 17988
    },
    "Meath": {
      "%": 32.97334,
      "v": 16792
    },
    "Monaghan": {
      "%": 41.71951,
      "v": 8356
    },
    "Offaly": {
      "%": 39.20799,
      "v": 9495
    },
    "Roscommon": {
      "%": 38.77462,
      "v": 7993
    },
    "Sligo": {
      "%": 32.47326,
      "v": 7652
    },
    "Tipperary": {
      "%": 37.95016,
      "v": 20591
    },
    "Waterford City and County": {
      "%": 37.153,
      "v": 14963
    },
    "Westmeath": {
      "%": 36.21785,
      "v": 10095
    },
    "Wexford": {
      "%": 42.88607,
      "v": 19481
    },
    "Wicklow": {
      "%": 33.45174,
      "v": 15162
    }
  }
}