{
  "original_file": "Ireland_2002.csv",
  "year": 2002,
  "country": "IE",
  "var": "ed_isced_6to8_m",
  "data": {
    "Carlow": {
      "%": 9.380677,
      "v": 1704
    },
    "Cavan": {
      "%": 8.521258,
      "v": 1912
    },
    "Clare": {
      "%": 12.3059,
      "v": 4969
    },
    "Cork": {
      "%": 13.31325,
      "v": 23205
    },
    "Donegal": {
      "%": 9.514471,
      "v": 4997
    },
    "Dublin City": {
      "%": 19.11162,
      "v": 37626
    },
    "Dublin County": {
      "%": 17.94968,
      "v": 42500
    },
    "Galway": {
      "%": 14.80641,
      "v": 12134
    },
    "Kerry": {
      "%": 11.27005,
      "v": 5980
    },
    "Kildare": {
      "%": 13.09548,
      "v": 8211
    },
    "Kilkenny": {
      "%": 10.8109,
      "v": 3381
    },
    "Laois": {
      "%": 8.763064,
      "v": 2029
    },
    "Leitrim": {
      "%": 9.844166,
      "v": 1036
    },
    "Limerick City and County": {
      "%": 11.38289,
      "v": 7888
    },
    "Longford": {
      "%": 8.550095,
      "v": 1042
    },
    "Louth": {
      "%": 10.1094,
      "v": 3909
    },
    "Mayo": {
      "%": 10.33044,
      "v": 4780
    },
    "Meath": {
      "%": 11.95223,
      "v": 6145
    },
    "Monaghan": {
      "%": 9.090909,
      "v": 1890
    },
    "Offaly": {
      "%": 8.345843,
      "v": 2057
    },
    "Roscommon": {
      "%": 9.405326,
      "v": 2045
    },
    "Sligo": {
      "%": 12.71566,
      "v": 2867
    },
    "Tipperary": {
      "%": 9.197694,
      "v": 5074
    },
    "Waterford City and County": {
      "%": 10.25408,
      "v": 4056
    },
    "Westmeath": {
      "%": 10.70767,
      "v": 2949
    },
    "Wexford": {
      "%": 8.791652,
      "v": 3926
    },
    "Wicklow": {
      "%": 13.28432,
      "v": 5782
    }
  }
}