{
  "original_file": "Ireland_2011.csv",
  "year": 2011,
  "country": "IE",
  "var": "ed_isced_0to2_f",
  "data": {
    "Carlow": {
      "%": 25.7034,
      "v": 5463
    },
    "Cavan": {
      "%": 27.08551,
      "v": 7523
    },
    "Clare": {
      "%": 22.64344,
      "v": 10411
    },
    "Cork": {
      "%": 23.57224,
      "v": 49055
    },
    "Donegal": {
      "%": 32.2421,
      "v": 20200
    },
    "Dublin City": {
      "%": 25.54772,
      "v": 59074
    },
    "Dublin County": {
      "%": 20.06172,
      "v": 60592
    },
    "Galway": {
      "%": 20.2935,
      "v": 20383
    },
    "Kerry": {
      "%": 25.53512,
      "v": 14912
    },
    "Kildare": {
      "%": 21.13286,
      "v": 17039
    },
    "Kilkenny": {
      "%": 25.02946,
      "v": 9347
    },
    "Laois": {
      "%": 24.98259,
      "v": 7532
    },
    "Leitrim": {
      "%": 25.64727,
      "v": 3160
    },
    "Limerick City and County": {
      "%": 25.69618,
      "v": 19793
    },
    "Longford": {
      "%": 27.25392,
      "v": 4084
    },
    "Louth": {
      "%": 29.68252,
      "v": 14258
    },
    "Mayo": {
      "%": 27.89517,
      "v": 14455
    },
    "Meath": {
      "%": 22.89079,
      "v": 15940
    },
    "Monaghan": {
      "%": 30.42942,
      "v": 7157
    },
    "Offaly": {
      "%": 28.88957,
      "v": 8523
    },
    "Roscommon": {
      "%": 25.71932,
      "v": 6427
    },
    "Sligo": {
      "%": 22.60161,
      "v": 6017
    },
    "Tipperary": {
      "%": 26.83713,
      "v": 16741
    },
    "Waterford City and County": {
      "%": 26.49051,
      "v": 12010
    },
    "Westmeath": {
      "%": 24.92167,
      "v": 8431
    },
    "Wexford": {
      "%": 30.39637,
      "v": 17408
    },
    "Wicklow": {
      "%": 23.45498,
      "v": 12642
    }
  }
}