{
  "original_file": "Ireland_2011.csv",
  "year": 2011,
  "country": "IE",
  "var": "ed_isced_6to8_m",
  "data": {
    "Carlow": {
      "%": 17.808477,
      "v": 3777
    },
    "Cavan": {
      "%": 17.29841,
      "v": 4874
    },
    "Clare": {
      "%": 22.340874,
      "v": 10084
    },
    "Cork": {
      "%": 23.838768,
      "v": 48017
    },
    "Donegal": {
      "%": 19.029202,
      "v": 11710
    },
    "Dublin City": {
      "%": 27.901625,
      "v": 60366
    },
    "Dublin County": {
      "%": 28.946535,
      "v": 80531
    },
    "Galway": {
      "%": 26.670475,
      "v": 26144
    },
    "Kerry": {
      "%": 20.447777,
      "v": 11809
    },
    "Kildare": {
      "%": 24.361206,
      "v": 19030
    },
    "Kilkenny": {
      "%": 21.681356,
      "v": 7995
    },
    "Laois": {
      "%": 18.628061,
      "v": 5681
    },
    "Leitrim": {
      "%": 20.677885,
      "v": 2605
    },
    "Limerick City and County": {
      "%": 19.927891,
      "v": 15089
    },
    "Longford": {
      "%": 16.820307,
      "v": 2518
    },
    "Louth": {
      "%": 19.235931,
      "v": 8887
    },
    "Mayo": {
      "%": 19.67926,
      "v": 10136
    },
    "Meath": {
      "%": 22.158039,
      "v": 15075
    },
    "Monaghan": {
      "%": 17.837515,
      "v": 4187
    },
    "Offaly": {
      "%": 17.030449,
      "v": 4978
    },
    "Roscommon": {
      "%": 19.457954,
      "v": 4961
    },
    "Sligo": {
      "%": 22.921051,
      "v": 5882
    },
    "Tipperary": {
      "%": 18.285797,
      "v": 11335
    },
    "Waterford City and County": {
      "%": 20.019144,
      "v": 8784
    },
    "Westmeath": {
      "%": 20.5539,
      "v": 6761
    },
    "Wexford": {
      "%": 17.637217,
      "v": 9698
    },
    "Wicklow": {
      "%": 23.934921,
      "v": 12343
    }
  }
}