{
  "original_file": "Ireland_2011.csv",
  "year": 2011,
  "country": "IE",
  "var": "ed_isced_3to5",
  "data": {
    "Carlow": {
      "%": 34.36403,
      "v": 14592
    },
    "Cavan": {
      "%": 34.57668,
      "v": 19346
    },
    "Clare": {
      "%": 35.49361,
      "v": 32340
    },
    "Cork": {
      "%": 33.54292,
      "v": 137368
    },
    "Donegal": {
      "%": 30.0947,
      "v": 37374
    },
    "Dublin City": {
      "%": 24.65688,
      "v": 110360
    },
    "Dublin County": {
      "%": 33.60644,
      "v": 194996
    },
    "Galway": {
      "%": 32.07384,
      "v": 63656
    },
    "Kerry": {
      "%": 34.81705,
      "v": 40440
    },
    "Kildare": {
      "%": 35.42937,
      "v": 56242
    },
    "Kilkenny": {
      "%": 35.6216,
      "v": 26438
    },
    "Laois": {
      "%": 36.39811,
      "v": 22074
    },
    "Leitrim": {
      "%": 34.32722,
      "v": 8554
    },
    "Limerick City and County": {
      "%": 32.95427,
      "v": 50336
    },
    "Longford": {
      "%": 35.43983,
      "v": 10616
    },
    "Louth": {
      "%": 32.58237,
      "v": 30704
    },
    "Mayo": {
      "%": 34.9112,
      "v": 36072
    },
    "Meath": {
      "%": 37.23859,
      "v": 51266
    },
    "Monaghan": {
      "%": 33.04322,
      "v": 15528
    },
    "Offaly": {
      "%": 35.40489,
      "v": 20794
    },
    "Roscommon": {
      "%": 36.29197,
      "v": 18322
    },
    "Sligo": {
      "%": 33.39454,
      "v": 17460
    },
    "Tipperary": {
      "%": 36.27943,
      "v": 45120
    },
    "Waterford City and County": {
      "%": 34.42919,
      "v": 30716
    },
    "Westmeath": {
      "%": 34.21258,
      "v": 22828
    },
    "Wexford": {
      "%": 36.36687,
      "v": 40824
    },
    "Wicklow": {
      "%": 35.25619,
      "v": 37184
    }
  }
}