{
  "original_file": "Ireland_2011.csv",
  "year": 2011,
  "country": "IE",
  "var": "ed_isced_3to5_m",
  "data": {
    "Carlow": {
      "%": 34.40049,
      "v": 7296
    },
    "Cavan": {
      "%": 34.330635,
      "v": 9673
    },
    "Clare": {
      "%": 35.824268,
      "v": 16170
    },
    "Cork": {
      "%": 34.099213,
      "v": 68684
    },
    "Donegal": {
      "%": 30.367096,
      "v": 18687
    },
    "Dublin City": {
      "%": 25.504616,
      "v": 55180
    },
    "Dublin County": {
      "%": 35.045254,
      "v": 97498
    },
    "Galway": {
      "%": 32.468937,
      "v": 31828
    },
    "Kerry": {
      "%": 35.011776,
      "v": 20220
    },
    "Kildare": {
      "%": 35.999027,
      "v": 28121
    },
    "Kilkenny": {
      "%": 35.848137,
      "v": 13219
    },
    "Laois": {
      "%": 36.190445,
      "v": 11037
    },
    "Leitrim": {
      "%": 33.949833,
      "v": 4277
    },
    "Limerick City and County": {
      "%": 33.239124,
      "v": 25168
    },
    "Longford": {
      "%": 35.457581,
      "v": 5308
    },
    "Louth": {
      "%": 33.229439,
      "v": 15352
    },
    "Mayo": {
      "%": 35.017281,
      "v": 18036
    },
    "Meath": {
      "%": 37.67675,
      "v": 25633
    },
    "Monaghan": {
      "%": 33.076302,
      "v": 7764
    },
    "Offaly": {
      "%": 35.569622,
      "v": 10397
    },
    "Roscommon": {
      "%": 35.931126,
      "v": 9161
    },
    "Sligo": {
      "%": 34.019173,
      "v": 8730
    },
    "Tipperary": {
      "%": 36.394142,
      "v": 22560
    },
    "Waterford City and County": {
      "%": 35.001595,
      "v": 15358
    },
    "Westmeath": {
      "%": 34.699337,
      "v": 11414
    },
    "Wexford": {
      "%": 37.122177,
      "v": 20412
    },
    "Wicklow": {
      "%": 36.052666,
      "v": 18592
    }
  }
}