{
  "original_file": "Ireland_2011.csv",
  "year": 2011,
  "country": "IE",
  "var": "ed_isced_0to2_f",
  "data": {
    "Carlow": {
      "%": 25.703398,
      "v": 5463
    },
    "Cavan": {
      "%": 27.085508,
      "v": 7523
    },
    "Clare": {
      "%": 22.643438,
      "v": 10411
    },
    "Cork": {
      "%": 23.572235,
      "v": 49055
    },
    "Donegal": {
      "%": 32.242104,
      "v": 20200
    },
    "Dublin City": {
      "%": 25.547724,
      "v": 59074
    },
    "Dublin County": {
      "%": 20.061716,
      "v": 60592
    },
    "Galway": {
      "%": 20.293505,
      "v": 20383
    },
    "Kerry": {
      "%": 25.535122,
      "v": 14912
    },
    "Kildare": {
      "%": 21.132856,
      "v": 17039
    },
    "Kilkenny": {
      "%": 25.029455,
      "v": 9347
    },
    "Laois": {
      "%": 24.982586,
      "v": 7532
    },
    "Leitrim": {
      "%": 25.647268,
      "v": 3160
    },
    "Limerick City and County": {
      "%": 25.696184,
      "v": 19793
    },
    "Longford": {
      "%": 27.253922,
      "v": 4084
    },
    "Louth": {
      "%": 29.682524,
      "v": 14258
    },
    "Mayo": {
      "%": 27.895174,
      "v": 14455
    },
    "Meath": {
      "%": 22.890787,
      "v": 15940
    },
    "Monaghan": {
      "%": 30.429422,
      "v": 7157
    },
    "Offaly": {
      "%": 28.889566,
      "v": 8523
    },
    "Roscommon": {
      "%": 25.719316,
      "v": 6427
    },
    "Sligo": {
      "%": 22.601608,
      "v": 6017
    },
    "Tipperary": {
      "%": 26.837128,
      "v": 16741
    },
    "Waterford City and County": {
      "%": 26.490505,
      "v": 12010
    },
    "Westmeath": {
      "%": 24.921667,
      "v": 8431
    },
    "Wexford": {
      "%": 30.396368,
      "v": 17408
    },
    "Wicklow": {
      "%": 23.454981,
      "v": 12642
    }
  }
}