{
  "original_file": "Ireland_2011.csv",
  "year": 2011,
  "country": "IE",
  "var": "ed_isced_6to8_f",
  "data": {
    "Carlow": {
      "%": 17.770773,
      "v": 3777
    },
    "Cavan": {
      "%": 17.548155,
      "v": 4874
    },
    "Clare": {
      "%": 21.932228,
      "v": 10084
    },
    "Cork": {
      "%": 23.073448,
      "v": 48017
    },
    "Donegal": {
      "%": 18.690844,
      "v": 11710
    },
    "Dublin City": {
      "%": 26.106474,
      "v": 60366
    },
    "Dublin County": {
      "%": 26.663422,
      "v": 80531
    },
    "Galway": {
      "%": 26.029211,
      "v": 26144
    },
    "Kerry": {
      "%": 20.221582,
      "v": 11809
    },
    "Kildare": {
      "%": 23.602222,
      "v": 19030
    },
    "Kilkenny": {
      "%": 21.409061,
      "v": 7995
    },
    "Laois": {
      "%": 18.843079,
      "v": 5681
    },
    "Leitrim": {
      "%": 21.142765,
      "v": 2605
    },
    "Limerick City and County": {
      "%": 19.589235,
      "v": 15089
    },
    "Longford": {
      "%": 16.803471,
      "v": 2518
    },
    "Louth": {
      "%": 18.501093,
      "v": 8887
    },
    "Mayo": {
      "%": 19.560392,
      "v": 10136
    },
    "Meath": {
      "%": 21.648596,
      "v": 15075
    },
    "Monaghan": {
      "%": 17.80187,
      "v": 4187
    },
    "Offaly": {
      "%": 16.873432,
      "v": 4978
    },
    "Roscommon": {
      "%": 19.852736,
      "v": 4961
    },
    "Sligo": {
      "%": 22.094509,
      "v": 5882
    },
    "Tipperary": {
      "%": 18.170889,
      "v": 11335
    },
    "Waterford City and County": {
      "%": 19.374903,
      "v": 8784
    },
    "Westmeath": {
      "%": 19.98522,
      "v": 6761
    },
    "Wexford": {
      "%": 16.933823,
      "v": 9698
    },
    "Wicklow": {
      "%": 22.90024,
      "v": 12343
    }
  }
}