{
  "original_file": "Ireland_2011.csv",
  "year": 2011,
  "country": "IE",
  "var": "ed_isced_6to8_f",
  "data": {
    "Carlow": {
      "%": 17.77077,
      "v": 3777
    },
    "Cavan": {
      "%": 17.54815,
      "v": 4874
    },
    "Clare": {
      "%": 21.93223,
      "v": 10084
    },
    "Cork": {
      "%": 23.07345,
      "v": 48017
    },
    "Donegal": {
      "%": 18.69084,
      "v": 11710
    },
    "Dublin City": {
      "%": 26.10647,
      "v": 60366
    },
    "Dublin County": {
      "%": 26.66342,
      "v": 80531
    },
    "Galway": {
      "%": 26.02921,
      "v": 26144
    },
    "Kerry": {
      "%": 20.22158,
      "v": 11809
    },
    "Kildare": {
      "%": 23.60222,
      "v": 19030
    },
    "Kilkenny": {
      "%": 21.40906,
      "v": 7995
    },
    "Laois": {
      "%": 18.84308,
      "v": 5681
    },
    "Leitrim": {
      "%": 21.14277,
      "v": 2605
    },
    "Limerick City and County": {
      "%": 19.58924,
      "v": 15089
    },
    "Longford": {
      "%": 16.80347,
      "v": 2518
    },
    "Louth": {
      "%": 18.50109,
      "v": 8887
    },
    "Mayo": {
      "%": 19.56039,
      "v": 10136
    },
    "Meath": {
      "%": 21.6486,
      "v": 15075
    },
    "Monaghan": {
      "%": 17.80187,
      "v": 4187
    },
    "Offaly": {
      "%": 16.87343,
      "v": 4978
    },
    "Roscommon": {
      "%": 19.85274,
      "v": 4961
    },
    "Sligo": {
      "%": 22.09451,
      "v": 5882
    },
    "Tipperary": {
      "%": 18.17089,
      "v": 11335
    },
    "Waterford City and County": {
      "%": 19.3749,
      "v": 8784
    },
    "Westmeath": {
      "%": 19.98522,
      "v": 6761
    },
    "Wexford": {
      "%": 16.93382,
      "v": 9698
    },
    "Wicklow": {
      "%": 22.90024,
      "v": 12343
    }
  }
}