{
  "original_file": "Ireland_2011.csv",
  "year": 2011,
  "country": "IE",
  "var": "ed_isced_0to2",
  "data": {
    "Carlow": {
      "%": 25.73064,
      "v": 10926
    },
    "Cavan": {
      "%": 26.89139,
      "v": 15046
    },
    "Clare": {
      "%": 22.85244,
      "v": 20822
    },
    "Cork": {
      "%": 23.95679,
      "v": 98110
    },
    "Donegal": {
      "%": 32.53132,
      "v": 40400
    },
    "Dublin City": {
      "%": 26.39689,
      "v": 118148
    },
    "Dublin County": {
      "%": 20.88537,
      "v": 121184
    },
    "Galway": {
      "%": 20.54044,
      "v": 40766
    },
    "Kerry": {
      "%": 25.67714,
      "v": 29824
    },
    "Kildare": {
      "%": 21.46727,
      "v": 34078
    },
    "Kilkenny": {
      "%": 25.18762,
      "v": 18694
    },
    "Laois": {
      "%": 24.83923,
      "v": 15064
    },
    "Leitrim": {
      "%": 25.36217,
      "v": 6320
    },
    "Limerick City and County": {
      "%": 25.9164,
      "v": 39586
    },
    "Longford": {
      "%": 27.26757,
      "v": 8168
    },
    "Louth": {
      "%": 30.26052,
      "v": 28516
    },
    "Mayo": {
      "%": 27.97968,
      "v": 28910
    },
    "Meath": {
      "%": 23.15699,
      "v": 31880
    },
    "Monaghan": {
      "%": 30.45986,
      "v": 14314
    },
    "Offaly": {
      "%": 29.02336,
      "v": 17046
    },
    "Roscommon": {
      "%": 25.46103,
      "v": 12854
    },
    "Sligo": {
      "%": 23.0166,
      "v": 12034
    },
    "Tipperary": {
      "%": 26.92172,
      "v": 33482
    },
    "Waterford City and County": {
      "%": 26.92372,
      "v": 24020
    },
    "Westmeath": {
      "%": 25.27127,
      "v": 16862
    },
    "Wexford": {
      "%": 31.01482,
      "v": 34816
    },
    "Wicklow": {
      "%": 23.97315,
      "v": 25284
    }
  }
}