{
  "original_file": "Ireland_2011.csv",
  "year": 2011,
  "country": "IE",
  "var": "ed_isced_0to2_m",
  "data": {
    "Carlow": {
      "%": 25.757933,
      "v": 5463
    },
    "Cavan": {
      "%": 26.700027,
      "v": 7523
    },
    "Clare": {
      "%": 23.065334,
      "v": 10411
    },
    "Cork": {
      "%": 24.354099,
      "v": 49055
    },
    "Donegal": {
      "%": 32.825779,
      "v": 20200
    },
    "Dublin City": {
      "%": 27.304451,
      "v": 59074
    },
    "Dublin County": {
      "%": 21.779545,
      "v": 60592
    },
    "Galway": {
      "%": 20.793463,
      "v": 20383
    },
    "Kerry": {
      "%": 25.820751,
      "v": 14912
    },
    "Kildare": {
      "%": 21.812433,
      "v": 17039
    },
    "Kilkenny": {
      "%": 25.347797,
      "v": 9347
    },
    "Laois": {
      "%": 24.697512,
      "v": 7532
    },
    "Leitrim": {
      "%": 25.083347,
      "v": 3160
    },
    "Limerick City and County": {
      "%": 26.140415,
      "v": 19793
    },
    "Longford": {
      "%": 27.281229,
      "v": 4084
    },
    "Louth": {
      "%": 30.861471,
      "v": 14258
    },
    "Mayo": {
      "%": 28.064692,
      "v": 14455
    },
    "Meath": {
      "%": 23.429462,
      "v": 15940
    },
    "Monaghan": {
      "%": 30.490351,
      "v": 7157
    },
    "Offaly": {
      "%": 29.1584,
      "v": 8523
    },
    "Roscommon": {
      "%": 25.207876,
      "v": 6427
    },
    "Sligo": {
      "%": 23.447121,
      "v": 6017
    },
    "Tipperary": {
      "%": 27.00684,
      "v": 16741
    },
    "Waterford City and County": {
      "%": 27.371347,
      "v": 12010
    },
    "Westmeath": {
      "%": 25.630814,
      "v": 8431
    },
    "Wexford": {
      "%": 31.658968,
      "v": 17408
    },
    "Wicklow": {
      "%": 24.514729,
      "v": 12642
    }
  }
}