{
  "original_file": "Ireland_2011.csv",
  "year": 2011,
  "country": "IE",
  "var": "ed_isced_0to2_m",
  "data": {
    "IE_lau_1": {
      "%": 25.757933,
      "v": 5463
    },
    "IE_lau_2": {
      "%": 26.700027,
      "v": 7523
    },
    "IE_lau_3": {
      "%": 23.065334,
      "v": 10411
    },
    "IE_lau_4": {
      "%": 24.354099,
      "v": 49055
    },
    "IE_lau_5": {
      "%": 32.825779,
      "v": 20200
    },
    "IE_lau_6": {
      "%": 27.304451,
      "v": 59074
    },
    "IE_lau_7": {
      "%": 21.779545,
      "v": 60592
    },
    "IE_lau_8": {
      "%": 20.793463,
      "v": 20383
    },
    "IE_lau_9": {
      "%": 25.820751,
      "v": 14912
    },
    "IE_lau_10": {
      "%": 21.812433,
      "v": 17039
    },
    "IE_lau_11": {
      "%": 25.347797,
      "v": 9347
    },
    "IE_lau_12": {
      "%": 24.697512,
      "v": 7532
    },
    "IE_lau_13": {
      "%": 25.083347,
      "v": 3160
    },
    "IE_lau_14": {
      "%": 26.140415,
      "v": 19793
    },
    "IE_lau_15": {
      "%": 27.281229,
      "v": 4084
    },
    "IE_lau_16": {
      "%": 30.861471,
      "v": 14258
    },
    "IE_lau_17": {
      "%": 28.064692,
      "v": 14455
    },
    "IE_lau_18": {
      "%": 23.429462,
      "v": 15940
    },
    "IE_lau_19": {
      "%": 30.490351,
      "v": 7157
    },
    "IE_lau_20": {
      "%": 29.1584,
      "v": 8523
    },
    "IE_lau_21": {
      "%": 25.207876,
      "v": 6427
    },
    "IE_lau_22": {
      "%": 23.447121,
      "v": 6017
    },
    "IE_lau_23": {
      "%": 27.00684,
      "v": 16741
    },
    "IE_lau_24": {
      "%": 27.371347,
      "v": 12010
    },
    "IE_lau_25": {
      "%": 25.630814,
      "v": 8431
    },
    "IE_lau_26": {
      "%": 31.658968,
      "v": 17408
    },
    "IE_lau_27": {
      "%": 24.514729,
      "v": 12642
    }
  }
}