{
  "original_file": "Ireland_2011.csv",
  "year": 2011,
  "country": "IE",
  "var": "ed_isced_3to5",
  "data": {
    "Carlow": {
      "%": 34.364033,
      "v": 14592
    },
    "Cavan": {
      "%": 34.576683,
      "v": 19346
    },
    "Clare": {
      "%": 35.493607,
      "v": 32340
    },
    "Cork": {
      "%": 33.542923,
      "v": 137368
    },
    "Donegal": {
      "%": 30.094696,
      "v": 37374
    },
    "Dublin City": {
      "%": 24.656879,
      "v": 110360
    },
    "Dublin County": {
      "%": 33.606441,
      "v": 194996
    },
    "Galway": {
      "%": 32.073845,
      "v": 63656
    },
    "Kerry": {
      "%": 34.817047,
      "v": 40440
    },
    "Kildare": {
      "%": 35.429371,
      "v": 56242
    },
    "Kilkenny": {
      "%": 35.621605,
      "v": 26438
    },
    "Laois": {
      "%": 36.398113,
      "v": 22074
    },
    "Leitrim": {
      "%": 34.327221,
      "v": 8554
    },
    "Limerick City and County": {
      "%": 32.954269,
      "v": 50336
    },
    "Longford": {
      "%": 35.439827,
      "v": 10616
    },
    "Louth": {
      "%": 32.582375,
      "v": 30704
    },
    "Mayo": {
      "%": 34.911201,
      "v": 36072
    },
    "Meath": {
      "%": 37.238594,
      "v": 51266
    },
    "Monaghan": {
      "%": 33.043221,
      "v": 15528
    },
    "Offaly": {
      "%": 35.404888,
      "v": 20794
    },
    "Roscommon": {
      "%": 36.291969,
      "v": 18322
    },
    "Sligo": {
      "%": 33.394539,
      "v": 17460
    },
    "Tipperary": {
      "%": 36.27943,
      "v": 45120
    },
    "Waterford City and County": {
      "%": 34.429188,
      "v": 30716
    },
    "Westmeath": {
      "%": 34.212578,
      "v": 22828
    },
    "Wexford": {
      "%": 36.366875,
      "v": 40824
    },
    "Wicklow": {
      "%": 35.256191,
      "v": 37184
    }
  }
}