{
  "original_file": "Ireland_2011.csv",
  "year": 2011,
  "country": "IE",
  "var": "ed_isced_3to5_m",
  "data": {
    "Carlow": {
      "%": 34.40049,
      "v": 7296
    },
    "Cavan": {
      "%": 34.33064,
      "v": 9673
    },
    "Clare": {
      "%": 35.82427,
      "v": 16170
    },
    "Cork": {
      "%": 34.09921,
      "v": 68684
    },
    "Donegal": {
      "%": 30.3671,
      "v": 18687
    },
    "Dublin City": {
      "%": 25.50462,
      "v": 55180
    },
    "Dublin County": {
      "%": 35.04525,
      "v": 97498
    },
    "Galway": {
      "%": 32.46894,
      "v": 31828
    },
    "Kerry": {
      "%": 35.01178,
      "v": 20220
    },
    "Kildare": {
      "%": 35.99903,
      "v": 28121
    },
    "Kilkenny": {
      "%": 35.84814,
      "v": 13219
    },
    "Laois": {
      "%": 36.19044,
      "v": 11037
    },
    "Leitrim": {
      "%": 33.94983,
      "v": 4277
    },
    "Limerick City and County": {
      "%": 33.23912,
      "v": 25168
    },
    "Longford": {
      "%": 35.45758,
      "v": 5308
    },
    "Louth": {
      "%": 33.22944,
      "v": 15352
    },
    "Mayo": {
      "%": 35.01728,
      "v": 18036
    },
    "Meath": {
      "%": 37.67675,
      "v": 25633
    },
    "Monaghan": {
      "%": 33.0763,
      "v": 7764
    },
    "Offaly": {
      "%": 35.56962,
      "v": 10397
    },
    "Roscommon": {
      "%": 35.93113,
      "v": 9161
    },
    "Sligo": {
      "%": 34.01917,
      "v": 8730
    },
    "Tipperary": {
      "%": 36.39414,
      "v": 22560
    },
    "Waterford City and County": {
      "%": 35.00159,
      "v": 15358
    },
    "Westmeath": {
      "%": 34.69934,
      "v": 11414
    },
    "Wexford": {
      "%": 37.12218,
      "v": 20412
    },
    "Wicklow": {
      "%": 36.05267,
      "v": 18592
    }
  }
}