{
  "original_file": "Ireland_2011.csv",
  "year": 2011,
  "country": "IE",
  "var": "ed_isced_3to5_f",
  "data": {
    "Carlow": {
      "%": 34.327656,
      "v": 7296
    },
    "Cavan": {
      "%": 34.826283,
      "v": 9673
    },
    "Clare": {
      "%": 35.168995,
      "v": 16170
    },
    "Cork": {
      "%": 33.004494,
      "v": 68684
    },
    "Donegal": {
      "%": 29.827137,
      "v": 18687
    },
    "Dublin City": {
      "%": 23.863686,
      "v": 55180
    },
    "Dublin County": {
      "%": 32.281113,
      "v": 97498
    },
    "Galway": {
      "%": 31.688255,
      "v": 31828
    },
    "Kerry": {
      "%": 34.624474,
      "v": 20220
    },
    "Kildare": {
      "%": 34.87746,
      "v": 28121
    },
    "Kilkenny": {
      "%": 35.397923,
      "v": 13219
    },
    "Laois": {
      "%": 36.608181,
      "v": 11037
    },
    "Leitrim": {
      "%": 34.713093,
      "v": 4277
    },
    "Limerick City and County": {
      "%": 32.674255,
      "v": 25168
    },
    "Longford": {
      "%": 35.422089,
      "v": 5308
    },
    "Louth": {
      "%": 31.96003,
      "v": 15352
    },
    "Mayo": {
      "%": 34.805767,
      "v": 18036
    },
    "Meath": {
      "%": 36.810513,
      "v": 25633
    },
    "Monaghan": {
      "%": 33.010204,
      "v": 7764
    },
    "Offaly": {
      "%": 35.24168,
      "v": 10397
    },
    "Roscommon": {
      "%": 36.66013,
      "v": 9161
    },
    "Sligo": {
      "%": 32.792427,
      "v": 8730
    },
    "Tipperary": {
      "%": 36.165436,
      "v": 22560
    },
    "Waterford City and County": {
      "%": 33.875202,
      "v": 15358
    },
    "Westmeath": {
      "%": 33.739285,
      "v": 11414
    },
    "Wexford": {
      "%": 35.641697,
      "v": 20412
    },
    "Wicklow": {
      "%": 34.494148,
      "v": 18592
    }
  }
}