{
  "original_file": "Greece_1971.csv",
  "year": 1971,
  "country": "GR",
  "var": "ed_isced_6to8",
  "data": {
    "EL301": {
      "%": 4.5463085,
      "v": 7260
    },
    "EL302": {
      "%": 1.1763349,
      "v": 3060
    },
    "EL303": {
      "%": 8.9130878,
      "v": 83570
    },
    "EL304": {
      "%": 4.7594314,
      "v": 10080
    },
    "EL305": {
      "%": 1.350722,
      "v": 1160
    },
    "EL306": {
      "%": 1.1235955,
      "v": 620
    },
    "EL307": {
      "%": 1.8086395,
      "v": 6720
    },
    "EL411": {
      "%": 1.7177914,
      "v": 1540
    },
    "EL412": {
      "%": 1.2169151,
      "v": 400
    },
    "EL413": {
      "%": 1.2967033,
      "v": 590
    },
    "EL421": {
      "%": 2.2559171,
      "v": 1830
    },
    "EL422": {
      "%": 1.4634147,
      "v": 960
    },
    "EL431": {
      "%": 1.9655358,
      "v": 2920
    },
    "EL432": {
      "%": 2.1011672,
      "v": 1080
    },
    "EL433": {
      "%": 2.1369486,
      "v": 930
    },
    "EL434": {
      "%": 2.3529413,
      "v": 1940
    },
    "EL511": {
      "%": 1.8063967,
      "v": 1700
    },
    "EL512": {
      "%": 1.5888027,
      "v": 840
    },
    "EL513": {
      "%": 1.5165625,
      "v": 1140
    },
    "EL514": {
      "%": 2.139384,
      "v": 1320
    },
    "EL515": {
      "%": 2.3074312,
      "v": 2040
    },
    "EL521": {
      "%": 1.6500061,
      "v": 1370
    },
    "EL522": {
      "%": 3.599977,
      "v": 18690
    },
    "EL523": {
      "%": 1.4204545,
      "v": 750
    },
    "EL524": {
      "%": 1.6097949,
      "v": 1420
    },
    "EL525": {
      "%": 1.7789073,
      "v": 1120
    },
    "EL526": {
      "%": 1.7857143,
      "v": 2470
    },
    "EL527": {
      "%": 1.1315933,
      "v": 620
    },
    "EL531": {
      "%": 1.7823724,
      "v": 2000
    },
    "EL532": {
      "%": 2.0123336,
      "v": 620
    },
    "EL533": {
      "%": 2.482461,
      "v": 920
    },
    "EL541": {
      "%": 1.7938188,
      "v": 1660
    },
    "EL542": {
      "%": 2.1052632,
      "v": 560
    },
    "EL543": {
      "%": 2.6736259,
      "v": 2510
    },
    "EL611": {
      "%": 1.6696895,
      "v": 3130
    },
    "EL612": {
      "%": 2.1608281,
      "v": 3590
    },
    "EL613": {
      "%": 1.6139657,
      "v": 1960
    },
    "EL621": {
      "%": 1.1904762,
      "v": 260
    },
    "EL622": {
      "%": 1.7506405,
      "v": 1230
    },
    "EL623": {
      "%": 2.3282013,
      "v": 620
    },
    "EL624": {
      "%": 1.6145834,
      "v": 310
    },
    "EL631": {
      "%": 1.6516614,
      "v": 2550
    },
    "EL632": {
      "%": 2.2104018,
      "v": 3740
    },
    "EL633": {
      "%": 1.5472028,
      "v": 1770
    },
    "EL641": {
      "%": 1.5028902,
      "v": 1170
    },
    "EL642": {
      "%": 1.5396701,
      "v": 1960
    },
    "EL643": {
      "%": 1.0793308,
      "v": 200
    },
    "EL644": {
      "%": 1.570773,
      "v": 1780
    },
    "EL645": {
      "%": 1.6321406,
      "v": 520
    },
    "EL651": {
      "%": 1.6132412,
      "v": 2310
    },
    "EL652": {
      "%": 2.1723213,
      "v": 1780
    },
    "EL653": {
      "%": 1.6664095,
      "v": 3240
    }
  }
}