{
  "original_file": "Greece_1971.csv",
  "year": 1971,
  "country": "GR",
  "var": "ed_isced_3to5_f",
  "data": {
    "EL300": {
      "%": 20.741343,
      "v": 224720
    },
    "EL411": {
      "%": 4.076087,
      "v": 1950
    },
    "EL412": {
      "%": 4.6127563,
      "v": 810
    },
    "EL413": {
      "%": 7.757092,
      "v": 1750
    },
    "EL421": {
      "%": 6.1648579,
      "v": 2670
    },
    "EL422": {
      "%": 4.3819885,
      "v": 1450
    },
    "EL431": {
      "%": 5.5836282,
      "v": 4420
    },
    "EL432": {
      "%": 4.3241277,
      "v": 1190
    },
    "EL433": {
      "%": 3.6796536,
      "v": 850
    },
    "EL434": {
      "%": 8.2723951,
      "v": 3620
    },
    "EL511": {
      "%": 3.8560922,
      "v": 1940
    },
    "EL512": {
      "%": 3.3158813,
      "v": 950
    },
    "EL513": {
      "%": 2.7397261,
      "v": 1100
    },
    "EL514": {
      "%": 4.0926871,
      "v": 1360
    },
    "EL515": {
      "%": 6.0382915,
      "v": 2870
    },
    "EL521": {
      "%": 4.6064816,
      "v": 1990
    },
    "EL522": {
      "%": 15.163843,
      "v": 41000
    },
    "EL523": {
      "%": 2.7295284,
      "v": 770
    },
    "EL524": {
      "%": 3.3609776,
      "v": 1540
    },
    "EL525": {
      "%": 3.2960386,
      "v": 1090
    },
    "EL526": {
      "%": 3.5962403,
      "v": 2640
    },
    "EL527": {
      "%": 2.9528267,
      "v": 820
    },
    "EL531": {
      "%": 3.6486709,
      "v": 2210
    },
    "EL532": {
      "%": 3.2515337,
      "v": 530
    },
    "EL533": {
      "%": 4.418262,
      "v": 900
    },
    "EL541": {
      "%": 2.7935143,
      "v": 1430
    },
    "EL542": {
      "%": 2.1390374,
      "v": 320
    },
    "EL543": {
      "%": 6.2715106,
      "v": 3280
    },
    "EL611": {
      "%": 2.8832769,
      "v": 2900
    },
    "EL612": {
      "%": 4.7094307,
      "v": 4060
    },
    "EL613": {
      "%": 6.0788865,
      "v": 3930
    },
    "EL621": {
      "%": 3.4358046,
      "v": 380
    },
    "EL622": {
      "%": 4.9870801,
      "v": 1930
    },
    "EL623": {
      "%": 6.512301,
      "v": 900
    },
    "EL624": {
      "%": 2.8116214,
      "v": 300
    },
    "EL631": {
      "%": 3.4537082,
      "v": 2850
    },
    "EL632": {
      "%": 8.5678043,
      "v": 7430
    },
    "EL633": {
      "%": 3.5128806,
      "v": 2100
    },
    "EL641": {
      "%": 5.115346,
      "v": 2040
    },
    "EL642": {
      "%": 4.1842899,
      "v": 2770
    },
    "EL643": {
      "%": 1.5340364,
      "v": 160
    },
    "EL644": {
      "%": 3.1828029,
      "v": 1910
    },
    "EL645": {
      "%": 4.0469208,
      "v": 690
    },
    "EL651": {
      "%": 4.2521396,
      "v": 3130
    },
    "EL652": {
      "%": 5.6112704,
      "v": 2350
    },
    "EL653": {
      "%": 3.6125758,
      "v": 3700
    }
  }
}