{
  "original_file": "Greece_1971.csv",
  "year": 1971,
  "country": "GR",
  "var": "ed_isced_6to8_f",
  "data": {
    "EL301": {
      "%": 2.4190636,
      "v": 2010
    },
    "EL302": {
      "%": 0.59505647,
      "v": 780
    },
    "EL303": {
      "%": 4.3709869,
      "v": 21580
    },
    "EL304": {
      "%": 2.4772542,
      "v": 2750
    },
    "EL305": {
      "%": 0.67254174,
      "v": 290
    },
    "EL306": {
      "%": 0.49875313,
      "v": 140
    },
    "EL307": {
      "%": 1.1791477,
      "v": 2280
    },
    "EL411": {
      "%": 0.91973245,
      "v": 440
    },
    "EL412": {
      "%": 0.51252848,
      "v": 90
    },
    "EL413": {
      "%": 0.93085104,
      "v": 210
    },
    "EL421": {
      "%": 1.3160933,
      "v": 570
    },
    "EL422": {
      "%": 0.8461771,
      "v": 280
    },
    "EL431": {
      "%": 1.2127337,
      "v": 960
    },
    "EL432": {
      "%": 1.1264535,
      "v": 310
    },
    "EL433": {
      "%": 1.7316017,
      "v": 400
    },
    "EL434": {
      "%": 1.2797076,
      "v": 560
    },
    "EL511": {
      "%": 1.0534685,
      "v": 530
    },
    "EL512": {
      "%": 0.66317624,
      "v": 190
    },
    "EL513": {
      "%": 0.6724782,
      "v": 270
    },
    "EL514": {
      "%": 1.4444779,
      "v": 480
    },
    "EL515": {
      "%": 1.4306754,
      "v": 680
    },
    "EL521": {
      "%": 1.1342592,
      "v": 490
    },
    "EL522": {
      "%": 2.2597826,
      "v": 6110
    },
    "EL523": {
      "%": 0.70896846,
      "v": 200
    },
    "EL524": {
      "%": 1.1567001,
      "v": 530
    },
    "EL525": {
      "%": 1.3909888,
      "v": 460
    },
    "EL526": {
      "%": 1.2804796,
      "v": 940
    },
    "EL527": {
      "%": 1.0442924,
      "v": 290
    },
    "EL531": {
      "%": 0.90804029,
      "v": 550
    },
    "EL532": {
      "%": 1.3496933,
      "v": 220
    },
    "EL533": {
      "%": 2.2582228,
      "v": 460
    },
    "EL541": {
      "%": 1.1721039,
      "v": 600
    },
    "EL542": {
      "%": 1.4705882,
      "v": 220
    },
    "EL543": {
      "%": 1.2810707,
      "v": 670
    },
    "EL611": {
      "%": 1.1831378,
      "v": 1190
    },
    "EL612": {
      "%": 1.3455516,
      "v": 1160
    },
    "EL613": {
      "%": 0.68058777,
      "v": 440
    },
    "EL621": {
      "%": 0.90415913,
      "v": 100
    },
    "EL622": {
      "%": 1.0594316,
      "v": 410
    },
    "EL623": {
      "%": 1.3748192,
      "v": 190
    },
    "EL624": {
      "%": 1.2183692,
      "v": 130
    },
    "EL631": {
      "%": 1.2724189,
      "v": 1050
    },
    "EL632": {
      "%": 1.3722324,
      "v": 1190
    },
    "EL633": {
      "%": 1.2713282,
      "v": 760
    },
    "EL641": {
      "%": 0.80240721,
      "v": 320
    },
    "EL642": {
      "%": 0.87613291,
      "v": 580
    },
    "EL643": {
      "%": 0.67114097,
      "v": 70
    },
    "EL644": {
      "%": 1.0331612,
      "v": 620
    },
    "EL645": {
      "%": 0.76246333,
      "v": 130
    },
    "EL651": {
      "%": 0.91020244,
      "v": 670
    },
    "EL652": {
      "%": 1.3849093,
      "v": 580
    },
    "EL653": {
      "%": 1.0251904,
      "v": 1050
    }
  }
}