{
  "original_file": "Greece_1971.csv",
  "year": 1971,
  "country": "GR",
  "var": "ed_isced_0to2_f",
  "data": {
    "Municipality of Thermaikos": {
      "%": 96.52174,
      "v": 1110
    },
    "EL532": {
      "%": 92.51534,
      "v": 15080
    },
    "Municipality of Paleo Faliro": {
      "%": 62.51788,
      "v": 8740
    },
    "Municipality of Aghia Varvara": {
      "%": 89.95633,
      "v": 8240
    },
    "EL422": {
      "%": 89.02991,
      "v": 29460
    },
    "Municipality of Kessariani": {
      "%": 78.46975,
      "v": 8820
    },
    "EL531": {
      "%": 89.99505,
      "v": 54510
    },
    "Municipality of Perama": {
      "%": 90.29851,
      "v": 6050
    },
    "EL631": {
      "%": 83.24043,
      "v": 68690
    },
    "Rest of Prefecture Athens": {
      "%": 66.86015,
      "v": 24190
    },
    "EL434": {
      "%": 87.31718,
      "v": 38210
    },
    "EL527": {
      "%": 94.52647,
      "v": 26250
    },
    "Municipality of Peristeri": {
      "%": 87.58765,
      "v": 37470
    },
    "Municipality of Amaroussio": {
      "%": 72.51984,
      "v": 7310
    },
    "Municipality of Glyfada": {
      "%": 74.50524,
      "v": 6400
    },
    "Municipality of Keratsini": {
      "%": 87.40516,
      "v": 23040
    },
    "EL526": {
      "%": 92.9846,
      "v": 68260
    },
    "Municipality of Petroupoli": {
      "%": 91.41566,
      "v": 6070
    },
    "EL632": {
      "%": 82.52998,
      "v": 71570
    },
    "Municipality of Chalandri": {
      "%": 69.70118,
      "v": 10030
    },
    "Municipality of Vyron": {
      "%": 75.66327,
      "v": 14830
    },
    "EL525": {
      "%": 89.47687,
      "v": 29590
    },
    "Municipality of Pireas": {
      "%": 78.37838,
      "v": 58870
    },
    "Municipality of Aghii Anargyri": {
      "%": 84.33476,
      "v": 7860
    },
    "Municipality of Kamatero": {
      "%": 90.50132,
      "v": 3430
    },
    "EL633": {
      "%": 82.92071,
      "v": 49570
    },
    "EL524": {
      "%": 90.22261,
      "v": 41340
    },
    "Municipality of Polichni": {
      "%": 94.25837,
      "v": 5910
    },
    "EL651": {
      "%": 83.62994,
      "v": 61560
    },
    "EL421": {
      "%": 85.0381,
      "v": 36830
    },
    "EL433": {
      "%": 89.26407,
      "v": 20620
    },
    "EL523": {
      "%": 89.04644,
      "v": 25120
    },
    "Municipality of Pylea": {
      "%": 92.74809,
      "v": 2430
    },
    "Municipality of Thessaloniki": {
      "%": 69.65333,
      "v": 96240
    },
    "Rest of Prefecture East Attiki": {
      "%": 86.23262,
      "v": 25430
    },
    "Municipality of Kallithea": {
      "%": 67.33138,
      "v": 22960
    },
    "EL521": {
      "%": 89.12037,
      "v": 38500
    },
    "Municipality of Salamina": {
      "%": 88.84827,
      "v": 4860
    },
    "EL641": {
      "%": 86.98595,
      "v": 34690
    },
    "Municipality of Ano Liossia": {
      "%": 96.32546,
      "v": 3670
    },
    "Municipality of Chaidari": {
      "%": 88.69829,
      "v": 8790
    },
    "EL515": {
      "%": 84.55712,
      "v": 40190
    },
    "Municipality of Stavroupoli": {
      "%": 92.7431,
      "v": 6390
    },
    "Municipality of Aghios Dimitrios": {
      "%": 85.47523,
      "v": 12770
    },
    "EL411": {
      "%": 90.19649,
      "v": 43150
    },
    "Municipality of Kalamaria": {
      "%": 86.61088,
      "v": 12420
    },
    "EL514": {
      "%": 92.3864,
      "v": 30700
    },
    "Municipality of Sykees": {
      "%": 92.75362,
      "v": 8320
    },
    "EL642": {
      "%": 85.04532,
      "v": 56300
    },
    "EL413": {
      "%": 90.33688,
      "v": 20380
    },
    "EL512": {
      "%": 92.63525,
      "v": 26540
    },
    "EL513": {
      "%": 86.27647,
      "v": 34640
    },
    "Municipality of Cholargos": {
      "%": 62.86174,
      "v": 3910
    },
    "Municipality of Aspropyrgos": {
      "%": 92.05479,
      "v": 3360
    },
    "Municipality of Megara": {
      "%": 90.04525,
      "v": 5970
    },
    "EL621": {
      "%": 70.79566,
      "v": 7830
    },
    "EL653": {
      "%": 83.14782,
      "v": 85160
    },
    "EL643": {
      "%": 91.27517,
      "v": 9520
    },
    "Municipality of Athens": {
      "%": 58.92339,
      "v": 211040
    },
    "Municipality of Alimos": {
      "%": 72.31707,
      "v": 5930
    },
    "Municipality of Eleftherio-Kordelio": {
      "%": 95.59748,
      "v": 3040
    },
    "Municipality of Abelokipi": {
      "%": 89.75713,
      "v": 8500
    },
    "Municipality of Galatsi": {
      "%": 80.31189,
      "v": 8240
    },
    "Municipality of Voula": {
      "%": 69.64286,
      "v": 1170
    },
    "Municipality of Ilioupoli": {
      "%": 79.87118,
      "v": 14880
    },
    "Municipality of Elefsina": {
      "%": 88.7538,
      "v": 5840
    },
    "Municipality of Acharnes": {
      "%": 86.11765,
      "v": 7320
    },
    "EL644": {
      "%": 83.00283,
      "v": 49810
    },
    "EL511": {
      "%": 85.68873,
      "v": 43110
    },
    "EL652": {
      "%": 84.78988,
      "v": 35510
    },
    "Municipality of Echedoro": {
      "%": 92.23744,
      "v": 4040
    },
    "Municipality of Aegaleo": {
      "%": 86.56219,
      "v": 25960
    },
    "EL624": {
      "%": 90.81537,
      "v": 9690
    },
    "Municipality of Nikea": {
      "%": 88.62982,
      "v": 30790
    },
    "EL533": {
      "%": 89.44526,
      "v": 18220
    },
    "Municipality of Kifissia": {
      "%": 68.83469,
      "v": 5080
    },
    "Rest of Prefecture West Attiki": {
      "%": 89.72973,
      "v": 6640
    },
    "Rest of Prefecture Pireas": {
      "%": 86.4202,
      "v": 23610
    },
    "Municipality of Neapoli": {
      "%": 89.80527,
      "v": 7840
    },
    "EL541": {
      "%": 72.12346,
      "v": 36920
    },
    "EL645": {
      "%": 76.83285,
      "v": 13100
    },
    "Municipality of Aghia Paraskevi": {
      "%": 72.14612,
      "v": 4740
    },
    "EL623": {
      "%": 87.69899,
      "v": 12120
    },
    "Municipality of Nea Smyrni": {
      "%": 62.13152,
      "v": 10960
    },
    "EL542": {
      "%": 85.16043,
      "v": 12740
    },
    "Municipality of Koropi": {
      "%": 88.9855,
      "v": 3070
    },
    "Rest of Department Thessaloniki": {
      "%": 91.97393,
      "v": 53630
    },
    "Municipality of Dafni": {
      "%": 77.6616,
      "v": 8170
    },
    "Municipality of Nea Philadelfia": {
      "%": 77.87392,
      "v": 6300
    },
    "EL543": {
      "%": 90.70746,
      "v": 47440
    },
    "EL432": {
      "%": 83.50291,
      "v": 22980
    },
    "EL431": {
      "%": 87.37999,
      "v": 69170
    },
    "Municipality of Ilio (Nea Liossia)": {
      "%": 90.50795,
      "v": 17640
    },
    "Municipality of Nea Ionia": {
      "%": 85.96892,
      "v": 18810
    },
    "EL611": {
      "%": 81.62656,
      "v": 82100
    },
    "EL622": {
      "%": 87.77778,
      "v": 33970
    },
    "Municipality of Korydallos": {
      "%": 86.57984,
      "v": 15290
    },
    "Municipality of Argyroupoli": {
      "%": 84.27673,
      "v": 4020
    },
    "Municipality of Moschato": {
      "%": 78.49829,
      "v": 6900
    },
    "EL612": {
      "%": 85.69772,
      "v": 73880
    },
    "Municipality of Zografos": {
      "%": 66.90442,
      "v": 14070
    },
    "EL412": {
      "%": 91.6287,
      "v": 16090
    },
    "Municipality of Vrilissia": {
      "%": 70.58823,
      "v": 960
    },
    "Municipality of Metamorfossi": {
      "%": 90.59968,
      "v": 5590
    },
    "EL613": {
      "%": 86.68214,
      "v": 56040
    },
    "Municipality of Iraklio": {
      "%": 83.40708,
      "v": 7540
    },
    "Municipality of Evosmo": {
      "%": 94.55696,
      "v": 7470
    }
  }
}