{
  "original_file": "Greece_1971.csv",
  "year": 1971,
  "country": "GR",
  "var": "ed_isced_6to8_m",
  "data": {
    "EL300": {
      "%": 8.2773266,
      "v": 82640
    },
    "EL411": {
      "%": 2.6309495,
      "v": 1100
    },
    "EL412": {
      "%": 2.0248203,
      "v": 310
    },
    "EL413": {
      "%": 1.6564952,
      "v": 380
    },
    "EL421": {
      "%": 3.3324518,
      "v": 1260
    },
    "EL422": {
      "%": 2.0916641,
      "v": 680
    },
    "EL431": {
      "%": 2.8242075,
      "v": 1960
    },
    "EL432": {
      "%": 3.2244556,
      "v": 770
    },
    "EL433": {
      "%": 2.5954945,
      "v": 530
    },
    "EL434": {
      "%": 3.5668132,
      "v": 1380
    },
    "EL511": {
      "%": 2.6712329,
      "v": 1170
    },
    "EL512": {
      "%": 2.6837325,
      "v": 650
    },
    "EL513": {
      "%": 2.4842947,
      "v": 870
    },
    "EL514": {
      "%": 2.9504743,
      "v": 840
    },
    "EL515": {
      "%": 3.3268101,
      "v": 1360
    },
    "EL521": {
      "%": 2.2093899,
      "v": 880
    },
    "EL522": {
      "%": 5.0564733,
      "v": 12580
    },
    "EL523": {
      "%": 2.2366815,
      "v": 550
    },
    "EL524": {
      "%": 2.0995517,
      "v": 890
    },
    "EL525": {
      "%": 2.2080963,
      "v": 660
    },
    "EL526": {
      "%": 2.3571098,
      "v": 1530
    },
    "EL527": {
      "%": 1.2213175,
      "v": 330
    },
    "EL531": {
      "%": 2.8079009,
      "v": 1450
    },
    "EL532": {
      "%": 2.7567196,
      "v": 400
    },
    "EL533": {
      "%": 2.7561414,
      "v": 460
    },
    "EL541": {
      "%": 2.5634825,
      "v": 1060
    },
    "EL542": {
      "%": 2.9209621,
      "v": 340
    },
    "EL543": {
      "%": 4.4252043,
      "v": 1840
    },
    "EL611": {
      "%": 2.232965,
      "v": 1940
    },
    "EL612": {
      "%": 3.0401602,
      "v": 2430
    },
    "EL613": {
      "%": 2.6765275,
      "v": 1520
    },
    "EL621": {
      "%": 1.48423,
      "v": 160
    },
    "EL622": {
      "%": 2.5982256,
      "v": 820
    },
    "EL623": {
      "%": 3.3567526,
      "v": 430
    },
    "EL624": {
      "%": 2.1101992,
      "v": 180
    },
    "EL631": {
      "%": 2.0871017,
      "v": 1500
    },
    "EL632": {
      "%": 3.0916586,
      "v": 2550
    },
    "EL633": {
      "%": 1.8491395,
      "v": 1010
    },
    "EL641": {
      "%": 2.2386093,
      "v": 850
    },
    "EL642": {
      "%": 2.2585924,
      "v": 1380
    },
    "EL643": {
      "%": 1.6049383,
      "v": 130
    },
    "EL644": {
      "%": 2.175952,
      "v": 1160
    },
    "EL645": {
      "%": 2.6333559,
      "v": 390
    },
    "EL651": {
      "%": 2.3569992,
      "v": 1640
    },
    "EL652": {
      "%": 2.9955068,
      "v": 1200
    },
    "EL653": {
      "%": 2.3801761,
      "v": 2190
    }
  }
}