{
  "original_file": "Greece_1971.csv",
  "year": 1971,
  "country": "GR",
  "var": "ed_isced_3to5_m",
  "data": {
    "Municipality of Korydallos": {
      "%": 16.666666,
      "v": 2720
    },
    "Municipality of Peristeri": {
      "%": 11.034809,
      "v": 4660
    },
    "Municipality of Polichni": {
      "%": 7.6124568,
      "v": 440
    },
    "EL622": {
      "%": 6.9391637,
      "v": 2190
    },
    "EL411": {
      "%": 5.8359246,
      "v": 2440
    },
    "EL531": {
      "%": 5.6545315,
      "v": 2920
    },
    "Municipality of Eleftherio-Kordelio": {
      "%": 4.77707,
      "v": 150
    },
    "EL631": {
      "%": 5.2734103,
      "v": 3790
    },
    "Municipality of Pylea": {
      "%": 4.5454545,
      "v": 120
    },
    "Municipality of Chalandri": {
      "%": 27.924528,
      "v": 3700
    },
    "EL541": {
      "%": 4.0145102,
      "v": 1660
    },
    "EL511": {
      "%": 4.977169,
      "v": 2180
    },
    "Rest of Prefecture West Attiki": {
      "%": 6.0478201,
      "v": 430
    },
    "Municipality of Kessariani": {
      "%": 19.698492,
      "v": 1960
    },
    "EL431": {
      "%": 7.4639769,
      "v": 5180
    },
    "Municipality of Galatsi": {
      "%": 17.997978,
      "v": 1780
    },
    "EL632": {
      "%": 10.984481,
      "v": 9060
    },
    "Municipality of Elefsina": {
      "%": 9.5551891,
      "v": 580
    },
    "EL611": {
      "%": 4.569521,
      "v": 3970
    },
    "Rest of Department Thessaloniki": {
      "%": 4.8737106,
      "v": 2740
    },
    "EL642": {
      "%": 7.4468083,
      "v": 4550
    },
    "EL513": {
      "%": 3.6550543,
      "v": 1280
    },
    "Municipality of Nikea": {
      "%": 13.079897,
      "v": 4060
    },
    "EL532": {
      "%": 5.7201929,
      "v": 830
    },
    "EL612": {
      "%": 6.9310646,
      "v": 5540
    },
    "EL433": {
      "%": 5.6317334,
      "v": 1150
    },
    "Municipality of Aspropyrgos": {
      "%": 5.6603775,
      "v": 210
    },
    "Municipality of Stavroupoli": {
      "%": 6.8965516,
      "v": 460
    },
    "Municipality of Ilioupoli": {
      "%": 20.626781,
      "v": 3620
    },
    "Municipality of Keratsini": {
      "%": 12.114015,
      "v": 3060
    },
    "EL645": {
      "%": 7.2923698,
      "v": 1080
    },
    "EL434": {
      "%": 8.7878008,
      "v": 3400
    },
    "Municipality of Cholargos": {
      "%": 31.941923,
      "v": 1760
    },
    "Municipality of Aghia Varvara": {
      "%": 9.4874592,
      "v": 870
    },
    "EL515": {
      "%": 7.191781,
      "v": 2940
    },
    "Municipality of Evosmo": {
      "%": 6.2834225,
      "v": 470
    },
    "EL524": {
      "%": 5.1663127,
      "v": 2190
    },
    "EL613": {
      "%": 9.3854551,
      "v": 5330
    },
    "Municipality of Iraklio": {
      "%": 17.801672,
      "v": 1490
    },
    "Municipality of Kallithea": {
      "%": 33.365887,
      "v": 10250
    },
    "EL412": {
      "%": 7.5767474,
      "v": 1160
    },
    "Municipality of Koropi": {
      "%": 6.8965516,
      "v": 240
    },
    "Municipality of Aghii Anargyri": {
      "%": 14.224599,
      "v": 1330
    },
    "EL421": {
      "%": 8.7807455,
      "v": 3320
    },
    "EL621": {
      "%": 2.690167,
      "v": 290
    },
    "Municipality of Perama": {
      "%": 9.9533434,
      "v": 640
    },
    "EL543": {
      "%": 8.0808077,
      "v": 3360
    },
    "EL521": {
      "%": 6.0507154,
      "v": 2410
    },
    "Municipality of Megara": {
      "%": 4.5454545,
      "v": 300
    },
    "EL644": {
      "%": 6.4715815,
      "v": 3450
    },
    "Municipality of Sykees": {
      "%": 7.6923075,
      "v": 650
    },
    "Municipality of Thessaloniki": {
      "%": 31.160585,
      "v": 38770
    },
    "Municipality of Voula": {
      "%": 19.285715,
      "v": 270
    },
    "Municipality of Athens": {
      "%": 33.46759,
      "v": 106360
    },
    "Municipality of Pireas": {
      "%": 23.503777,
      "v": 16180
    },
    "Municipality of Nea Philadelfia": {
      "%": 22.454672,
      "v": 1610
    },
    "Municipality of Glyfada": {
      "%": 22.405064,
      "v": 1770
    },
    "Municipality of Amaroussio": {
      "%": 22.687225,
      "v": 2060
    },
    "Municipality of Aghia Paraskevi": {
      "%": 19.812792,
      "v": 1270
    },
    "Municipality of Kifissia": {
      "%": 23.838081,
      "v": 1590
    },
    "EL651": {
      "%": 6.1368208,
      "v": 4270
    },
    "EL623": {
      "%": 8.9773617,
      "v": 1150
    },
    "Municipality of Alimos": {
      "%": 29.810299,
      "v": 2200
    },
    "EL527": {
      "%": 2.9977794,
      "v": 810
    },
    "Municipality of Paleo Faliro": {
      "%": 32.389938,
      "v": 4120
    },
    "EL512": {
      "%": 4.0049548,
      "v": 970
    },
    "Municipality of Moschato": {
      "%": 24.357405,
      "v": 1990
    },
    "Municipality of Salamina": {
      "%": 8.8447657,
      "v": 490
    },
    "EL643": {
      "%": 3.0864198,
      "v": 250
    },
    "EL633": {
      "%": 5.6572685,
      "v": 3090
    },
    "Municipality of Argyroupoli": {
      "%": 15.647922,
      "v": 640
    },
    "Rest of Prefecture Pireas": {
      "%": 9.6526651,
      "v": 2390
    },
    "Municipality of Kamatero": {
      "%": 6.284153,
      "v": 230
    },
    "EL641": {
      "%": 6.3207798,
      "v": 2400
    },
    "EL413": {
      "%": 15.039233,
      "v": 3450
    },
    "Municipality of Ano Liossia": {
      "%": 4.1436462,
      "v": 150
    },
    "Municipality of Dafni": {
      "%": 20.461384,
      "v": 2040
    },
    "Municipality of Nea Smyrni": {
      "%": 35.714287,
      "v": 5550
    },
    "Municipality of Aghios Dimitrios": {
      "%": 11.851333,
      "v": 1690
    },
    "Municipality of Nea Ionia": {
      "%": 14.869522,
      "v": 3020
    },
    "EL542": {
      "%": 5.1546392,
      "v": 600
    },
    "Municipality of Chaidari": {
      "%": 14.169215,
      "v": 1390
    },
    "Municipality of Vyron": {
      "%": 25.423729,
      "v": 4500
    },
    "Municipality of Petroupoli": {
      "%": 12.068966,
      "v": 770
    },
    "EL533": {
      "%": 5.5721989,
      "v": 930
    },
    "Municipality of Abelokipi": {
      "%": 9.090909,
      "v": 770
    },
    "EL652": {
      "%": 8.5621567,
      "v": 3430
    },
    "Municipality of Neapoli": {
      "%": 10.741688,
      "v": 840
    },
    "Municipality of Vrilissia": {
      "%": 25.581396,
      "v": 330
    },
    "Municipality of Echedoro": {
      "%": 5.0239234,
      "v": 210
    },
    "EL514": {
      "%": 5.6550756,
      "v": 1610
    },
    "EL526": {
      "%": 4.4985366,
      "v": 2920
    },
    "Municipality of Zografos": {
      "%": 33.672482,
      "v": 6950
    },
    "Municipality of Ilio (Nea Liossia)": {
      "%": 12.2491,
      "v": 2380
    },
    "Municipality of Thermaikos": {
      "%": 5.8252425,
      "v": 60
    },
    "EL624": {
      "%": 5.3927317,
      "v": 460
    },
    "Municipality of Aegaleo": {
      "%": 14.300483,
      "v": 4150
    },
    "EL422": {
      "%": 7.2900648,
      "v": 2370
    },
    "Municipality of Metamorfossi": {
      "%": 8.9316988,
      "v": 510
    },
    "Municipality of Kalamaria": {
      "%": 12.089672,
      "v": 1510
    },
    "Rest of Prefecture Athens": {
      "%": 23.894072,
      "v": 7940
    },
    "EL653": {
      "%": 6.5862408,
      "v": 6060
    },
    "EL525": {
      "%": 4.1820006,
      "v": 1250
    },
    "Municipality of Acharnes": {
      "%": 8.3032494,
      "v": 690
    },
    "EL432": {
      "%": 6.1976547,
      "v": 1480
    },
    "EL523": {
      "%": 4.9206996,
      "v": 1210
    },
    "Rest of Prefecture East Attiki": {
      "%": 8.8603315,
      "v": 2620
    }
  }
}