{
  "original_file": "Greece_1971.csv",
  "year": 1971,
  "country": "GR",
  "var": "ed_isced_0to2_m_15to24",
  "data": {
    "Municipality of Korydallos": {
      "%": 82.867134,
      "v": 2370
    },
    "Municipality of Peristeri": {
      "%": 84.98896,
      "v": 7700
    },
    "Municipality of Polichni": {
      "%": 80.46875,
      "v": 1030
    },
    "EL622": {
      "%": 93.300247,
      "v": 3760
    },
    "EL411": {
      "%": 90.79229,
      "v": 4240
    },
    "EL531": {
      "%": 92.65403,
      "v": 7820
    },
    "Municipality of Eleftherio-Kordelio": {
      "%": 90.243904,
      "v": 740
    },
    "EL631": {
      "%": 93.16436,
      "v": 12130
    },
    "Municipality of Pylea": {
      "%": 88.888885,
      "v": 400
    },
    "Municipality of Chalandri": {
      "%": 62.962963,
      "v": 1360
    },
    "EL541": {
      "%": 93.717278,
      "v": 7160
    },
    "EL511": {
      "%": 88.87381,
      "v": 6550
    },
    "Rest of Prefecture West Attiki": {
      "%": 88.709679,
      "v": 1100
    },
    "Municipality of Kessariani": {
      "%": 73.469391,
      "v": 1440
    },
    "EL431": {
      "%": 87.697426,
      "v": 10550
    },
    "Municipality of Galatsi": {
      "%": 82.587067,
      "v": 1660
    },
    "EL632": {
      "%": 83.691277,
      "v": 12470
    },
    "Municipality of Elefsina": {
      "%": 85.964912,
      "v": 980
    },
    "EL611": {
      "%": 92.244896,
      "v": 13560
    },
    "Rest of Department Thessaloniki": {
      "%": 88.293648,
      "v": 8900
    },
    "EL642": {
      "%": 89.729118,
      "v": 7950
    },
    "EL513": {
      "%": 91.385132,
      "v": 5410
    },
    "Municipality of Nikea": {
      "%": 81.769913,
      "v": 4620
    },
    "EL532": {
      "%": 91.525421,
      "v": 2160
    },
    "EL612": {
      "%": 89.423775,
      "v": 12260
    },
    "EL433": {
      "%": 94.178085,
      "v": 2750
    },
    "Municipality of Aspropyrgos": {
      "%": 90.277779,
      "v": 650
    },
    "Municipality of Stavroupoli": {
      "%": 88.050316,
      "v": 1400
    },
    "Municipality of Ilioupoli": {
      "%": 77.397263,
      "v": 2260
    },
    "Municipality of Keratsini": {
      "%": 80.180183,
      "v": 3560
    },
    "EL645": {
      "%": 88.679245,
      "v": 1410
    },
    "EL434": {
      "%": 90.183029,
      "v": 5420
    },
    "Municipality of Cholargos": {
      "%": 60.256409,
      "v": 470
    },
    "Municipality of Aghia Varvara": {
      "%": 84.444443,
      "v": 1520
    },
    "EL515": {
      "%": 92.150169,
      "v": 5400
    },
    "Municipality of Evosmo": {
      "%": 86.309525,
      "v": 1450
    },
    "EL524": {
      "%": 92.53112,
      "v": 6690
    },
    "EL613": {
      "%": 86.931152,
      "v": 7450
    },
    "Municipality of Iraklio": {
      "%": 81.751823,
      "v": 1120
    },
    "Municipality of Kallithea": {
      "%": 58.814102,
      "v": 3670
    },
    "EL412": {
      "%": 88.397789,
      "v": 1600
    },
    "Municipality of Koropi": {
      "%": 86.274513,
      "v": 440
    },
    "Municipality of Aghii Anargyri": {
      "%": 81.443298,
      "v": 1580
    },
    "EL421": {
      "%": 90.174126,
      "v": 7250
    },
    "EL621": {
      "%": 96.153847,
      "v": 1500
    },
    "Municipality of Perama": {
      "%": 88.0,
      "v": 1320
    },
    "EL543": {
      "%": 83.409439,
      "v": 5480
    },
    "EL521": {
      "%": 90.279823,
      "v": 6130
    },
    "Municipality of Megara": {
      "%": 92.0,
      "v": 920
    },
    "EL644": {
      "%": 89.34993,
      "v": 6460
    },
    "Municipality of Sykees": {
      "%": 84.0,
      "v": 1470
    },
    "Municipality of Thessaloniki": {
      "%": 48.400703,
      "v": 13770
    },
    "Municipality of Voula": {
      "%": 73.684212,
      "v": 140
    },
    "Municipality of Athens": {
      "%": 57.02689,
      "v": 33720
    },
    "Municipality of Pireas": {
      "%": 72.411186,
      "v": 9580
    },
    "Municipality of Nea Philadelfia": {
      "%": 79.487183,
      "v": 930
    },
    "Municipality of Glyfada": {
      "%": 74.19355,
      "v": 920
    },
    "Municipality of Amaroussio": {
      "%": 65.384613,
      "v": 1020
    },
    "Municipality of Aghia Paraskevi": {
      "%": 81.300812,
      "v": 1000
    },
    "Municipality of Kifissia": {
      "%": 69.767441,
      "v": 600
    },
    "EL651": {
      "%": 89.714867,
      "v": 8810
    },
    "EL623": {
      "%": 87.958115,
      "v": 1680
    },
    "Municipality of Alimos": {
      "%": 61.029411,
      "v": 830
    },
    "EL527": {
      "%": 95.595856,
      "v": 3690
    },
    "Municipality of Paleo Faliro": {
      "%": 61.490685,
      "v": 990
    },
    "EL512": {
      "%": 95.271866,
      "v": 4030
    },
    "Municipality of Moschato": {
      "%": 76.774193,
      "v": 1190
    },
    "Municipality of Salamina": {
      "%": 73.333336,
      "v": 550
    },
    "EL643": {
      "%": 93.798447,
      "v": 1210
    },
    "EL633": {
      "%": 93.534004,
      "v": 8390
    },
    "Municipality of Argyroupoli": {
      "%": 81.25,
      "v": 390
    },
    "Rest of Prefecture Pireas": {
      "%": 82.151031,
      "v": 3590
    },
    "Municipality of Kamatero": {
      "%": 87.037041,
      "v": 470
    },
    "EL641": {
      "%": 88.419121,
      "v": 4810
    },
    "EL413": {
      "%": 81.311478,
      "v": 2480
    },
    "Municipality of Ano Liossia": {
      "%": 89.473686,
      "v": 510
    },
    "Municipality of Dafni": {
      "%": 73.626373,
      "v": 1340
    },
    "Municipality of Nea Smyrni": {
      "%": 66.798416,
      "v": 1690
    },
    "Municipality of Aghios Dimitrios": {
      "%": 84.87085,
      "v": 2300
    },
    "Municipality of Nea Ionia": {
      "%": 79.015541,
      "v": 3050
    },
    "EL542": {
      "%": 90.530304,
      "v": 2390
    },
    "Municipality of Chaidari": {
      "%": 84.659088,
      "v": 1490
    },
    "Municipality of Vyron": {
      "%": 66.071426,
      "v": 2220
    },
    "Municipality of Petroupoli": {
      "%": 84.95575,
      "v": 960
    },
    "EL533": {
      "%": 88.71595,
      "v": 2280
    },
    "Municipality of Abelokipi": {
      "%": 86.451614,
      "v": 1340
    },
    "EL652": {
      "%": 88.160004,
      "v": 5510
    },
    "Municipality of Neapoli": {
      "%": 84.459457,
      "v": 1250
    },
    "Municipality of Vrilissia": {
      "%": 41.666668,
      "v": 50
    },
    "Municipality of Echedoro": {
      "%": 90.769234,
      "v": 590
    },
    "EL514": {
      "%": 89.755013,
      "v": 4030
    },
    "EL526": {
      "%": 90.80146,
      "v": 9970
    },
    "Municipality of Zografos": {
      "%": 54.906055,
      "v": 2630
    },
    "Municipality of Ilio (Nea Liossia)": {
      "%": 83.977898,
      "v": 3040
    },
    "Municipality of Thermaikos": {
      "%": 100.0,
      "v": 80
    },
    "EL624": {
      "%": 98.230087,
      "v": 1110
    },
    "Municipality of Aegaleo": {
      "%": 79.430382,
      "v": 5020
    },
    "EL422": {
      "%": 88.436829,
      "v": 4130
    },
    "Municipality of Metamorfossi": {
      "%": 82.300888,
      "v": 930
    },
    "Municipality of Kalamaria": {
      "%": 80.888885,
      "v": 1820
    },
    "Rest of Prefecture Athens": {
      "%": 69.739128,
      "v": 4010
    },
    "EL653": {
      "%": 91.381874,
      "v": 12300
    },
    "EL525": {
      "%": 92.393318,
      "v": 4980
    },
    "Municipality of Acharnes": {
      "%": 89.440994,
      "v": 1440
    },
    "EL432": {
      "%": 90.526314,
      "v": 2580
    },
    "EL523": {
      "%": 86.807388,
      "v": 3290
    },
    "Rest of Prefecture East Attiki": {
      "%": 84.909454,
      "v": 4220
    }
  }
}