{
  "original_file": "Greece_1971.csv",
  "year": 1971,
  "country": "GR",
  "var": "ed_isced_3to5",
  "data": {
    "EL301": {
      "%": 18.636106,
      "v": 29760
    },
    "EL302": {
      "%": 10.094953,
      "v": 26260
    },
    "EL303": {
      "%": 30.495623,
      "v": 285930
    },
    "EL304": {
      "%": 25.487511,
      "v": 53980
    },
    "EL305": {
      "%": 7.6618538,
      "v": 6580
    },
    "EL306": {
      "%": 5.4005075,
      "v": 2980
    },
    "EL307": {
      "%": 13.656304,
      "v": 50740
    },
    "EL411": {
      "%": 4.896821,
      "v": 4390
    },
    "EL412": {
      "%": 5.9933071,
      "v": 1970
    },
    "EL413": {
      "%": 11.428572,
      "v": 5200
    },
    "EL421": {
      "%": 7.3841224,
      "v": 5990
    },
    "EL422": {
      "%": 5.8231707,
      "v": 3820
    },
    "EL431": {
      "%": 6.4620357,
      "v": 9600
    },
    "EL432": {
      "%": 5.1945524,
      "v": 2670
    },
    "EL433": {
      "%": 4.5955882,
      "v": 2000
    },
    "EL434": {
      "%": 8.5142508,
      "v": 7020
    },
    "EL511": {
      "%": 4.3778558,
      "v": 4120
    },
    "EL512": {
      "%": 3.6315491,
      "v": 1920
    },
    "EL513": {
      "%": 3.1661568,
      "v": 2380
    },
    "EL514": {
      "%": 4.8136144,
      "v": 2970
    },
    "EL515": {
      "%": 6.5716548,
      "v": 5810
    },
    "EL521": {
      "%": 5.2992892,
      "v": 4400
    },
    "EL522": {
      "%": 16.986729,
      "v": 88190
    },
    "EL523": {
      "%": 3.75,
      "v": 1980
    },
    "EL524": {
      "%": 4.2285457,
      "v": 3730
    },
    "EL525": {
      "%": 3.7166455,
      "v": 2340
    },
    "EL526": {
      "%": 4.0196648,
      "v": 5560
    },
    "EL527": {
      "%": 2.9749954,
      "v": 1630
    },
    "EL531": {
      "%": 4.571785,
      "v": 5130
    },
    "EL532": {
      "%": 4.4141512,
      "v": 1360
    },
    "EL533": {
      "%": 4.9379387,
      "v": 1830
    },
    "EL541": {
      "%": 3.3390965,
      "v": 3090
    },
    "EL542": {
      "%": 3.4586465,
      "v": 920
    },
    "EL543": {
      "%": 7.0728588,
      "v": 6640
    },
    "EL611": {
      "%": 3.6647818,
      "v": 6870
    },
    "EL612": {
      "%": 5.7782593,
      "v": 9600
    },
    "EL613": {
      "%": 7.6251645,
      "v": 9260
    },
    "EL621": {
      "%": 3.0677655,
      "v": 670
    },
    "EL622": {
      "%": 5.863934,
      "v": 4120
    },
    "EL623": {
      "%": 7.6980848,
      "v": 2050
    },
    "EL624": {
      "%": 3.9583333,
      "v": 760
    },
    "EL631": {
      "%": 4.3007965,
      "v": 6640
    },
    "EL632": {
      "%": 9.745863,
      "v": 16490
    },
    "EL633": {
      "%": 4.5367131,
      "v": 5190
    },
    "EL641": {
      "%": 5.7032757,
      "v": 4440
    },
    "EL642": {
      "%": 5.7501965,
      "v": 7320
    },
    "EL643": {
      "%": 2.2126281,
      "v": 410
    },
    "EL644": {
      "%": 4.7299681,
      "v": 5360
    },
    "EL645": {
      "%": 5.5555553,
      "v": 1770
    },
    "EL651": {
      "%": 5.1679587,
      "v": 7400
    },
    "EL652": {
      "%": 7.0539417,
      "v": 5780
    },
    "EL653": {
      "%": 5.0198016,
      "v": 9760
    }
  }
}