{
  "original_file": "Greece_1971.csv",
  "year": 1971,
  "country": "GR",
  "var": "ed_isced_0to2_f_35to44",
  "data": {
    "Municipality of Korydallos": {
      "%": 87.173393,
      "v": 3670
    },
    "Municipality of Peristeri": {
      "%": 90.384613,
      "v": 8460
    },
    "Municipality of Polichni": {
      "%": 96.25,
      "v": 1540
    },
    "EL622": {
      "%": 87.832169,
      "v": 6280
    },
    "EL411": {
      "%": 91.875,
      "v": 7350
    },
    "EL531": {
      "%": 92.692307,
      "v": 12050
    },
    "Municipality of Eleftherio-Kordelio": {
      "%": 96.20253,
      "v": 760
    },
    "EL631": {
      "%": 85.168686,
      "v": 13380
    },
    "Municipality of Pylea": {
      "%": 95.08197,
      "v": 580
    },
    "Municipality of Chalandri": {
      "%": 67.371605,
      "v": 2230
    },
    "EL541": {
      "%": 72.321426,
      "v": 7290
    },
    "EL511": {
      "%": 89.052437,
      "v": 9680
    },
    "Rest of Prefecture West Attiki": {
      "%": 92.700729,
      "v": 1270
    },
    "Municipality of Kessariani": {
      "%": 77.433632,
      "v": 1750
    },
    "EL431": {
      "%": 90.950226,
      "v": 14070
    },
    "Municipality of Galatsi": {
      "%": 87.203789,
      "v": 1840
    },
    "EL632": {
      "%": 83.794693,
      "v": 14530
    },
    "Municipality of Elefsina": {
      "%": 90.579712,
      "v": 1250
    },
    "EL611": {
      "%": 81.568626,
      "v": 16640
    },
    "Rest of Department Thessaloniki": {
      "%": 94.617783,
      "v": 12130
    },
    "EL642": {
      "%": 86.97789,
      "v": 10620
    },
    "EL513": {
      "%": 87.5,
      "v": 7280
    },
    "Municipality of Nikea": {
      "%": 90.733055,
      "v": 6560
    },
    "EL532": {
      "%": 94.690262,
      "v": 3210
    },
    "EL612": {
      "%": 87.360176,
      "v": 15620
    },
    "EL433": {
      "%": 88.652481,
      "v": 3750
    },
    "Municipality of Aspropyrgos": {
      "%": 96.0,
      "v": 720
    },
    "Municipality of Stavroupoli": {
      "%": 96.666664,
      "v": 1740
    },
    "Municipality of Ilioupoli": {
      "%": 84.304932,
      "v": 3760
    },
    "Municipality of Keratsini": {
      "%": 91.111115,
      "v": 5330
    },
    "EL645": {
      "%": 85.714287,
      "v": 2640
    },
    "EL434": {
      "%": 88.735916,
      "v": 7090
    },
    "Municipality of Cholargos": {
      "%": 60.563381,
      "v": 860
    },
    "Municipality of Aghia Varvara": {
      "%": 92.274681,
      "v": 2150
    },
    "EL515": {
      "%": 88.185257,
      "v": 9330
    },
    "Municipality of Evosmo": {
      "%": 98.543686,
      "v": 2030
    },
    "EL524": {
      "%": 93.501457,
      "v": 9640
    },
    "EL613": {
      "%": 87.322838,
      "v": 11090
    },
    "Municipality of Iraklio": {
      "%": 85.714287,
      "v": 1800
    },
    "Municipality of Kallithea": {
      "%": 65.884193,
      "v": 4210
    },
    "EL412": {
      "%": 92.962959,
      "v": 2510
    },
    "Municipality of Koropi": {
      "%": 96.103897,
      "v": 740
    },
    "Municipality of Aghii Anargyri": {
      "%": 87.850464,
      "v": 1880
    },
    "EL421": {
      "%": 85.594406,
      "v": 6120
    },
    "EL621": {
      "%": 79.71698,
      "v": 1690
    },
    "Municipality of Perama": {
      "%": 94.736839,
      "v": 1440
    },
    "EL543": {
      "%": 91.650482,
      "v": 9440
    },
    "EL521": {
      "%": 93.269234,
      "v": 8730
    },
    "Municipality of Megara": {
      "%": 92.1875,
      "v": 1180
    },
    "EL644": {
      "%": 87.716408,
      "v": 10640
    },
    "Municipality of Sykees": {
      "%": 94.366196,
      "v": 2010
    },
    "Municipality of Thessaloniki": {
      "%": 72.525902,
      "v": 20300
    },
    "Municipality of Voula": {
      "%": 59.090908,
      "v": 260
    },
    "Municipality of Athens": {
      "%": 56.509235,
      "v": 37330
    },
    "Municipality of Pireas": {
      "%": 79.483696,
      "v": 11700
    },
    "Municipality of Nea Philadelfia": {
      "%": 78.343948,
      "v": 1230
    },
    "Municipality of Glyfada": {
      "%": 78.421051,
      "v": 1490
    },
    "Municipality of Amaroussio": {
      "%": 69.777779,
      "v": 1570
    },
    "Municipality of Aghia Paraskevi": {
      "%": 75.0,
      "v": 990
    },
    "Municipality of Kifissia": {
      "%": 67.785233,
      "v": 1010
    },
    "EL651": {
      "%": 88.54467,
      "v": 12290
    },
    "EL623": {
      "%": 86.008232,
      "v": 2090
    },
    "Municipality of Alimos": {
      "%": 70.285713,
      "v": 1230
    },
    "EL527": {
      "%": 96.036034,
      "v": 5330
    },
    "Municipality of Paleo Faliro": {
      "%": 59.930313,
      "v": 1720
    },
    "EL512": {
      "%": 93.609673,
      "v": 5420
    },
    "Municipality of Moschato": {
      "%": 79.057594,
      "v": 1510
    },
    "Municipality of Salamina": {
      "%": 89.719627,
      "v": 960
    },
    "EL643": {
      "%": 93.103447,
      "v": 1890
    },
    "EL633": {
      "%": 82.980598,
      "v": 9410
    },
    "Municipality of Argyroupoli": {
      "%": 87.826088,
      "v": 1010
    },
    "Rest of Prefecture Pireas": {
      "%": 87.050362,
      "v": 4840
    },
    "Municipality of Kamatero": {
      "%": 90.0,
      "v": 810
    },
    "EL641": {
      "%": 85.952713,
      "v": 6180
    },
    "EL413": {
      "%": 91.75,
      "v": 3670
    },
    "Municipality of Ano Liossia": {
      "%": 100.0,
      "v": 970
    },
    "Municipality of Dafni": {
      "%": 74.885841,
      "v": 1640
    },
    "Municipality of Nea Smyrni": {
      "%": 60.277779,
      "v": 2170
    },
    "Municipality of Aghios Dimitrios": {
      "%": 89.795921,
      "v": 3080
    },
    "Municipality of Nea Ionia": {
      "%": 88.329979,
      "v": 4390
    },
    "EL542": {
      "%": 84.615387,
      "v": 2310
    },
    "Municipality of Chaidari": {
      "%": 90.944885,
      "v": 2310
    },
    "Municipality of Vyron": {
      "%": 73.876404,
      "v": 2630
    },
    "Municipality of Petroupoli": {
      "%": 96.296295,
      "v": 1560
    },
    "EL533": {
      "%": 91.666664,
      "v": 3960
    },
    "Municipality of Abelokipi": {
      "%": 93.886459,
      "v": 2150
    },
    "EL652": {
      "%": 88.16568,
      "v": 7450
    },
    "Municipality of Neapoli": {
      "%": 93.854752,
      "v": 1680
    },
    "Municipality of Vrilissia": {
      "%": 68.75,
      "v": 220
    },
    "Municipality of Echedoro": {
      "%": 100.0,
      "v": 950
    },
    "EL514": {
      "%": 94.974228,
      "v": 7370
    },
    "EL526": {
      "%": 94.592873,
      "v": 14870
    },
    "Municipality of Zografos": {
      "%": 67.481659,
      "v": 2760
    },
    "Municipality of Ilio (Nea Liossia)": {
      "%": 93.167702,
      "v": 4500
    },
    "Municipality of Thermaikos": {
      "%": 95.833336,
      "v": 230
    },
    "EL624": {
      "%": 88.63636,
      "v": 1560
    },
    "Municipality of Aegaleo": {
      "%": 90.060242,
      "v": 5980
    },
    "EL422": {
      "%": 91.161179,
      "v": 5260
    },
    "Municipality of Metamorfossi": {
      "%": 94.915253,
      "v": 1680
    },
    "Municipality of Kalamaria": {
      "%": 89.939026,
      "v": 2950
    },
    "Rest of Prefecture Athens": {
      "%": 64.768211,
      "v": 4890
    },
    "EL653": {
      "%": 87.690689,
      "v": 16670
    },
    "EL525": {
      "%": 92.022789,
      "v": 6460
    },
    "Municipality of Acharnes": {
      "%": 86.781609,
      "v": 1510
    },
    "EL432": {
      "%": 88.0,
      "v": 4400
    },
    "EL523": {
      "%": 94.854202,
      "v": 5530
    },
    "Rest of Prefecture East Attiki": {
      "%": 92.122185,
      "v": 5730
    }
  }
}