{
  "original_file": "Greece_1971.csv",
  "year": 1971,
  "country": "GR",
  "var": "ed_isced_0to2_m",
  "data": {
    "EL300": {
      "%": 67.456604,
      "v": 673480
    },
    "EL411": {
      "%": 88.758667,
      "v": 37110
    },
    "EL412": {
      "%": 89.288048,
      "v": 13670
    },
    "EL413": {
      "%": 82.868355,
      "v": 19010
    },
    "EL421": {
      "%": 84.765938,
      "v": 32050
    },
    "EL422": {
      "%": 86.681023,
      "v": 28180
    },
    "EL431": {
      "%": 87.925072,
      "v": 61020
    },
    "EL432": {
      "%": 87.939697,
      "v": 21000
    },
    "EL433": {
      "%": 89.960823,
      "v": 18370
    },
    "EL434": {
      "%": 86.559837,
      "v": 33490
    },
    "EL511": {
      "%": 87.762558,
      "v": 38440
    },
    "EL512": {
      "%": 91.246902,
      "v": 22100
    },
    "EL513": {
      "%": 87.778412,
      "v": 30740
    },
    "EL514": {
      "%": 90.832458,
      "v": 25860
    },
    "EL515": {
      "%": 86.863991,
      "v": 35510
    },
    "EL521": {
      "%": 89.881996,
      "v": 35800
    },
    "EL522": {
      "%": 75.055267,
      "v": 186730
    },
    "EL523": {
      "%": 90.199265,
      "v": 22180
    },
    "EL524": {
      "%": 91.035622,
      "v": 38590
    },
    "EL525": {
      "%": 91.970558,
      "v": 27490
    },
    "EL526": {
      "%": 92.589737,
      "v": 60100
    },
    "EL527": {
      "%": 95.225761,
      "v": 25730
    },
    "EL531": {
      "%": 89.872192,
      "v": 46410
    },
    "EL532": {
      "%": 90.764992,
      "v": 13170
    },
    "EL533": {
      "%": 89.814262,
      "v": 14990
    },
    "EL541": {
      "%": 88.367592,
      "v": 36540
    },
    "EL542": {
      "%": 89.347076,
      "v": 10400
    },
    "EL543": {
      "%": 87.277534,
      "v": 36290
    },
    "EL611": {
      "%": 90.147331,
      "v": 78320
    },
    "EL612": {
      "%": 87.989494,
      "v": 70330
    },
    "EL613": {
      "%": 85.772141,
      "v": 48710
    },
    "EL621": {
      "%": 85.992577,
      "v": 9270
    },
    "EL622": {
      "%": 88.941696,
      "v": 28070
    },
    "EL623": {
      "%": 86.96331,
      "v": 11140
    },
    "EL624": {
      "%": 91.793671,
      "v": 7830
    },
    "EL631": {
      "%": 89.731461,
      "v": 64490
    },
    "EL632": {
      "%": 83.911255,
      "v": 69210
    },
    "EL633": {
      "%": 89.472717,
      "v": 48870
    },
    "EL641": {
      "%": 89.7024,
      "v": 34060
    },
    "EL642": {
      "%": 86.955811,
      "v": 53130
    },
    "EL643": {
      "%": 94.074074,
      "v": 7620
    },
    "EL644": {
      "%": 88.801353,
      "v": 47340
    },
    "EL645": {
      "%": 87.440918,
      "v": 12950
    },
    "EL651": {
      "%": 88.976715,
      "v": 61910
    },
    "EL652": {
      "%": 86.694954,
      "v": 34730
    },
    "EL653": {
      "%": 88.555595,
      "v": 81480
    }
  }
}