{
  "original_file": "Greece_1971.csv",
  "year": 1971,
  "country": "GR",
  "var": "ed_isced_6to8",
  "data": {
    "Municipality of Thermaikos": {
      "%": 0.0,
      "v": 0
    },
    "EL532": {
      "%": 2.012334,
      "v": 620
    },
    "Municipality of Paleo Faliro": {
      "%": 7.752809,
      "v": 2070
    },
    "Municipality of Aghia Varvara": {
      "%": 0.6546645,
      "v": 120
    },
    "EL422": {
      "%": 1.463415,
      "v": 960
    },
    "Municipality of Kessariani": {
      "%": 4.011326,
      "v": 850
    },
    "EL531": {
      "%": 1.782372,
      "v": 2000
    },
    "Municipality of Perama": {
      "%": 0.6092917,
      "v": 80
    },
    "EL631": {
      "%": 1.651661,
      "v": 2550
    },
    "Rest of Prefecture Athens": {
      "%": 8.514624,
      "v": 5910
    },
    "EL434": {
      "%": 2.352941,
      "v": 1940
    },
    "EL527": {
      "%": 1.131593,
      "v": 620
    },
    "Municipality of Peristeri": {
      "%": 1.141042,
      "v": 970
    },
    "Municipality of Amaroussio": {
      "%": 5.323591,
      "v": 1020
    },
    "Municipality of Glyfada": {
      "%": 4.366282,
      "v": 720
    },
    "Municipality of Keratsini": {
      "%": 0.8330104,
      "v": 430
    },
    "EL526": {
      "%": 1.785714,
      "v": 2470
    },
    "Municipality of Petroupoli": {
      "%": 0.921659,
      "v": 120
    },
    "EL632": {
      "%": 2.210402,
      "v": 3740
    },
    "Municipality of Chalandri": {
      "%": 6.62084,
      "v": 1830
    },
    "Municipality of Vyron": {
      "%": 4.021448,
      "v": 1500
    },
    "EL525": {
      "%": 1.778907,
      "v": 1120
    },
    "Municipality of Pireas": {
      "%": 3.007989,
      "v": 4330
    },
    "Municipality of Aghii Anargyri": {
      "%": 1.499732,
      "v": 280
    },
    "Municipality of Kamatero": {
      "%": 0.9395973,
      "v": 70
    },
    "EL633": {
      "%": 1.547203,
      "v": 1770
    },
    "EL524": {
      "%": 1.609795,
      "v": 1420
    },
    "Municipality of Polichni": {
      "%": 0.4979253,
      "v": 60
    },
    "EL651": {
      "%": 1.613241,
      "v": 2310
    },
    "EL421": {
      "%": 2.255917,
      "v": 1830
    },
    "EL433": {
      "%": 2.136949,
      "v": 930
    },
    "EL523": {
      "%": 1.420455,
      "v": 750
    },
    "Municipality of Pylea": {
      "%": 1.520913,
      "v": 80
    },
    "Municipality of Thessaloniki": {
      "%": 6.268327,
      "v": 16460
    },
    "Rest of Prefecture East Attiki": {
      "%": 1.117508,
      "v": 660
    },
    "Municipality of Kallithea": {
      "%": 5.075594,
      "v": 3290
    },
    "EL521": {
      "%": 1.650006,
      "v": 1370
    },
    "Municipality of Salamina": {
      "%": 1.271571,
      "v": 140
    },
    "EL641": {
      "%": 1.50289,
      "v": 1170
    },
    "Municipality of Ano Liossia": {
      "%": 0.6729475,
      "v": 50
    },
    "Municipality of Chaidari": {
      "%": 1.521298,
      "v": 300
    },
    "EL515": {
      "%": 2.307431,
      "v": 2040
    },
    "Municipality of Stavroupoli": {
      "%": 0.7374631,
      "v": 100
    },
    "Municipality of Aghios Dimitrios": {
      "%": 0.8219178,
      "v": 240
    },
    "EL411": {
      "%": 1.717791,
      "v": 1540
    },
    "Municipality of Kalamaria": {
      "%": 2.012672,
      "v": 540
    },
    "EL514": {
      "%": 2.139384,
      "v": 1320
    },
    "Municipality of Sykees": {
      "%": 0.7462686,
      "v": 130
    },
    "EL642": {
      "%": 1.53967,
      "v": 1960
    },
    "EL413": {
      "%": 1.296703,
      "v": 590
    },
    "EL512": {
      "%": 1.588803,
      "v": 840
    },
    "EL513": {
      "%": 1.516562,
      "v": 1140
    },
    "Municipality of Cholargos": {
      "%": 9.71867,
      "v": 1140
    },
    "Municipality of Aspropyrgos": {
      "%": 1.086957,
      "v": 80
    },
    "Municipality of Megara": {
      "%": 1.738473,
      "v": 230
    },
    "EL621": {
      "%": 1.190476,
      "v": 260
    },
    "EL653": {
      "%": 1.666409,
      "v": 3240
    },
    "EL643": {
      "%": 1.079331,
      "v": 200
    },
    "Municipality of Athens": {
      "%": 10.28019,
      "v": 69490
    },
    "Municipality of Alimos": {
      "%": 4.428755,
      "v": 690
    },
    "Municipality of Eleftherio-Kordelio": {
      "%": 0.4746836,
      "v": 30
    },
    "Municipality of Abelokipi": {
      "%": 0.7246377,
      "v": 130
    },
    "Municipality of Galatsi": {
      "%": 2.580645,
      "v": 520
    },
    "Municipality of Voula": {
      "%": 8.766233,
      "v": 270
    },
    "Municipality of Ilioupoli": {
      "%": 3.372029,
      "v": 1220
    },
    "Municipality of Elefsina": {
      "%": 1.581028,
      "v": 200
    },
    "Municipality of Acharnes": {
      "%": 0.7733492,
      "v": 130
    },
    "EL644": {
      "%": 1.570773,
      "v": 1780
    },
    "EL511": {
      "%": 1.806397,
      "v": 1700
    },
    "EL652": {
      "%": 2.172321,
      "v": 1780
    },
    "Municipality of Echedoro": {
      "%": 0.3504673,
      "v": 30
    },
    "Municipality of Aegaleo": {
      "%": 1.32181,
      "v": 780
    },
    "EL624": {
      "%": 1.614583,
      "v": 310
    },
    "Municipality of Nikea": {
      "%": 1.155366,
      "v": 760
    },
    "EL533": {
      "%": 2.482461,
      "v": 920
    },
    "Municipality of Kifissia": {
      "%": 8.113879,
      "v": 1140
    },
    "Rest of Prefecture West Attiki": {
      "%": 0.4135079,
      "v": 60
    },
    "Rest of Prefecture Pireas": {
      "%": 0.8448541,
      "v": 440
    },
    "Municipality of Neapoli": {
      "%": 1.752266,
      "v": 290
    },
    "EL541": {
      "%": 1.793819,
      "v": 1660
    },
    "EL645": {
      "%": 1.632141,
      "v": 520
    },
    "Municipality of Aghia Paraskevi": {
      "%": 5.624037,
      "v": 730
    },
    "EL623": {
      "%": 2.328201,
      "v": 620
    },
    "Municipality of Nea Smyrni": {
      "%": 7.414105,
      "v": 2460
    },
    "EL542": {
      "%": 2.105263,
      "v": 560
    },
    "Municipality of Koropi": {
      "%": 1.443001,
      "v": 100
    },
    "Rest of Department Thessaloniki": {
      "%": 0.6548502,
      "v": 750
    },
    "Municipality of Dafni": {
      "%": 2.733041,
      "v": 560
    },
    "Municipality of Nea Philadelfia": {
      "%": 4.587156,
      "v": 700
    },
    "EL543": {
      "%": 2.673626,
      "v": 2510
    },
    "EL432": {
      "%": 2.101167,
      "v": 1080
    },
    "EL431": {
      "%": 1.965536,
      "v": 2920
    },
    "Municipality of Ilio (Nea Liossia)": {
      "%": 1.079137,
      "v": 420
    },
    "Municipality of Nea Ionia": {
      "%": 1.114008,
      "v": 470
    },
    "EL611": {
      "%": 1.66969,
      "v": 3130
    },
    "EL622": {
      "%": 1.750641,
      "v": 1230
    },
    "Municipality of Korydallos": {
      "%": 1.58917,
      "v": 540
    },
    "Municipality of Argyroupoli": {
      "%": 2.031603,
      "v": 180
    },
    "Municipality of Moschato": {
      "%": 2.535377,
      "v": 430
    },
    "EL612": {
      "%": 2.160828,
      "v": 3590
    },
    "Municipality of Zografos": {
      "%": 6.767458,
      "v": 2820
    },
    "EL412": {
      "%": 1.216915,
      "v": 400
    },
    "Municipality of Vrilissia": {
      "%": 7.54717,
      "v": 200
    },
    "Municipality of Metamorfossi": {
      "%": 0.9259259,
      "v": 110
    },
    "EL613": {
      "%": 1.613966,
      "v": 1960
    },
    "Municipality of Iraklio": {
      "%": 3.561172,
      "v": 620
    },
    "Municipality of Evosmo": {
      "%": 0.5851756,
      "v": 90
    }
  }
}