{
  "original_file": "Greece_2001.csv",
  "year": 2001,
  "country": "GR",
  "var": "ed_isced_6to8_f_55to64",
  "data": {
    "Municipality of Neapoli": {
      "%": 4.5714288,
      "v": 80
    },
    "Rest of Prefecture Athens": {
      "%": 17.894737,
      "v": 1700
    },
    "EL632": {
      "%": 2.7468934,
      "v": 420
    },
    "EL527": {
      "%": 2.3734176,
      "v": 150
    },
    "EL515": {
      "%": 2.6106696,
      "v": 230
    },
    "Municipality of Vrilissia": {
      "%": 23.275862,
      "v": 270
    },
    "Municipality of Aegaleo": {
      "%": 2.1276596,
      "v": 80
    },
    "Rest of Prefecture Pireas": {
      "%": 2.3419204,
      "v": 100
    },
    "Municipality of Chaidari": {
      "%": 3.5999999,
      "v": 90
    },
    "Municipality of Metamorfossi": {
      "%": 0.0,
      "v": 0
    },
    "EL622": {
      "%": 4.0268455,
      "v": 240
    },
    "Municipality of Nea Philadelfia": {
      "%": 3.7037036,
      "v": 50
    },
    "EL643": {
      "%": 1.0695187,
      "v": 20
    },
    "EL612": {
      "%": 2.1339657,
      "v": 360
    },
    "EL644": {
      "%": 3.2286994,
      "v": 360
    },
    "Municipality of Thessaloniki": {
      "%": 10.10979,
      "v": 2210
    },
    "EL512": {
      "%": 2.3890786,
      "v": 140
    },
    "EL621": {
      "%": 2.2727273,
      "v": 40
    },
    "EL613": {
      "%": 3.3469388,
      "v": 410
    },
    "EL633": {
      "%": 1.3026052,
      "v": 130
    },
    "Municipality of Megara": {
      "%": 2.8985507,
      "v": 40
    },
    "EL514": {
      "%": 2.4806201,
      "v": 160
    },
    "Municipality of Kifissia": {
      "%": 20.547945,
      "v": 600
    },
    "EL411": {
      "%": 2.3294508,
      "v": 140
    },
    "EL651": {
      "%": 2.8094821,
      "v": 320
    },
    "Municipality of Salamina": {
      "%": 3.4313726,
      "v": 70
    },
    "Municipality of Perama": {
      "%": 0.0,
      "v": 0
    },
    "Municipality of Abelokipi": {
      "%": 2.5531914,
      "v": 60
    },
    "EL652": {
      "%": 3.4021871,
      "v": 280
    },
    "Municipality of Athens": {
      "%": 10.913888,
      "v": 4550
    },
    "Municipality of Elefsina": {
      "%": 2.6086957,
      "v": 30
    },
    "Municipality of Kamatero": {
      "%": 1.6,
      "v": 20
    },
    "Municipality of Ilio (Nea Liossia)": {
      "%": 3.116883,
      "v": 120
    },
    "EL624": {
      "%": 4.1666665,
      "v": 50
    },
    "EL412": {
      "%": 2.4390244,
      "v": 60
    },
    "Municipality of Koropi": {
      "%": 6.2015505,
      "v": 80
    },
    "EL525": {
      "%": 2.8117359,
      "v": 230
    },
    "Municipality of Petroupoli": {
      "%": 3.0769231,
      "v": 60
    },
    "EL434": {
      "%": 2.6666667,
      "v": 180
    },
    "EL623": {
      "%": 2.6548672,
      "v": 60
    },
    "Municipality of Pylea": {
      "%": 11.2,
      "v": 140
    },
    "EL513": {
      "%": 1.7647059,
      "v": 120
    },
    "EL511": {
      "%": 3.391685,
      "v": 310
    },
    "Municipality of Nea Ionia": {
      "%": 3.4810126,
      "v": 110
    },
    "Municipality of Iraklio": {
      "%": 8.527132,
      "v": 220
    },
    "Municipality of Kalamaria": {
      "%": 10.359408,
      "v": 490
    },
    "Municipality of Aghios Dimitrios": {
      "%": 4.1269841,
      "v": 130
    },
    "Municipality of Amaroussio": {
      "%": 14.59854,
      "v": 600
    },
    "EL523": {
      "%": 1.6129032,
      "v": 100
    },
    "EL432": {
      "%": 2.9810297,
      "v": 110
    },
    "Municipality of Eleftherio-Kordelio": {
      "%": 5.4347825,
      "v": 50
    },
    "Rest of Prefecture West Attiki": {
      "%": 1.9047619,
      "v": 40
    },
    "EL532": {
      "%": 3.3088236,
      "v": 90
    },
    "Municipality of Polichni": {
      "%": 1.2987013,
      "v": 20
    },
    "Municipality of Aspropyrgos": {
      "%": 2.6315789,
      "v": 30
    },
    "Municipality of Ano Liossia": {
      "%": 0.0,
      "v": 0
    },
    "Municipality of Korydallos": {
      "%": 1.7543859,
      "v": 60
    },
    "Municipality of Peristeri": {
      "%": 1.2622721,
      "v": 90
    },
    "EL543": {
      "%": 4.8574448,
      "v": 460
    },
    "EL631": {
      "%": 1.1676397,
      "v": 140
    },
    "EL642": {
      "%": 3.2558138,
      "v": 420
    },
    "Municipality of Galatsi": {
      "%": 5.2785926,
      "v": 180
    },
    "EL422": {
      "%": 1.6100179,
      "v": 90
    },
    "Municipality of Voula": {
      "%": 13.533834,
      "v": 180
    },
    "Municipality of Glyfada": {
      "%": 13.285024,
      "v": 550
    },
    "Municipality of Nea Smyrni": {
      "%": 13.157895,
      "v": 600
    },
    "Municipality of Evosmo": {
      "%": 0.98522168,
      "v": 20
    },
    "Municipality of Paleo Faliro": {
      "%": 8.7591238,
      "v": 360
    },
    "EL641": {
      "%": 1.1560694,
      "v": 80
    },
    "Municipality of Kallithea": {
      "%": 8.6460037,
      "v": 530
    },
    "Municipality of Vyron": {
      "%": 7.2538862,
      "v": 280
    },
    "EL541": {
      "%": 1.6629711,
      "v": 150
    },
    "EL531": {
      "%": 1.4311271,
      "v": 160
    },
    "EL413": {
      "%": 2.2435896,
      "v": 70
    },
    "Municipality of Chalandri": {
      "%": 14.705882,
      "v": 600
    },
    "Municipality of Argyroupoli": {
      "%": 3.2558138,
      "v": 70
    },
    "Municipality of Stavroupoli": {
      "%": 1.183432,
      "v": 20
    },
    "Municipality of Dafni": {
      "%": 5.4794521,
      "v": 80
    },
    "Municipality of Cholargos": {
      "%": 17.351599,
      "v": 380
    },
    "EL524": {
      "%": 1.8558952,
      "v": 170
    },
    "Municipality of Pireas": {
      "%": 5.0150452,
      "v": 500
    },
    "EL526": {
      "%": 2.2614841,
      "v": 320
    },
    "Municipality of Aghia Varvara": {
      "%": 1.2345679,
      "v": 20
    },
    "Municipality of Alimos": {
      "%": 11.764706,
      "v": 260
    },
    "EL645": {
      "%": 3.97351,
      "v": 120
    },
    "Municipality of Ilioupoli": {
      "%": 8.6124401,
      "v": 360
    },
    "EL653": {
      "%": 3.7209303,
      "v": 560
    },
    "Municipality of Aghia Paraskevi": {
      "%": 16.5625,
      "v": 530
    },
    "Rest of Department Thessaloniki": {
      "%": 3.9897039,
      "v": 620
    },
    "Rest of Prefecture East Attiki": {
      "%": 8.2969437,
      "v": 1330
    },
    "Municipality of Moschato": {
      "%": 2.9126213,
      "v": 30
    },
    "Municipality of Thermaikos": {
      "%": 5.4347825,
      "v": 50
    },
    "EL611": {
      "%": 1.7993457,
      "v": 330
    },
    "EL521": {
      "%": 1.5334064,
      "v": 140
    },
    "EL533": {
      "%": 3.0508475,
      "v": 90
    },
    "EL421": {
      "%": 3.27654,
      "v": 250
    },
    "Municipality of Nikea": {
      "%": 2.131783,
      "v": 110
    },
    "EL433": {
      "%": 4.373178,
      "v": 150
    },
    "Municipality of Keratsini": {
      "%": 1.9125683,
      "v": 70
    },
    "Municipality of Sykees": {
      "%": 4.1284404,
      "v": 90
    },
    "Municipality of Aghii Anargyri": {
      "%": 4.1666665,
      "v": 60
    },
    "Municipality of Kessariani": {
      "%": 3.6231885,
      "v": 50
    },
    "Municipality of Acharnes": {
      "%": 1.9417475,
      "v": 60
    },
    "EL431": {
      "%": 4.160584,
      "v": 570
    },
    "Municipality of Zografos": {
      "%": 10.047847,
      "v": 420
    },
    "Municipality of Echedoro": {
      "%": 1.5748031,
      "v": 20
    },
    "EL542": {
      "%": 2.734375,
      "v": 70
    }
  }
}