{
  "original_file": "Greece_2001.csv",
  "year": 2001,
  "country": "GR",
  "var": "ed_isced_0to2_15to24",
  "data": {
    "Municipality of Neapoli": {
      "%": 34.541061,
      "v": 1430
    },
    "Rest of Prefecture Athens": {
      "%": 35.82296,
      "v": 7770
    },
    "EL632": {
      "%": 41.635532,
      "v": 20060
    },
    "EL527": {
      "%": 51.55521,
      "v": 6630
    },
    "EL515": {
      "%": 50.865265,
      "v": 8230
    },
    "Municipality of Vrilissia": {
      "%": 34.177216,
      "v": 1080
    },
    "Municipality of Aegaleo": {
      "%": 37.417763,
      "v": 4550
    },
    "Rest of Prefecture Pireas": {
      "%": 47.820824,
      "v": 3950
    },
    "Municipality of Chaidari": {
      "%": 35.98616,
      "v": 2080
    },
    "Municipality of Metamorfossi": {
      "%": 34.659092,
      "v": 1220
    },
    "EL622": {
      "%": 53.595257,
      "v": 7230
    },
    "Municipality of Nea Philadelfia": {
      "%": 42.46154,
      "v": 1380
    },
    "EL643": {
      "%": 47.583645,
      "v": 1280
    },
    "EL612": {
      "%": 48.018513,
      "v": 16600
    },
    "EL644": {
      "%": 46.98175,
      "v": 10040
    },
    "Municipality of Thessaloniki": {
      "%": 27.376698,
      "v": 15320
    },
    "EL512": {
      "%": 64.827583,
      "v": 9400
    },
    "EL621": {
      "%": 60.860657,
      "v": 2970
    },
    "EL613": {
      "%": 48.432056,
      "v": 12510
    },
    "EL633": {
      "%": 54.628475,
      "v": 13160
    },
    "Municipality of Megara": {
      "%": 50.26738,
      "v": 1880
    },
    "EL514": {
      "%": 48.245613,
      "v": 5500
    },
    "Municipality of Kifissia": {
      "%": 32.442749,
      "v": 1700
    },
    "EL411": {
      "%": 53.379551,
      "v": 6160
    },
    "EL651": {
      "%": 50.15041,
      "v": 11670
    },
    "Municipality of Salamina": {
      "%": 48.973606,
      "v": 1670
    },
    "Municipality of Perama": {
      "%": 44.887779,
      "v": 1800
    },
    "Municipality of Abelokipi": {
      "%": 37.322834,
      "v": 2370
    },
    "EL652": {
      "%": 54.565456,
      "v": 9920
    },
    "Municipality of Athens": {
      "%": 32.400421,
      "v": 30910
    },
    "Municipality of Elefsina": {
      "%": 55.688622,
      "v": 1860
    },
    "Municipality of Kamatero": {
      "%": 40.863789,
      "v": 1230
    },
    "Municipality of Ilio (Nea Liossia)": {
      "%": 44.46323,
      "v": 5260
    },
    "EL624": {
      "%": 50.234741,
      "v": 1070
    },
    "EL412": {
      "%": 45.945946,
      "v": 2210
    },
    "Municipality of Koropi": {
      "%": 47.67802,
      "v": 1540
    },
    "EL525": {
      "%": 47.516338,
      "v": 7270
    },
    "Municipality of Petroupoli": {
      "%": 37.854889,
      "v": 2400
    },
    "EL434": {
      "%": 52.93782,
      "v": 9280
    },
    "EL623": {
      "%": 51.252846,
      "v": 2250
    },
    "Municipality of Pylea": {
      "%": 38.395416,
      "v": 1340
    },
    "EL513": {
      "%": 60.580093,
      "v": 9190
    },
    "EL511": {
      "%": 49.573692,
      "v": 8140
    },
    "Municipality of Nea Ionia": {
      "%": 39.041096,
      "v": 3420
    },
    "Municipality of Iraklio": {
      "%": 39.418415,
      "v": 2440
    },
    "Municipality of Kalamaria": {
      "%": 36.162987,
      "v": 4260
    },
    "Municipality of Aghios Dimitrios": {
      "%": 36.585365,
      "v": 3150
    },
    "Municipality of Amaroussio": {
      "%": 31.632652,
      "v": 2790
    },
    "EL523": {
      "%": 48.643215,
      "v": 4840
    },
    "EL432": {
      "%": 55.052265,
      "v": 4740
    },
    "Municipality of Eleftherio-Kordelio": {
      "%": 51.572327,
      "v": 1640
    },
    "Rest of Prefecture West Attiki": {
      "%": 47.657513,
      "v": 2950
    },
    "EL532": {
      "%": 44.732578,
      "v": 2760
    },
    "Municipality of Polichni": {
      "%": 45.904762,
      "v": 2410
    },
    "Municipality of Aspropyrgos": {
      "%": 64.137932,
      "v": 2790
    },
    "Municipality of Ano Liossia": {
      "%": 57.311321,
      "v": 2430
    },
    "Municipality of Korydallos": {
      "%": 37.629936,
      "v": 3620
    },
    "Municipality of Peristeri": {
      "%": 41.731468,
      "v": 8050
    },
    "EL543": {
      "%": 36.015491,
      "v": 8370
    },
    "EL631": {
      "%": 55.353535,
      "v": 16440
    },
    "EL642": {
      "%": 50.324799,
      "v": 13170
    },
    "Municipality of Galatsi": {
      "%": 35.058216,
      "v": 2710
    },
    "EL422": {
      "%": 53.203568,
      "v": 6560
    },
    "Municipality of Voula": {
      "%": 35.757576,
      "v": 1180
    },
    "Municipality of Glyfada": {
      "%": 34.838711,
      "v": 3780
    },
    "Municipality of Nea Smyrni": {
      "%": 32.146709,
      "v": 2980
    },
    "Municipality of Evosmo": {
      "%": 48.920864,
      "v": 3400
    },
    "Municipality of Paleo Faliro": {
      "%": 31.125828,
      "v": 2350
    },
    "EL641": {
      "%": 50.717403,
      "v": 8130
    },
    "Municipality of Kallithea": {
      "%": 33.253731,
      "v": 5570
    },
    "Municipality of Vyron": {
      "%": 32.524273,
      "v": 2680
    },
    "EL541": {
      "%": 48.478836,
      "v": 7330
    },
    "EL531": {
      "%": 43.583004,
      "v": 9950
    },
    "EL413": {
      "%": 47.377048,
      "v": 2890
    },
    "Municipality of Chalandri": {
      "%": 35.721924,
      "v": 3340
    },
    "Municipality of Argyroupoli": {
      "%": 32.819382,
      "v": 1490
    },
    "Municipality of Stavroupoli": {
      "%": 45.409836,
      "v": 2770
    },
    "Municipality of Dafni": {
      "%": 33.630951,
      "v": 1130
    },
    "Municipality of Cholargos": {
      "%": 28.989361,
      "v": 1090
    },
    "EL524": {
      "%": 55.819622,
      "v": 9160
    },
    "Municipality of Pireas": {
      "%": 37.342545,
      "v": 9190
    },
    "EL526": {
      "%": 47.401432,
      "v": 10580
    },
    "Municipality of Aghia Varvara": {
      "%": 43.095238,
      "v": 1810
    },
    "Municipality of Alimos": {
      "%": 35.869564,
      "v": 1650
    },
    "EL645": {
      "%": 43.091335,
      "v": 1840
    },
    "Municipality of Ilioupoli": {
      "%": 36.26033,
      "v": 3510
    },
    "EL653": {
      "%": 52.523876,
      "v": 15400
    },
    "Municipality of Aghia Paraskevi": {
      "%": 32.390381,
      "v": 2290
    },
    "Rest of Department Thessaloniki": {
      "%": 45.760357,
      "v": 16460
    },
    "Rest of Prefecture East Attiki": {
      "%": 40.399075,
      "v": 13970
    },
    "Municipality of Moschato": {
      "%": 37.748344,
      "v": 1140
    },
    "Municipality of Thermaikos": {
      "%": 39.240505,
      "v": 930
    },
    "EL611": {
      "%": 53.460533,
      "v": 14290
    },
    "EL521": {
      "%": 53.913044,
      "v": 9300
    },
    "EL533": {
      "%": 44.900848,
      "v": 3170
    },
    "EL421": {
      "%": 50.965405,
      "v": 12670
    },
    "Municipality of Nikea": {
      "%": 42.304775,
      "v": 5580
    },
    "EL433": {
      "%": 49.047226,
      "v": 5920
    },
    "Municipality of Keratsini": {
      "%": 42.660549,
      "v": 4650
    },
    "Municipality of Sykees": {
      "%": 39.107143,
      "v": 2190
    },
    "Municipality of Aghii Anargyri": {
      "%": 41.025642,
      "v": 1920
    },
    "Municipality of Kessariani": {
      "%": 31.578947,
      "v": 1020
    },
    "Municipality of Acharnes": {
      "%": 53.751102,
      "v": 6090
    },
    "EL431": {
      "%": 51.232006,
      "v": 21000
    },
    "Municipality of Zografos": {
      "%": 24.814264,
      "v": 3340
    },
    "Municipality of Echedoro": {
      "%": 52.617802,
      "v": 2010
    },
    "EL542": {
      "%": 53.053436,
      "v": 2780
    }
  }
}