{
  "original_file": "Greece_2001.csv",
  "year": 2001,
  "country": "GR",
  "var": "ed_isced_6to8_45to54",
  "data": {
    "Municipality of Neapoli": {
      "%": 8.8161211,
      "v": 350
    },
    "Rest of Prefecture Athens": {
      "%": 33.495735,
      "v": 8250
    },
    "EL632": {
      "%": 11.865298,
      "v": 4510
    },
    "EL527": {
      "%": 11.562021,
      "v": 1510
    },
    "EL515": {
      "%": 9.7168236,
      "v": 1750
    },
    "Municipality of Vrilissia": {
      "%": 42.822384,
      "v": 1760
    },
    "Municipality of Aegaleo": {
      "%": 10.440123,
      "v": 1020
    },
    "Rest of Prefecture Pireas": {
      "%": 7.8043704,
      "v": 750
    },
    "Municipality of Chaidari": {
      "%": 12.5,
      "v": 710
    },
    "Municipality of Metamorfossi": {
      "%": 8.0118694,
      "v": 270
    },
    "EL622": {
      "%": 9.2914438,
      "v": 1390
    },
    "Municipality of Nea Philadelfia": {
      "%": 10.526316,
      "v": 340
    },
    "EL643": {
      "%": 9.8305082,
      "v": 290
    },
    "EL612": {
      "%": 10.979486,
      "v": 3800
    },
    "EL644": {
      "%": 10.054482,
      "v": 2030
    },
    "Municipality of Thessaloniki": {
      "%": 21.745996,
      "v": 9640
    },
    "EL512": {
      "%": 7.6150627,
      "v": 910
    },
    "EL621": {
      "%": 9.5768375,
      "v": 430
    },
    "EL613": {
      "%": 11.716301,
      "v": 2990
    },
    "EL633": {
      "%": 6.0553632,
      "v": 1400
    },
    "Municipality of Megara": {
      "%": 5.8823528,
      "v": 200
    },
    "EL514": {
      "%": 8.7248325,
      "v": 1040
    },
    "Municipality of Kifissia": {
      "%": 39.907551,
      "v": 2590
    },
    "EL411": {
      "%": 8.666667,
      "v": 1040
    },
    "EL651": {
      "%": 10.346284,
      "v": 2450
    },
    "Municipality of Salamina": {
      "%": 8.446866,
      "v": 310
    },
    "Municipality of Perama": {
      "%": 4.7619047,
      "v": 180
    },
    "Municipality of Abelokipi": {
      "%": 7.6512456,
      "v": 430
    },
    "EL652": {
      "%": 10.005003,
      "v": 2000
    },
    "Municipality of Athens": {
      "%": 20.915815,
      "v": 19230
    },
    "Municipality of Elefsina": {
      "%": 5.7915058,
      "v": 150
    },
    "Municipality of Kamatero": {
      "%": 6.1728396,
      "v": 150
    },
    "Municipality of Ilio (Nea Liossia)": {
      "%": 7.5195313,
      "v": 770
    },
    "EL624": {
      "%": 11.355311,
      "v": 310
    },
    "EL412": {
      "%": 8.8408642,
      "v": 450
    },
    "Municipality of Koropi": {
      "%": 10.5919,
      "v": 340
    },
    "EL525": {
      "%": 9.1029902,
      "v": 1370
    },
    "Municipality of Petroupoli": {
      "%": 9.6121416,
      "v": 570
    },
    "EL434": {
      "%": 12.580834,
      "v": 2140
    },
    "EL623": {
      "%": 9.3821507,
      "v": 410
    },
    "Municipality of Pylea": {
      "%": 29.131653,
      "v": 1040
    },
    "EL513": {
      "%": 7.7031803,
      "v": 1090
    },
    "EL511": {
      "%": 8.7647057,
      "v": 1490
    },
    "Municipality of Nea Ionia": {
      "%": 12.5,
      "v": 1050
    },
    "Municipality of Iraklio": {
      "%": 20.031546,
      "v": 1270
    },
    "Municipality of Kalamaria": {
      "%": 24.453442,
      "v": 3020
    },
    "Municipality of Aghios Dimitrios": {
      "%": 9.5663261,
      "v": 750
    },
    "Municipality of Amaroussio": {
      "%": 31.344793,
      "v": 3100
    },
    "EL523": {
      "%": 6.329114,
      "v": 550
    },
    "EL432": {
      "%": 10.855263,
      "v": 990
    },
    "Municipality of Eleftherio-Kordelio": {
      "%": 6.1302681,
      "v": 160
    },
    "Rest of Prefecture West Attiki": {
      "%": 7.5187969,
      "v": 400
    },
    "EL532": {
      "%": 7.8651686,
      "v": 490
    },
    "Municipality of Polichni": {
      "%": 6.5853658,
      "v": 270
    },
    "Municipality of Aspropyrgos": {
      "%": 5.5147057,
      "v": 150
    },
    "Municipality of Ano Liossia": {
      "%": 4.5307446,
      "v": 140
    },
    "Municipality of Korydallos": {
      "%": 8.6114101,
      "v": 800
    },
    "Municipality of Peristeri": {
      "%": 7.643312,
      "v": 1320
    },
    "EL543": {
      "%": 14.0625,
      "v": 3060
    },
    "EL631": {
      "%": 8.4507046,
      "v": 2220
    },
    "EL642": {
      "%": 8.7978764,
      "v": 2320
    },
    "Municipality of Galatsi": {
      "%": 13.189772,
      "v": 980
    },
    "EL422": {
      "%": 9.5165005,
      "v": 1240
    },
    "Municipality of Voula": {
      "%": 33.665836,
      "v": 1350
    },
    "Municipality of Glyfada": {
      "%": 27.459368,
      "v": 3210
    },
    "Municipality of Nea Smyrni": {
      "%": 26.367188,
      "v": 2700
    },
    "Municipality of Evosmo": {
      "%": 5.4054055,
      "v": 300
    },
    "Municipality of Paleo Faliro": {
      "%": 23.641851,
      "v": 2350
    },
    "EL641": {
      "%": 7.4656191,
      "v": 1140
    },
    "Municipality of Kallithea": {
      "%": 13.866667,
      "v": 2080
    },
    "Municipality of Vyron": {
      "%": 19.117647,
      "v": 1560
    },
    "EL541": {
      "%": 10.0,
      "v": 1780
    },
    "EL531": {
      "%": 8.3372583,
      "v": 1770
    },
    "EL413": {
      "%": 9.21875,
      "v": 590
    },
    "Municipality of Chalandri": {
      "%": 34.85881,
      "v": 3580
    },
    "Municipality of Argyroupoli": {
      "%": 13.5,
      "v": 540
    },
    "Municipality of Stavroupoli": {
      "%": 7.0780401,
      "v": 390
    },
    "Municipality of Dafni": {
      "%": 9.8412695,
      "v": 310
    },
    "Municipality of Cholargos": {
      "%": 36.276848,
      "v": 1520
    },
    "EL524": {
      "%": 7.4590659,
      "v": 1230
    },
    "Municipality of Pireas": {
      "%": 12.149532,
      "v": 2860
    },
    "EL526": {
      "%": 7.8032231,
      "v": 1840
    },
    "Municipality of Aghia Varvara": {
      "%": 5.0279331,
      "v": 180
    },
    "Municipality of Alimos": {
      "%": 26.112186,
      "v": 1350
    },
    "EL645": {
      "%": 12.40458,
      "v": 650
    },
    "Municipality of Ilioupoli": {
      "%": 18.875502,
      "v": 1880
    },
    "EL653": {
      "%": 9.7967348,
      "v": 2940
    },
    "Municipality of Aghia Paraskevi": {
      "%": 34.803337,
      "v": 2920
    },
    "Rest of Department Thessaloniki": {
      "%": 11.807013,
      "v": 3940
    },
    "Rest of Prefecture East Attiki": {
      "%": 17.424242,
      "v": 6440
    },
    "Municipality of Moschato": {
      "%": 15.123457,
      "v": 490
    },
    "Municipality of Thermaikos": {
      "%": 18.032787,
      "v": 440
    },
    "EL611": {
      "%": 8.5990334,
      "v": 2670
    },
    "EL521": {
      "%": 9.4359512,
      "v": 1790
    },
    "EL533": {
      "%": 10.416667,
      "v": 600
    },
    "EL421": {
      "%": 8.7009802,
      "v": 2130
    },
    "Municipality of Nikea": {
      "%": 7.3209977,
      "v": 910
    },
    "EL433": {
      "%": 12.296984,
      "v": 1060
    },
    "Municipality of Keratsini": {
      "%": 4.032258,
      "v": 400
    },
    "Municipality of Sykees": {
      "%": 9.4488192,
      "v": 480
    },
    "Municipality of Aghii Anargyri": {
      "%": 10.023867,
      "v": 420
    },
    "Municipality of Kessariani": {
      "%": 14.071856,
      "v": 470
    },
    "Municipality of Acharnes": {
      "%": 5.2934408,
      "v": 460
    },
    "EL431": {
      "%": 11.781946,
      "v": 4020
    },
    "Municipality of Zografos": {
      "%": 20.958084,
      "v": 2100
    },
    "Municipality of Echedoro": {
      "%": 4.693141,
      "v": 130
    },
    "EL542": {
      "%": 8.532423,
      "v": 500
    }
  }
}