{
  "original_file": "Greece_2001.csv",
  "year": 2001,
  "country": "GR",
  "var": "ed_isced_6to8_f_35to44",
  "data": {
    "Municipality of Neapoli": {
      "%": 11.961722,
      "v": 250
    },
    "Rest of Prefecture Athens": {
      "%": 32.67688,
      "v": 4480
    },
    "EL632": {
      "%": 12.343298,
      "v": 2560
    },
    "EL527": {
      "%": 11.044776,
      "v": 740
    },
    "EL515": {
      "%": 11.13381,
      "v": 1090
    },
    "Municipality of Vrilissia": {
      "%": 37.117905,
      "v": 850
    },
    "Municipality of Aegaleo": {
      "%": 9.4178085,
      "v": 550
    },
    "Rest of Prefecture Pireas": {
      "%": 10.082305,
      "v": 490
    },
    "Municipality of Chaidari": {
      "%": 15.277778,
      "v": 550
    },
    "Municipality of Metamorfossi": {
      "%": 14.0625,
      "v": 270
    },
    "EL622": {
      "%": 10.128205,
      "v": 790
    },
    "Municipality of Nea Philadelfia": {
      "%": 13.888889,
      "v": 250
    },
    "EL643": {
      "%": 11.940298,
      "v": 160
    },
    "EL612": {
      "%": 16.06539,
      "v": 2850
    },
    "EL644": {
      "%": 9.7605896,
      "v": 1060
    },
    "Municipality of Thessaloniki": {
      "%": 26.28153,
      "v": 6460
    },
    "EL512": {
      "%": 9.5628414,
      "v": 700
    },
    "EL621": {
      "%": 8.9285717,
      "v": 250
    },
    "EL613": {
      "%": 14.112616,
      "v": 1980
    },
    "EL633": {
      "%": 8.134758,
      "v": 990
    },
    "Municipality of Megara": {
      "%": 9.4972067,
      "v": 170
    },
    "EL514": {
      "%": 10.9375,
      "v": 700
    },
    "Municipality of Kifissia": {
      "%": 36.388889,
      "v": 1310
    },
    "EL411": {
      "%": 13.897763,
      "v": 870
    },
    "EL651": {
      "%": 10.281797,
      "v": 1350
    },
    "Municipality of Salamina": {
      "%": 7.9545455,
      "v": 140
    },
    "Municipality of Perama": {
      "%": 5.0925927,
      "v": 110
    },
    "Municipality of Abelokipi": {
      "%": 13.981763,
      "v": 460
    },
    "EL652": {
      "%": 9.9487181,
      "v": 970
    },
    "Municipality of Athens": {
      "%": 23.31567,
      "v": 12320
    },
    "Municipality of Elefsina": {
      "%": 5.5248618,
      "v": 100
    },
    "Municipality of Kamatero": {
      "%": 7.6923075,
      "v": 130
    },
    "Municipality of Ilio (Nea Liossia)": {
      "%": 11.596386,
      "v": 770
    },
    "EL624": {
      "%": 12.765958,
      "v": 180
    },
    "EL412": {
      "%": 10.31746,
      "v": 260
    },
    "Municipality of Koropi": {
      "%": 9.032258,
      "v": 140
    },
    "EL525": {
      "%": 13.325472,
      "v": 1130
    },
    "Municipality of Petroupoli": {
      "%": 14.102564,
      "v": 550
    },
    "EL434": {
      "%": 13.77551,
      "v": 1350
    },
    "EL623": {
      "%": 11.47541,
      "v": 280
    },
    "Municipality of Pylea": {
      "%": 21.73913,
      "v": 400
    },
    "EL513": {
      "%": 9.1030788,
      "v": 680
    },
    "EL511": {
      "%": 11.811927,
      "v": 1030
    },
    "Municipality of Nea Ionia": {
      "%": 12.237094,
      "v": 640
    },
    "Municipality of Iraklio": {
      "%": 19.783197,
      "v": 730
    },
    "Municipality of Kalamaria": {
      "%": 25.033648,
      "v": 1860
    },
    "Municipality of Aghios Dimitrios": {
      "%": 14.476191,
      "v": 760
    },
    "Municipality of Amaroussio": {
      "%": 30.711611,
      "v": 1640
    },
    "EL523": {
      "%": 9.6654272,
      "v": 520
    },
    "EL432": {
      "%": 9.3360996,
      "v": 450
    },
    "Municipality of Eleftherio-Kordelio": {
      "%": 8.5106382,
      "v": 160
    },
    "Rest of Prefecture West Attiki": {
      "%": 8.4175081,
      "v": 250
    },
    "EL532": {
      "%": 10.638298,
      "v": 400
    },
    "Municipality of Polichni": {
      "%": 11.671925,
      "v": 370
    },
    "Municipality of Aspropyrgos": {
      "%": 6.5326633,
      "v": 130
    },
    "Municipality of Ano Liossia": {
      "%": 6.0240965,
      "v": 100
    },
    "Municipality of Korydallos": {
      "%": 11.24498,
      "v": 560
    },
    "Municipality of Peristeri": {
      "%": 9.2696629,
      "v": 990
    },
    "EL543": {
      "%": 12.848605,
      "v": 1290
    },
    "EL631": {
      "%": 10.368144,
      "v": 1380
    },
    "EL642": {
      "%": 10.098177,
      "v": 1440
    },
    "Municipality of Galatsi": {
      "%": 19.486082,
      "v": 910
    },
    "EL422": {
      "%": 10.872675,
      "v": 760
    },
    "Municipality of Voula": {
      "%": 35.483871,
      "v": 770
    },
    "Municipality of Glyfada": {
      "%": 26.636906,
      "v": 1790
    },
    "Municipality of Nea Smyrni": {
      "%": 29.264214,
      "v": 1750
    },
    "Municipality of Evosmo": {
      "%": 11.320755,
      "v": 480
    },
    "Municipality of Paleo Faliro": {
      "%": 28.7796,
      "v": 1580
    },
    "EL641": {
      "%": 10.615199,
      "v": 880
    },
    "Municipality of Kallithea": {
      "%": 18.136021,
      "v": 1440
    },
    "Municipality of Vyron": {
      "%": 19.415449,
      "v": 930
    },
    "EL541": {
      "%": 11.864407,
      "v": 910
    },
    "EL531": {
      "%": 9.5200634,
      "v": 1210
    },
    "EL413": {
      "%": 9.659091,
      "v": 340
    },
    "Municipality of Chalandri": {
      "%": 33.885818,
      "v": 1840
    },
    "Municipality of Argyroupoli": {
      "%": 15.648855,
      "v": 410
    },
    "Municipality of Stavroupoli": {
      "%": 8.2595873,
      "v": 280
    },
    "Municipality of Dafni": {
      "%": 16.883118,
      "v": 260
    },
    "Municipality of Cholargos": {
      "%": 37.200001,
      "v": 930
    },
    "EL524": {
      "%": 9.8663921,
      "v": 960
    },
    "Municipality of Pireas": {
      "%": 14.578588,
      "v": 1920
    },
    "EL526": {
      "%": 12.126245,
      "v": 1460
    },
    "Municipality of Aghia Varvara": {
      "%": 12.0,
      "v": 270
    },
    "Municipality of Alimos": {
      "%": 26.332289,
      "v": 840
    },
    "EL645": {
      "%": 11.111111,
      "v": 300
    },
    "Municipality of Ilioupoli": {
      "%": 24.054983,
      "v": 1400
    },
    "EL653": {
      "%": 10.357583,
      "v": 1680
    },
    "Municipality of Aghia Paraskevi": {
      "%": 34.065933,
      "v": 1550
    },
    "Rest of Department Thessaloniki": {
      "%": 15.876398,
      "v": 2980
    },
    "Rest of Prefecture East Attiki": {
      "%": 17.969196,
      "v": 3150
    },
    "Municipality of Moschato": {
      "%": 19.417477,
      "v": 400
    },
    "Municipality of Thermaikos": {
      "%": 23.214285,
      "v": 390
    },
    "EL611": {
      "%": 12.740544,
      "v": 1920
    },
    "EL521": {
      "%": 12.660944,
      "v": 1180
    },
    "EL533": {
      "%": 10.46832,
      "v": 380
    },
    "EL421": {
      "%": 12.448475,
      "v": 1510
    },
    "Municipality of Nikea": {
      "%": 11.565585,
      "v": 820
    },
    "EL433": {
      "%": 12.751678,
      "v": 570
    },
    "Municipality of Keratsini": {
      "%": 6.7692308,
      "v": 440
    },
    "Municipality of Sykees": {
      "%": 14.589665,
      "v": 480
    },
    "Municipality of Aghii Anargyri": {
      "%": 16.41791,
      "v": 440
    },
    "Municipality of Kessariani": {
      "%": 23.936171,
      "v": 450
    },
    "Municipality of Acharnes": {
      "%": 7.90378,
      "v": 460
    },
    "EL431": {
      "%": 14.63283,
      "v": 2710
    },
    "Municipality of Zografos": {
      "%": 24.642857,
      "v": 1380
    },
    "Municipality of Echedoro": {
      "%": 7.3619633,
      "v": 120
    },
    "EL542": {
      "%": 9.1575089,
      "v": 250
    }
  }
}