{
  "original_file": "Greece_2001.csv",
  "year": 2001,
  "country": "GR",
  "var": "ed_isced_0to2_m",
  "data": {
    "Municipality of Neapoli": {
      "%": 46.756531,
      "v": 5550
    },
    "Rest of Prefecture Athens": {
      "%": 25.842018,
      "v": 17110
    },
    "EL632": {
      "%": 52.400902,
      "v": 65040
    },
    "EL527": {
      "%": 62.10014,
      "v": 26790
    },
    "EL515": {
      "%": 60.194176,
      "v": 34100
    },
    "Municipality of Vrilissia": {
      "%": 17.831074,
      "v": 1710
    },
    "Municipality of Aegaleo": {
      "%": 49.529068,
      "v": 15250
    },
    "Rest of Prefecture Pireas": {
      "%": 57.785126,
      "v": 17480
    },
    "Municipality of Chaidari": {
      "%": 39.249146,
      "v": 6900
    },
    "Municipality of Metamorfossi": {
      "%": 48.103794,
      "v": 4820
    },
    "EL622": {
      "%": 61.904762,
      "v": 27560
    },
    "Municipality of Nea Philadelfia": {
      "%": 39.734425,
      "v": 3890
    },
    "EL643": {
      "%": 66.292137,
      "v": 7080
    },
    "EL612": {
      "%": 60.083683,
      "v": 64620
    },
    "EL644": {
      "%": 58.85886,
      "v": 43120
    },
    "Municipality of Thessaloniki": {
      "%": 32.676037,
      "v": 44410
    },
    "EL512": {
      "%": 67.47522,
      "v": 25870
    },
    "EL621": {
      "%": 70.323402,
      "v": 11090
    },
    "EL613": {
      "%": 53.63739,
      "v": 42690
    },
    "EL633": {
      "%": 67.896683,
      "v": 53360
    },
    "Municipality of Megara": {
      "%": 59.732826,
      "v": 6260
    },
    "EL514": {
      "%": 62.278927,
      "v": 24650
    },
    "Municipality of Kifissia": {
      "%": 19.291819,
      "v": 3160
    },
    "EL411": {
      "%": 63.81065,
      "v": 26960
    },
    "EL651": {
      "%": 62.555595,
      "v": 52040
    },
    "Municipality of Salamina": {
      "%": 56.715141,
      "v": 6630
    },
    "Municipality of Perama": {
      "%": 54.391216,
      "v": 5450
    },
    "Municipality of Abelokipi": {
      "%": 48.0625,
      "v": 7690
    },
    "EL652": {
      "%": 58.069748,
      "v": 35800
    },
    "Municipality of Athens": {
      "%": 32.101246,
      "v": 89540
    },
    "Municipality of Elefsina": {
      "%": 51.582279,
      "v": 4890
    },
    "Municipality of Kamatero": {
      "%": 51.044083,
      "v": 4400
    },
    "Municipality of Ilio (Nea Liossia)": {
      "%": 48.195061,
      "v": 15220
    },
    "EL624": {
      "%": 61.105091,
      "v": 5640
    },
    "EL412": {
      "%": 60.104225,
      "v": 10380
    },
    "Municipality of Koropi": {
      "%": 49.746708,
      "v": 4910
    },
    "EL525": {
      "%": 63.328716,
      "v": 32000
    },
    "Municipality of Petroupoli": {
      "%": 42.027397,
      "v": 7670
    },
    "EL434": {
      "%": 55.216377,
      "v": 30750
    },
    "EL623": {
      "%": 57.760193,
      "v": 9490
    },
    "Municipality of Pylea": {
      "%": 32.777779,
      "v": 2950
    },
    "EL513": {
      "%": 71.101677,
      "v": 30140
    },
    "EL511": {
      "%": 63.623421,
      "v": 35750
    },
    "Municipality of Nea Ionia": {
      "%": 43.231441,
      "v": 10890
    },
    "Municipality of Iraklio": {
      "%": 34.301369,
      "v": 6260
    },
    "Municipality of Kalamaria": {
      "%": 32.859734,
      "v": 10870
    },
    "Municipality of Aghios Dimitrios": {
      "%": 42.845943,
      "v": 10930
    },
    "Municipality of Amaroussio": {
      "%": 24.390244,
      "v": 6300
    },
    "EL523": {
      "%": 65.357765,
      "v": 22470
    },
    "EL432": {
      "%": 61.78595,
      "v": 18820
    },
    "Municipality of Eleftherio-Kordelio": {
      "%": 53.932583,
      "v": 4320
    },
    "Rest of Prefecture West Attiki": {
      "%": 54.868916,
      "v": 8790
    },
    "EL532": {
      "%": 65.942368,
      "v": 13960
    },
    "Municipality of Polichni": {
      "%": 51.214287,
      "v": 7170
    },
    "Municipality of Aspropyrgos": {
      "%": 60.786289,
      "v": 6030
    },
    "Municipality of Ano Liossia": {
      "%": 64.711937,
      "v": 6290
    },
    "Municipality of Korydallos": {
      "%": 42.370937,
      "v": 11080
    },
    "Municipality of Peristeri": {
      "%": 51.260506,
      "v": 28060
    },
    "EL543": {
      "%": 55.871887,
      "v": 37680
    },
    "EL631": {
      "%": 67.337982,
      "v": 59850
    },
    "EL642": {
      "%": 59.211586,
      "v": 51520
    },
    "Municipality of Galatsi": {
      "%": 35.253357,
      "v": 8140
    },
    "EL422": {
      "%": 62.858414,
      "v": 28280
    },
    "Municipality of Voula": {
      "%": 18.404907,
      "v": 1800
    },
    "Municipality of Glyfada": {
      "%": 25.623131,
      "v": 7710
    },
    "Municipality of Nea Smyrni": {
      "%": 23.049133,
      "v": 6380
    },
    "Municipality of Evosmo": {
      "%": 48.222332,
      "v": 9630
    },
    "Municipality of Paleo Faliro": {
      "%": 24.259407,
      "v": 6060
    },
    "EL641": {
      "%": 61.510654,
      "v": 32330
    },
    "Municipality of Kallithea": {
      "%": 34.053158,
      "v": 14350
    },
    "Municipality of Vyron": {
      "%": 31.288595,
      "v": 7600
    },
    "EL541": {
      "%": 66.434082,
      "v": 36180
    },
    "EL531": {
      "%": 58.739864,
      "v": 44190
    },
    "EL413": {
      "%": 54.221573,
      "v": 11110
    },
    "Municipality of Chalandri": {
      "%": 23.979404,
      "v": 6520
    },
    "Municipality of Argyroupoli": {
      "%": 35.641228,
      "v": 4530
    },
    "Municipality of Stavroupoli": {
      "%": 53.065136,
      "v": 8310
    },
    "Municipality of Dafni": {
      "%": 42.528736,
      "v": 4070
    },
    "Municipality of Cholargos": {
      "%": 19.54114,
      "v": 2470
    },
    "EL524": {
      "%": 68.469086,
      "v": 39760
    },
    "Municipality of Pireas": {
      "%": 36.349045,
      "v": 24910
    },
    "EL526": {
      "%": 68.315605,
      "v": 55240
    },
    "Municipality of Aghia Varvara": {
      "%": 53.004486,
      "v": 5910
    },
    "Municipality of Alimos": {
      "%": 26.151762,
      "v": 3860
    },
    "EL645": {
      "%": 53.933189,
      "v": 10010
    },
    "Municipality of Ilioupoli": {
      "%": 34.330925,
      "v": 9980
    },
    "EL653": {
      "%": 63.288944,
      "v": 69390
    },
    "Municipality of Aghia Paraskevi": {
      "%": 20.663862,
      "v": 4420
    },
    "Rest of Department Thessaloniki": {
      "%": 57.126888,
      "v": 61320
    },
    "Rest of Prefecture East Attiki": {
      "%": 42.602203,
      "v": 46790
    },
    "Municipality of Moschato": {
      "%": 34.433445,
      "v": 3130
    },
    "Municipality of Thermaikos": {
      "%": 34.207077,
      "v": 2610
    },
    "EL611": {
      "%": 67.275009,
      "v": 69670
    },
    "EL521": {
      "%": 62.735596,
      "v": 34950
    },
    "EL533": {
      "%": 62.947468,
      "v": 13540
    },
    "EL421": {
      "%": 56.710323,
      "v": 40270
    },
    "Municipality of Nikea": {
      "%": 49.286674,
      "v": 18310
    },
    "EL433": {
      "%": 60.73539,
      "v": 18500
    },
    "Municipality of Keratsini": {
      "%": 46.053513,
      "v": 13770
    },
    "Municipality of Sykees": {
      "%": 48.085373,
      "v": 7660
    },
    "Municipality of Aghii Anargyri": {
      "%": 42.211838,
      "v": 5420
    },
    "Municipality of Kessariani": {
      "%": 38.877552,
      "v": 3810
    },
    "Municipality of Acharnes": {
      "%": 57.963818,
      "v": 16340
    },
    "EL431": {
      "%": 59.478989,
      "v": 66670
    },
    "Municipality of Zografos": {
      "%": 26.294416,
      "v": 7770
    },
    "Municipality of Echedoro": {
      "%": 60.583153,
      "v": 5610
    },
    "EL542": {
      "%": 67.104515,
      "v": 11750
    }
  }
}