{
  "original_file": "Greece_1981.csv",
  "year": 1981,
  "country": "GR",
  "var": "ed_isced_0to2_f_55to64",
  "data": {
    "Municipality of Voula": {
      "%": 59.615383,
      "v": 310
    },
    "Municipality of Metamorfossi": {
      "%": 98.46154,
      "v": 640
    },
    "EL524": {
      "%": 97.619049,
      "v": 4920
    },
    "Municipality of Neapoli": {
      "%": 97.52066,
      "v": 1180
    },
    "EL613": {
      "%": 94.438614,
      "v": 9000
    },
    "EL543": {
      "%": 95.931755,
      "v": 7310
    },
    "EL612": {
      "%": 96.678322,
      "v": 11060
    },
    "EL527": {
      "%": 98.84726,
      "v": 3430
    },
    "Municipality of Ilio (Nea Liossia)": {
      "%": 96.624474,
      "v": 2290
    },
    "EL413": {
      "%": 95.20295,
      "v": 2580
    },
    "EL651": {
      "%": 96.498055,
      "v": 9920
    },
    "Municipality of Stavroupoli": {
      "%": 98.809525,
      "v": 830
    },
    "Rest of Prefecture East Attiki": {
      "%": 85.570473,
      "v": 5100
    },
    "Municipality of Thermaikos": {
      "%": 93.333336,
      "v": 140
    },
    "Municipality of Galatsi": {
      "%": 90.555557,
      "v": 1630
    },
    "Municipality of Athens": {
      "%": 62.449837,
      "v": 32680
    },
    "Municipality of Aghios Dimitrios": {
      "%": 95.108696,
      "v": 1750
    },
    "EL641": {
      "%": 98.30867,
      "v": 4650
    },
    "EL411": {
      "%": 95.727852,
      "v": 6050
    },
    "EL421": {
      "%": 95.971977,
      "v": 5480
    },
    "Municipality of Zografos": {
      "%": 74.104683,
      "v": 2690
    },
    "EL652": {
      "%": 95.373665,
      "v": 5360
    },
    "Municipality of Cholargos": {
      "%": 60.736195,
      "v": 990
    },
    "Municipality of Thessaloniki": {
      "%": 77.02845,
      "v": 14620
    },
    "Municipality of Amaroussio": {
      "%": 69.911507,
      "v": 1580
    },
    "Municipality of Aspropyrgos": {
      "%": 100.0,
      "v": 530
    },
    "Municipality of Petroupoli": {
      "%": 97.894737,
      "v": 930
    },
    "Municipality of Nikea": {
      "%": 96.815285,
      "v": 4560
    },
    "Municipality of Abelokipi": {
      "%": 98.540146,
      "v": 1350
    },
    "EL512": {
      "%": 99.068321,
      "v": 3190
    },
    "EL523": {
      "%": 99.053627,
      "v": 3140
    },
    "EL542": {
      "%": 99.047623,
      "v": 2080
    },
    "Municipality of Paleo Faliro": {
      "%": 61.764706,
      "v": 1890
    },
    "EL541": {
      "%": 98.944191,
      "v": 6560
    },
    "EL631": {
      "%": 97.943924,
      "v": 10480
    },
    "EL533": {
      "%": 96.484375,
      "v": 2470
    },
    "EL531": {
      "%": 98.305084,
      "v": 7540
    },
    "Municipality of Salamina": {
      "%": 98.165138,
      "v": 1070
    },
    "EL623": {
      "%": 91.836731,
      "v": 1800
    },
    "Municipality of Perama": {
      "%": 95.876289,
      "v": 930
    },
    "Rest of Department Thessaloniki": {
      "%": 98.691101,
      "v": 7540
    },
    "EL633": {
      "%": 97.636818,
      "v": 7850
    },
    "Municipality of Dafni": {
      "%": 91.082802,
      "v": 1430
    },
    "Municipality of Ano Liossia": {
      "%": 100.0,
      "v": 430
    },
    "Municipality of Polichni": {
      "%": 98.4375,
      "v": 630
    },
    "Municipality of Nea Philadelfia": {
      "%": 83.582092,
      "v": 1120
    },
    "EL621": {
      "%": 97.402596,
      "v": 1500
    },
    "Municipality of Kalamaria": {
      "%": 92.574257,
      "v": 1870
    },
    "Municipality of Argyroupoli": {
      "%": 89.873421,
      "v": 710
    },
    "Municipality of Pylea": {
      "%": 100.0,
      "v": 290
    },
    "Municipality of Iraklio": {
      "%": 85.714287,
      "v": 1200
    },
    "Municipality of Megara": {
      "%": 92.553192,
      "v": 870
    },
    "Municipality of Koropi": {
      "%": 90.476189,
      "v": 570
    },
    "EL643": {
      "%": 97.872337,
      "v": 1380
    },
    "Municipality of Kessariani": {
      "%": 81.595093,
      "v": 1330
    },
    "EL645": {
      "%": 98.443581,
      "v": 2530
    },
    "Municipality of Kifissia": {
      "%": 52.027027,
      "v": 770
    },
    "EL624": {
      "%": 99.315071,
      "v": 1450
    },
    "EL642": {
      "%": 96.966293,
      "v": 8630
    },
    "EL611": {
      "%": 99.077362,
      "v": 13960
    },
    "Municipality of Sykees": {
      "%": 98.214287,
      "v": 1100
    },
    "Municipality of Aghii Anargyri": {
      "%": 94.594597,
      "v": 1050
    },
    "EL622": {
      "%": 95.980705,
      "v": 5970
    },
    "Municipality of Moschato": {
      "%": 85.039368,
      "v": 1080
    },
    "Municipality of Evosmo": {
      "%": 98.734177,
      "v": 780
    },
    "EL644": {
      "%": 97.892273,
      "v": 8360
    },
    "Municipality of Peristeri": {
      "%": 97.158081,
      "v": 5470
    },
    "Municipality of Acharnes": {
      "%": 97.202797,
      "v": 1390
    },
    "EL514": {
      "%": 98.966408,
      "v": 3830
    },
    "Rest of Prefecture Athens": {
      "%": 64.92308,
      "v": 4220
    },
    "EL432": {
      "%": 97.029701,
      "v": 3920
    },
    "Rest of Prefecture Pireas": {
      "%": 95.566505,
      "v": 3880
    },
    "Municipality of Echedoro": {
      "%": 100.0,
      "v": 560
    },
    "EL433": {
      "%": 97.159088,
      "v": 3420
    },
    "EL513": {
      "%": 98.747391,
      "v": 4730
    },
    "Municipality of Kallithea": {
      "%": 79.365082,
      "v": 4500
    },
    "EL521": {
      "%": 98.630135,
      "v": 5040
    },
    "EL632": {
      "%": 92.822189,
      "v": 11380
    },
    "EL526": {
      "%": 98.283752,
      "v": 8590
    },
    "Municipality of Nea Smyrni": {
      "%": 63.798218,
      "v": 2150
    },
    "Municipality of Aegaleo": {
      "%": 97.076027,
      "v": 3320
    },
    "EL525": {
      "%": 97.624702,
      "v": 4110
    },
    "Municipality of Korydallos": {
      "%": 94.814812,
      "v": 2560
    },
    "Municipality of Aghia Paraskevi": {
      "%": 75.757576,
      "v": 1000
    },
    "EL422": {
      "%": 97.742661,
      "v": 4330
    },
    "Municipality of Nea Ionia": {
      "%": 88.58268,
      "v": 2250
    },
    "Municipality of Vrilissia": {
      "%": 78.571426,
      "v": 330
    },
    "Municipality of Ilioupoli": {
      "%": 87.588654,
      "v": 2470
    },
    "EL431": {
      "%": 95.522385,
      "v": 9600
    },
    "EL434": {
      "%": 94.566811,
      "v": 6440
    },
    "Municipality of Eleftherio-Kordelio": {
      "%": 100.0,
      "v": 290
    },
    "Municipality of Pireas": {
      "%": 86.782135,
      "v": 9520
    },
    "Municipality of Glyfada": {
      "%": 72.781067,
      "v": 1230
    },
    "Municipality of Vyron": {
      "%": 88.704315,
      "v": 2670
    },
    "Municipality of Aghia Varvara": {
      "%": 97.5,
      "v": 1170
    },
    "EL515": {
      "%": 97.391304,
      "v": 5600
    },
    "Municipality of Keratsini": {
      "%": 96.941895,
      "v": 3170
    },
    "Rest of Prefecture West Attiki": {
      "%": 97.368423,
      "v": 1110
    },
    "Municipality of Chalandri": {
      "%": 70.342209,
      "v": 1850
    },
    "Municipality of Elefsina": {
      "%": 98.507462,
      "v": 660
    },
    "Municipality of Kamatero": {
      "%": 100.0,
      "v": 430
    },
    "EL653": {
      "%": 97.662888,
      "v": 13790
    },
    "Municipality of Chaidari": {
      "%": 92.647057,
      "v": 1260
    },
    "Municipality of Alimos": {
      "%": 68.939392,
      "v": 910
    },
    "EL532": {
      "%": 97.196259,
      "v": 2080
    },
    "EL511": {
      "%": 97.289589,
      "v": 6820
    },
    "EL412": {
      "%": 96.652718,
      "v": 2310
    }
  }
}