{
  "original_file": "Greece_1981.csv",
  "year": 1981,
  "country": "GR",
  "var": "ed_isced_3to5_m_15to24",
  "data": {
    "Municipality of Voula": {
      "%": 48.888889,
      "v": 220
    },
    "Municipality of Metamorfossi": {
      "%": 23.387096,
      "v": 290
    },
    "EL524": {
      "%": 14.285714,
      "v": 1210
    },
    "Municipality of Neapoli": {
      "%": 29.797979,
      "v": 590
    },
    "EL613": {
      "%": 20.930233,
      "v": 1980
    },
    "EL543": {
      "%": 27.151516,
      "v": 2240
    },
    "EL612": {
      "%": 25.17527,
      "v": 3950
    },
    "EL527": {
      "%": 13.701923,
      "v": 570
    },
    "Municipality of Ilio (Nea Liossia)": {
      "%": 22.281639,
      "v": 1250
    },
    "EL413": {
      "%": 22.996515,
      "v": 660
    },
    "EL651": {
      "%": 16.842106,
      "v": 1760
    },
    "Municipality of Stavroupoli": {
      "%": 25.945946,
      "v": 480
    },
    "Rest of Prefecture East Attiki": {
      "%": 24.457308,
      "v": 1690
    },
    "Municipality of Thermaikos": {
      "%": 35.0,
      "v": 70
    },
    "Municipality of Galatsi": {
      "%": 31.229237,
      "v": 940
    },
    "Municipality of Athens": {
      "%": 46.670429,
      "v": 24810
    },
    "Municipality of Aghios Dimitrios": {
      "%": 28.918919,
      "v": 1070
    },
    "EL641": {
      "%": 19.225037,
      "v": 1290
    },
    "EL411": {
      "%": 14.164905,
      "v": 670
    },
    "EL421": {
      "%": 14.120667,
      "v": 1100
    },
    "Municipality of Zografos": {
      "%": 50.08606,
      "v": 2910
    },
    "EL652": {
      "%": 17.575758,
      "v": 1160
    },
    "Municipality of Cholargos": {
      "%": 44.366196,
      "v": 630
    },
    "Municipality of Thessaloniki": {
      "%": 54.268291,
      "v": 16020
    },
    "Municipality of Amaroussio": {
      "%": 40.225563,
      "v": 1070
    },
    "Municipality of Aspropyrgos": {
      "%": 23.913044,
      "v": 220
    },
    "Municipality of Petroupoli": {
      "%": 27.322405,
      "v": 500
    },
    "Municipality of Nikea": {
      "%": 25.042589,
      "v": 1470
    },
    "Municipality of Abelokipi": {
      "%": 29.09091,
      "v": 800
    },
    "EL512": {
      "%": 14.159292,
      "v": 800
    },
    "EL523": {
      "%": 13.181818,
      "v": 580
    },
    "EL542": {
      "%": 12.062257,
      "v": 310
    },
    "Municipality of Paleo Faliro": {
      "%": 42.704628,
      "v": 1200
    },
    "EL541": {
      "%": 13.854595,
      "v": 1010
    },
    "EL631": {
      "%": 10.785033,
      "v": 1470
    },
    "EL533": {
      "%": 16.90962,
      "v": 580
    },
    "EL531": {
      "%": 18.820225,
      "v": 2010
    },
    "Municipality of Salamina": {
      "%": 24.545454,
      "v": 270
    },
    "EL623": {
      "%": 18.589743,
      "v": 290
    },
    "Municipality of Perama": {
      "%": 20.370371,
      "v": 330
    },
    "Rest of Department Thessaloniki": {
      "%": 18.896164,
      "v": 2020
    },
    "EL633": {
      "%": 12.906725,
      "v": 1190
    },
    "Municipality of Dafni": {
      "%": 41.401276,
      "v": 650
    },
    "Municipality of Ano Liossia": {
      "%": 12.745098,
      "v": 130
    },
    "Municipality of Polichni": {
      "%": 19.875776,
      "v": 320
    },
    "Municipality of Nea Philadelfia": {
      "%": 39.568344,
      "v": 550
    },
    "EL621": {
      "%": 7.6502733,
      "v": 140
    },
    "Municipality of Kalamaria": {
      "%": 31.985294,
      "v": 870
    },
    "Municipality of Argyroupoli": {
      "%": 27.659575,
      "v": 390
    },
    "Municipality of Pylea": {
      "%": 38.46154,
      "v": 350
    },
    "Municipality of Iraklio": {
      "%": 36.792454,
      "v": 780
    },
    "Municipality of Megara": {
      "%": 16.153847,
      "v": 210
    },
    "Municipality of Koropi": {
      "%": 20.512821,
      "v": 160
    },
    "EL643": {
      "%": 15.432098,
      "v": 250
    },
    "Municipality of Kessariani": {
      "%": 36.57143,
      "v": 640
    },
    "EL645": {
      "%": 17.22488,
      "v": 360
    },
    "Municipality of Kifissia": {
      "%": 38.650307,
      "v": 630
    },
    "EL624": {
      "%": 14.130435,
      "v": 130
    },
    "EL642": {
      "%": 15.463918,
      "v": 1500
    },
    "EL611": {
      "%": 12.481203,
      "v": 1660
    },
    "Municipality of Sykees": {
      "%": 26.368158,
      "v": 530
    },
    "Municipality of Aghii Anargyri": {
      "%": 30.622009,
      "v": 640
    },
    "EL622": {
      "%": 12.139917,
      "v": 590
    },
    "Municipality of Moschato": {
      "%": 33.599998,
      "v": 420
    },
    "Municipality of Evosmo": {
      "%": 22.651934,
      "v": 410
    },
    "EL644": {
      "%": 21.54195,
      "v": 1900
    },
    "Municipality of Peristeri": {
      "%": 26.375908,
      "v": 2540
    },
    "Municipality of Acharnes": {
      "%": 17.175573,
      "v": 450
    },
    "EL514": {
      "%": 13.811189,
      "v": 790
    },
    "Rest of Prefecture Athens": {
      "%": 38.545952,
      "v": 2810
    },
    "EL432": {
      "%": 15.384615,
      "v": 500
    },
    "Rest of Prefecture Pireas": {
      "%": 18.556702,
      "v": 720
    },
    "Municipality of Echedoro": {
      "%": 22.018349,
      "v": 240
    },
    "EL433": {
      "%": 17.586206,
      "v": 510
    },
    "EL513": {
      "%": 10.619469,
      "v": 720
    },
    "Municipality of Kallithea": {
      "%": 43.767315,
      "v": 3160
    },
    "EL521": {
      "%": 18.039772,
      "v": 1270
    },
    "EL632": {
      "%": 28.861788,
      "v": 4970
    },
    "EL526": {
      "%": 15.593835,
      "v": 1720
    },
    "Municipality of Nea Smyrni": {
      "%": 42.972973,
      "v": 1590
    },
    "Municipality of Aegaleo": {
      "%": 28.959999,
      "v": 1810
    },
    "EL525": {
      "%": 16.023739,
      "v": 1080
    },
    "Municipality of Korydallos": {
      "%": 33.243244,
      "v": 1230
    },
    "Municipality of Aghia Paraskevi": {
      "%": 43.877552,
      "v": 860
    },
    "EL422": {
      "%": 15.265487,
      "v": 690
    },
    "Municipality of Nea Ionia": {
      "%": 27.848101,
      "v": 1100
    },
    "Municipality of Vrilissia": {
      "%": 40.476189,
      "v": 170
    },
    "Municipality of Ilioupoli": {
      "%": 34.988712,
      "v": 1550
    },
    "EL431": {
      "%": 21.081081,
      "v": 2730
    },
    "EL434": {
      "%": 21.85008,
      "v": 1370
    },
    "Municipality of Eleftherio-Kordelio": {
      "%": 28.0,
      "v": 210
    },
    "Municipality of Pireas": {
      "%": 39.364517,
      "v": 4460
    },
    "Municipality of Glyfada": {
      "%": 36.123348,
      "v": 820
    },
    "Municipality of Vyron": {
      "%": 38.416424,
      "v": 1310
    },
    "Municipality of Aghia Varvara": {
      "%": 18.803419,
      "v": 440
    },
    "EL515": {
      "%": 21.544716,
      "v": 1590
    },
    "Municipality of Keratsini": {
      "%": 24.144869,
      "v": 1200
    },
    "Rest of Prefecture West Attiki": {
      "%": 24.375,
      "v": 390
    },
    "Municipality of Chalandri": {
      "%": 33.695652,
      "v": 930
    },
    "Municipality of Elefsina": {
      "%": 25.0,
      "v": 350
    },
    "Municipality of Kamatero": {
      "%": 17.857143,
      "v": 200
    },
    "EL653": {
      "%": 14.51876,
      "v": 1780
    },
    "Municipality of Chaidari": {
      "%": 30.737705,
      "v": 750
    },
    "Municipality of Alimos": {
      "%": 43.386242,
      "v": 820
    },
    "EL532": {
      "%": 10.355987,
      "v": 320
    },
    "EL511": {
      "%": 16.817595,
      "v": 1300
    },
    "EL412": {
      "%": 23.529411,
      "v": 400
    }
  }
}