{
  "original_file": "Greece_1981.csv",
  "year": 1981,
  "country": "GR",
  "var": "ed_isced_3to5_f_15to24",
  "data": {
    "Municipality of Voula": {
      "%": 46.666668,
      "v": 210
    },
    "Municipality of Metamorfossi": {
      "%": 26.470589,
      "v": 360
    },
    "EL524": {
      "%": 14.761376,
      "v": 1330
    },
    "Municipality of Neapoli": {
      "%": 35.60606,
      "v": 940
    },
    "EL613": {
      "%": 24.741379,
      "v": 2870
    },
    "EL543": {
      "%": 30.222694,
      "v": 2850
    },
    "EL612": {
      "%": 26.048565,
      "v": 4720
    },
    "EL527": {
      "%": 19.871796,
      "v": 930
    },
    "Municipality of Ilio (Nea Liossia)": {
      "%": 32.58427,
      "v": 2030
    },
    "EL413": {
      "%": 25.589226,
      "v": 760
    },
    "EL651": {
      "%": 21.621622,
      "v": 2480
    },
    "Municipality of Stavroupoli": {
      "%": 27.083334,
      "v": 650
    },
    "Rest of Prefecture East Attiki": {
      "%": 30.193548,
      "v": 2340
    },
    "Municipality of Thermaikos": {
      "%": 34.615383,
      "v": 90
    },
    "Municipality of Galatsi": {
      "%": 43.160378,
      "v": 1830
    },
    "Municipality of Athens": {
      "%": 51.399937,
      "v": 32310
    },
    "Municipality of Aghios Dimitrios": {
      "%": 36.444443,
      "v": 1640
    },
    "EL641": {
      "%": 23.89937,
      "v": 1900
    },
    "EL411": {
      "%": 18.323587,
      "v": 940
    },
    "EL421": {
      "%": 19.955406,
      "v": 1790
    },
    "Municipality of Zografos": {
      "%": 56.799999,
      "v": 4260
    },
    "EL652": {
      "%": 27.011494,
      "v": 1880
    },
    "Municipality of Cholargos": {
      "%": 58.293839,
      "v": 1230
    },
    "Municipality of Thessaloniki": {
      "%": 54.428905,
      "v": 18680
    },
    "Municipality of Amaroussio": {
      "%": 45.201237,
      "v": 1460
    },
    "Municipality of Aspropyrgos": {
      "%": 34.615383,
      "v": 270
    },
    "Municipality of Petroupoli": {
      "%": 33.027523,
      "v": 720
    },
    "Municipality of Nikea": {
      "%": 34.408604,
      "v": 2240
    },
    "Municipality of Abelokipi": {
      "%": 28.571428,
      "v": 940
    },
    "EL512": {
      "%": 9.0771561,
      "v": 600
    },
    "EL523": {
      "%": 13.636364,
      "v": 600
    },
    "EL542": {
      "%": 12.903226,
      "v": 360
    },
    "Municipality of Paleo Faliro": {
      "%": 44.879517,
      "v": 1490
    },
    "EL541": {
      "%": 16.014235,
      "v": 1350
    },
    "EL631": {
      "%": 14.970836,
      "v": 2310
    },
    "EL533": {
      "%": 20.903955,
      "v": 740
    },
    "EL531": {
      "%": 18.145161,
      "v": 2250
    },
    "Municipality of Salamina": {
      "%": 19.708029,
      "v": 270
    },
    "EL623": {
      "%": 20.22472,
      "v": 360
    },
    "Municipality of Perama": {
      "%": 22.346369,
      "v": 400
    },
    "Rest of Department Thessaloniki": {
      "%": 22.095858,
      "v": 2720
    },
    "EL633": {
      "%": 16.717325,
      "v": 1650
    },
    "Municipality of Dafni": {
      "%": 52.717392,
      "v": 970
    },
    "Municipality of Ano Liossia": {
      "%": 14.529915,
      "v": 170
    },
    "Municipality of Polichni": {
      "%": 21.153847,
      "v": 440
    },
    "Municipality of Nea Philadelfia": {
      "%": 41.489361,
      "v": 780
    },
    "EL621": {
      "%": 16.836735,
      "v": 330
    },
    "Municipality of Kalamaria": {
      "%": 40.273972,
      "v": 1470
    },
    "Municipality of Argyroupoli": {
      "%": 34.920635,
      "v": 660
    },
    "Municipality of Pylea": {
      "%": 34.117645,
      "v": 290
    },
    "Municipality of Iraklio": {
      "%": 37.132355,
      "v": 1010
    },
    "Municipality of Megara": {
      "%": 18.461538,
      "v": 240
    },
    "Municipality of Koropi": {
      "%": 23.595505,
      "v": 210
    },
    "EL643": {
      "%": 16.788321,
      "v": 230
    },
    "Municipality of Kessariani": {
      "%": 45.327103,
      "v": 970
    },
    "EL645": {
      "%": 20.869566,
      "v": 480
    },
    "Municipality of Kifissia": {
      "%": 45.226131,
      "v": 900
    },
    "EL624": {
      "%": 13.392858,
      "v": 150
    },
    "EL642": {
      "%": 19.7995,
      "v": 2370
    },
    "EL611": {
      "%": 19.850187,
      "v": 3180
    },
    "Municipality of Sykees": {
      "%": 33.463036,
      "v": 860
    },
    "Municipality of Aghii Anargyri": {
      "%": 34.751774,
      "v": 980
    },
    "EL622": {
      "%": 17.35849,
      "v": 920
    },
    "Municipality of Moschato": {
      "%": 40.127388,
      "v": 630
    },
    "Municipality of Evosmo": {
      "%": 23.831776,
      "v": 510
    },
    "EL644": {
      "%": 25.635593,
      "v": 2420
    },
    "Municipality of Peristeri": {
      "%": 29.537367,
      "v": 3320
    },
    "Municipality of Acharnes": {
      "%": 22.508039,
      "v": 700
    },
    "EL514": {
      "%": 23.052464,
      "v": 1450
    },
    "Rest of Prefecture Athens": {
      "%": 45.701851,
      "v": 4200
    },
    "EL432": {
      "%": 25.135136,
      "v": 930
    },
    "Rest of Prefecture Pireas": {
      "%": 24.94577,
      "v": 1150
    },
    "Municipality of Echedoro": {
      "%": 16.17647,
      "v": 220
    },
    "EL433": {
      "%": 26.785715,
      "v": 1050
    },
    "EL513": {
      "%": 12.5,
      "v": 990
    },
    "Municipality of Kallithea": {
      "%": 49.728558,
      "v": 4580
    },
    "EL521": {
      "%": 20.654627,
      "v": 1830
    },
    "EL632": {
      "%": 30.141287,
      "v": 5760
    },
    "EL526": {
      "%": 15.810921,
      "v": 1940
    },
    "Municipality of Nea Smyrni": {
      "%": 50.0,
      "v": 2360
    },
    "Municipality of Aegaleo": {
      "%": 33.487656,
      "v": 2170
    },
    "EL525": {
      "%": 21.038961,
      "v": 1620
    },
    "Municipality of Korydallos": {
      "%": 31.306307,
      "v": 1390
    },
    "Municipality of Aghia Paraskevi": {
      "%": 46.215141,
      "v": 1160
    },
    "EL422": {
      "%": 18.164436,
      "v": 950
    },
    "Municipality of Nea Ionia": {
      "%": 34.934498,
      "v": 1600
    },
    "Municipality of Vrilissia": {
      "%": 42.857143,
      "v": 210
    },
    "Municipality of Ilioupoli": {
      "%": 44.83395,
      "v": 2430
    },
    "EL431": {
      "%": 25.033289,
      "v": 3760
    },
    "EL434": {
      "%": 28.835979,
      "v": 2180
    },
    "Municipality of Eleftherio-Kordelio": {
      "%": 18.487394,
      "v": 220
    },
    "Municipality of Pireas": {
      "%": 42.175274,
      "v": 5390
    },
    "Municipality of Glyfada": {
      "%": 39.423077,
      "v": 1230
    },
    "Municipality of Vyron": {
      "%": 43.283581,
      "v": 1740
    },
    "Municipality of Aghia Varvara": {
      "%": 29.045643,
      "v": 700
    },
    "EL515": {
      "%": 22.372881,
      "v": 1980
    },
    "Municipality of Keratsini": {
      "%": 32.711864,
      "v": 1930
    },
    "Rest of Prefecture West Attiki": {
      "%": 19.251337,
      "v": 360
    },
    "Municipality of Chalandri": {
      "%": 47.142857,
      "v": 1650
    },
    "Municipality of Elefsina": {
      "%": 28.65497,
      "v": 490
    },
    "Municipality of Kamatero": {
      "%": 20.833334,
      "v": 250
    },
    "EL653": {
      "%": 21.237694,
      "v": 3020
    },
    "Municipality of Chaidari": {
      "%": 37.588654,
      "v": 1060
    },
    "Municipality of Alimos": {
      "%": 50.828728,
      "v": 920
    },
    "EL532": {
      "%": 14.849188,
      "v": 640
    },
    "EL511": {
      "%": 22.080925,
      "v": 1910
    },
    "EL412": {
      "%": 19.897959,
      "v": 390
    }
  }
}