{
  "original_file": "Greece_1981.csv",
  "year": 1981,
  "country": "GR",
  "var": "ed_isced_6to8_m",
  "data": {
    "Municipality of Voula": {
      "%": 30.031948,
      "v": 940
    },
    "Municipality of Metamorfossi": {
      "%": 3.5031848,
      "v": 220
    },
    "EL524": {
      "%": 3.3071868,
      "v": 1560
    },
    "Municipality of Neapoli": {
      "%": 4.9601417,
      "v": 560
    },
    "EL613": {
      "%": 6.082458,
      "v": 3880
    },
    "EL543": {
      "%": 6.891089,
      "v": 3480
    },
    "EL612": {
      "%": 5.6858802,
      "v": 5090
    },
    "EL527": {
      "%": 3.7922788,
      "v": 1110
    },
    "Municipality of Ilio (Nea Liossia)": {
      "%": 4.3052835,
      "v": 1100
    },
    "EL413": {
      "%": 5.3134961,
      "v": 1000
    },
    "EL651": {
      "%": 4.9790211,
      "v": 3560
    },
    "Municipality of Stavroupoli": {
      "%": 2.3,
      "v": 230
    },
    "Rest of Prefecture East Attiki": {
      "%": 9.4268646,
      "v": 4260
    },
    "Municipality of Thermaikos": {
      "%": 6.7796612,
      "v": 80
    },
    "Municipality of Galatsi": {
      "%": 9.886364,
      "v": 1740
    },
    "Municipality of Athens": {
      "%": 21.051264,
      "v": 64800
    },
    "Municipality of Aghios Dimitrios": {
      "%": 5.0875273,
      "v": 930
    },
    "EL641": {
      "%": 4.886476,
      "v": 1980
    },
    "EL411": {
      "%": 4.9738221,
      "v": 1900
    },
    "EL421": {
      "%": 7.1854963,
      "v": 3250
    },
    "Municipality of Zografos": {
      "%": 20.0,
      "v": 6010
    },
    "EL652": {
      "%": 5.2127161,
      "v": 2230
    },
    "Municipality of Cholargos": {
      "%": 30.857143,
      "v": 3240
    },
    "Municipality of Thessaloniki": {
      "%": 14.923252,
      "v": 21000
    },
    "Municipality of Amaroussio": {
      "%": 20.8125,
      "v": 3330
    },
    "Municipality of Aspropyrgos": {
      "%": 2.4271846,
      "v": 100
    },
    "Municipality of Petroupoli": {
      "%": 4.2780747,
      "v": 400
    },
    "Municipality of Nikea": {
      "%": 3.6563072,
      "v": 1200
    },
    "Municipality of Abelokipi": {
      "%": 3.9502561,
      "v": 540
    },
    "EL512": {
      "%": 4.4459414,
      "v": 1320
    },
    "EL523": {
      "%": 2.9335313,
      "v": 790
    },
    "EL542": {
      "%": 4.6001415,
      "v": 650
    },
    "Municipality of Paleo Faliro": {
      "%": 20.010448,
      "v": 3830
    },
    "EL541": {
      "%": 4.6417975,
      "v": 2190
    },
    "EL631": {
      "%": 3.9395576,
      "v": 2920
    },
    "EL533": {
      "%": 4.2763157,
      "v": 780
    },
    "EL531": {
      "%": 5.0805063,
      "v": 3250
    },
    "Municipality of Salamina": {
      "%": 3.6619718,
      "v": 260
    },
    "EL623": {
      "%": 5.2181354,
      "v": 610
    },
    "Municipality of Perama": {
      "%": 3.362391,
      "v": 270
    },
    "Rest of Department Thessaloniki": {
      "%": 3.1181791,
      "v": 2000
    },
    "EL633": {
      "%": 3.8598363,
      "v": 2170
    },
    "Municipality of Dafni": {
      "%": 8.6776857,
      "v": 840
    },
    "Municipality of Ano Liossia": {
      "%": 2.2099447,
      "v": 120
    },
    "Municipality of Polichni": {
      "%": 3.0104711,
      "v": 230
    },
    "Municipality of Nea Philadelfia": {
      "%": 10.287611,
      "v": 930
    },
    "EL621": {
      "%": 2.8972783,
      "v": 330
    },
    "Municipality of Kalamaria": {
      "%": 11.545089,
      "v": 2010
    },
    "Municipality of Argyroupoli": {
      "%": 7.9493089,
      "v": 690
    },
    "Municipality of Pylea": {
      "%": 9.1549292,
      "v": 390
    },
    "Municipality of Iraklio": {
      "%": 12.870515,
      "v": 1650
    },
    "Municipality of Megara": {
      "%": 3.3873343,
      "v": 230
    },
    "Municipality of Koropi": {
      "%": 7.066381,
      "v": 330
    },
    "EL643": {
      "%": 5.6541018,
      "v": 510
    },
    "Municipality of Kessariani": {
      "%": 10.816126,
      "v": 1100
    },
    "EL645": {
      "%": 4.6557379,
      "v": 710
    },
    "Municipality of Kifissia": {
      "%": 30.067244,
      "v": 3130
    },
    "EL624": {
      "%": 4.8223352,
      "v": 380
    },
    "EL642": {
      "%": 4.9977489,
      "v": 3330
    },
    "EL611": {
      "%": 3.9965153,
      "v": 3670
    },
    "Municipality of Sykees": {
      "%": 3.673835,
      "v": 410
    },
    "Municipality of Aghii Anargyri": {
      "%": 7.110301,
      "v": 780
    },
    "EL622": {
      "%": 5.1067514,
      "v": 1770
    },
    "Municipality of Moschato": {
      "%": 9.4212656,
      "v": 700
    },
    "Municipality of Evosmo": {
      "%": 2.524698,
      "v": 230
    },
    "EL644": {
      "%": 5.1417503,
      "v": 2920
    },
    "Municipality of Peristeri": {
      "%": 4.4975691,
      "v": 2220
    },
    "Municipality of Acharnes": {
      "%": 3.3998523,
      "v": 460
    },
    "EL514": {
      "%": 4.184484,
      "v": 1370
    },
    "Rest of Prefecture Athens": {
      "%": 25.011206,
      "v": 11160
    },
    "EL432": {
      "%": 6.3085065,
      "v": 1550
    },
    "Rest of Prefecture Pireas": {
      "%": 4.325799,
      "v": 1110
    },
    "Municipality of Echedoro": {
      "%": 2.4734983,
      "v": 140
    },
    "EL433": {
      "%": 5.3126469,
      "v": 1130
    },
    "EL513": {
      "%": 3.8602941,
      "v": 1470
    },
    "Municipality of Kallithea": {
      "%": 13.933832,
      "v": 5770
    },
    "EL521": {
      "%": 3.8427947,
      "v": 1760
    },
    "EL632": {
      "%": 6.3354168,
      "v": 5980
    },
    "EL526": {
      "%": 3.7757769,
      "v": 2600
    },
    "Municipality of Nea Smyrni": {
      "%": 22.176252,
      "v": 5360
    },
    "Municipality of Aegaleo": {
      "%": 5.0033579,
      "v": 1490
    },
    "EL525": {
      "%": 5.1387744,
      "v": 1870
    },
    "Municipality of Korydallos": {
      "%": 5.8112507,
      "v": 1250
    },
    "Municipality of Aghia Paraskevi": {
      "%": 20.911528,
      "v": 2340
    },
    "EL422": {
      "%": 4.0723982,
      "v": 1350
    },
    "Municipality of Nea Ionia": {
      "%": 5.7156582,
      "v": 1190
    },
    "Municipality of Vrilissia": {
      "%": 17.898832,
      "v": 460
    },
    "Municipality of Ilioupoli": {
      "%": 10.547668,
      "v": 2600
    },
    "EL431": {
      "%": 5.571209,
      "v": 4350
    },
    "EL434": {
      "%": 6.3563328,
      "v": 2690
    },
    "Municipality of Eleftherio-Kordelio": {
      "%": 3.2332563,
      "v": 140
    },
    "Municipality of Pireas": {
      "%": 10.484928,
      "v": 7200
    },
    "Municipality of Glyfada": {
      "%": 15.442177,
      "v": 2270
    },
    "Municipality of Vyron": {
      "%": 11.868563,
      "v": 2420
    },
    "Municipality of Aghia Varvara": {
      "%": 2.6341465,
      "v": 270
    },
    "EL515": {
      "%": 5.413599,
      "v": 2500
    },
    "Municipality of Keratsini": {
      "%": 4.0520444,
      "v": 1090
    },
    "Rest of Prefecture West Attiki": {
      "%": 3.068783,
      "v": 290
    },
    "Municipality of Chalandri": {
      "%": 22.826666,
      "v": 4280
    },
    "Municipality of Elefsina": {
      "%": 3.5868006,
      "v": 250
    },
    "Municipality of Kamatero": {
      "%": 1.6853932,
      "v": 90
    },
    "EL653": {
      "%": 4.3000112,
      "v": 3910
    },
    "Municipality of Chaidari": {
      "%": 6.6715541,
      "v": 910
    },
    "Municipality of Alimos": {
      "%": 15.051546,
      "v": 1460
    },
    "EL532": {
      "%": 4.0957446,
      "v": 770
    },
    "EL511": {
      "%": 4.6097856,
      "v": 2280
    },
    "EL412": {
      "%": 5.0098882,
      "v": 760
    }
  }
}