{
  "original_file": "Greece_1981.csv",
  "year": 1981,
  "country": "GR",
  "var": "ed_isced_0to2_45to54",
  "data": {
    "Municipality of Voula": {
      "%": 37.606838,
      "v": 440
    },
    "Municipality of Metamorfossi": {
      "%": 93.927124,
      "v": 2320
    },
    "EL524": {
      "%": 94.394302,
      "v": 19870
    },
    "Municipality of Neapoli": {
      "%": 91.614258,
      "v": 4370
    },
    "EL613": {
      "%": 87.450668,
      "v": 22160
    },
    "EL543": {
      "%": 90.046898,
      "v": 17280
    },
    "EL612": {
      "%": 90.873238,
      "v": 32260
    },
    "EL527": {
      "%": 94.044441,
      "v": 10580
    },
    "Municipality of Ilio (Nea Liossia)": {
      "%": 90.227051,
      "v": 9140
    },
    "EL413": {
      "%": 84.885498,
      "v": 5560
    },
    "EL651": {
      "%": 89.855072,
      "v": 22940
    },
    "Municipality of Stavroupoli": {
      "%": 97.417839,
      "v": 4150
    },
    "Rest of Prefecture East Attiki": {
      "%": 79.434593,
      "v": 14330
    },
    "Municipality of Thermaikos": {
      "%": 84.745766,
      "v": 500
    },
    "Municipality of Galatsi": {
      "%": 73.692307,
      "v": 4790
    },
    "Municipality of Athens": {
      "%": 53.267712,
      "v": 60070
    },
    "Municipality of Aghios Dimitrios": {
      "%": 85.906044,
      "v": 6400
    },
    "EL641": {
      "%": 92.90921,
      "v": 14020
    },
    "EL411": {
      "%": 90.10601,
      "v": 12750
    },
    "EL421": {
      "%": 85.449142,
      "v": 11510
    },
    "Municipality of Zografos": {
      "%": 56.42857,
      "v": 5530
    },
    "EL652": {
      "%": 86.396614,
      "v": 14290
    },
    "Municipality of Cholargos": {
      "%": 42.701527,
      "v": 1960
    },
    "Municipality of Thessaloniki": {
      "%": 66.941559,
      "v": 37340
    },
    "Municipality of Amaroussio": {
      "%": 56.59164,
      "v": 3520
    },
    "Municipality of Aspropyrgos": {
      "%": 96.36364,
      "v": 1590
    },
    "Municipality of Petroupoli": {
      "%": 86.647728,
      "v": 3050
    },
    "Municipality of Nikea": {
      "%": 89.418777,
      "v": 12000
    },
    "Municipality of Abelokipi": {
      "%": 91.683167,
      "v": 4630
    },
    "EL512": {
      "%": 93.519348,
      "v": 10390
    },
    "EL523": {
      "%": 94.79245,
      "v": 12560
    },
    "EL542": {
      "%": 94.552528,
      "v": 4860
    },
    "Municipality of Paleo Faliro": {
      "%": 51.634876,
      "v": 3790
    },
    "EL541": {
      "%": 93.03154,
      "v": 18290
    },
    "EL631": {
      "%": 93.244171,
      "v": 27190
    },
    "EL533": {
      "%": 92.197662,
      "v": 7090
    },
    "EL531": {
      "%": 93.23597,
      "v": 24260
    },
    "Municipality of Salamina": {
      "%": 90.0,
      "v": 2700
    },
    "EL623": {
      "%": 85.918854,
      "v": 3600
    },
    "Municipality of Perama": {
      "%": 93.666664,
      "v": 2810
    },
    "Rest of Department Thessaloniki": {
      "%": 95.153351,
      "v": 25130
    },
    "EL633": {
      "%": 90.621964,
      "v": 18650
    },
    "Municipality of Dafni": {
      "%": 72.899727,
      "v": 2690
    },
    "Municipality of Ano Liossia": {
      "%": 96.410255,
      "v": 1880
    },
    "Municipality of Polichni": {
      "%": 93.489586,
      "v": 3590
    },
    "Municipality of Nea Philadelfia": {
      "%": 75.882355,
      "v": 2580
    },
    "EL621": {
      "%": 93.462471,
      "v": 3860
    },
    "Municipality of Kalamaria": {
      "%": 79.519592,
      "v": 6290
    },
    "Municipality of Argyroupoli": {
      "%": 77.402596,
      "v": 2980
    },
    "Municipality of Pylea": {
      "%": 83.928574,
      "v": 1410
    },
    "Municipality of Iraklio": {
      "%": 70.740738,
      "v": 3820
    },
    "Municipality of Megara": {
      "%": 91.902832,
      "v": 2270
    },
    "Municipality of Koropi": {
      "%": 83.798882,
      "v": 1500
    },
    "EL643": {
      "%": 92.70517,
      "v": 3050
    },
    "Municipality of Kessariani": {
      "%": 72.658226,
      "v": 2870
    },
    "EL645": {
      "%": 84.981682,
      "v": 4640
    },
    "Municipality of Kifissia": {
      "%": 50.96154,
      "v": 2120
    },
    "EL624": {
      "%": 91.408936,
      "v": 2660
    },
    "EL642": {
      "%": 90.282257,
      "v": 22390
    },
    "EL611": {
      "%": 93.442177,
      "v": 34340
    },
    "Municipality of Sykees": {
      "%": 92.933617,
      "v": 4340
    },
    "Municipality of Aghii Anargyri": {
      "%": 83.720932,
      "v": 3600
    },
    "EL622": {
      "%": 89.427315,
      "v": 12180
    },
    "Municipality of Moschato": {
      "%": 75.666664,
      "v": 2270
    },
    "Municipality of Evosmo": {
      "%": 97.788696,
      "v": 3980
    },
    "EL644": {
      "%": 91.798248,
      "v": 20930
    },
    "Municipality of Peristeri": {
      "%": 88.834686,
      "v": 16390
    },
    "Municipality of Acharnes": {
      "%": 91.379311,
      "v": 4240
    },
    "EL514": {
      "%": 91.886543,
      "v": 13930
    },
    "Rest of Prefecture Athens": {
      "%": 52.72319,
      "v": 9390
    },
    "EL432": {
      "%": 88.633881,
      "v": 8110
    },
    "Rest of Prefecture Pireas": {
      "%": 89.346733,
      "v": 8890
    },
    "Municipality of Echedoro": {
      "%": 99.074074,
      "v": 2140
    },
    "EL433": {
      "%": 91.497978,
      "v": 6780
    },
    "EL513": {
      "%": 94.77124,
      "v": 14500
    },
    "Municipality of Kallithea": {
      "%": 63.565388,
      "v": 9770
    },
    "EL521": {
      "%": 93.495506,
      "v": 17680
    },
    "EL632": {
      "%": 83.557243,
      "v": 28610
    },
    "EL526": {
      "%": 94.832626,
      "v": 29180
    },
    "Municipality of Nea Smyrni": {
      "%": 44.917011,
      "v": 4330
    },
    "Municipality of Aegaleo": {
      "%": 87.696335,
      "v": 10050
    },
    "EL525": {
      "%": 92.553192,
      "v": 13050
    },
    "Municipality of Korydallos": {
      "%": 83.374382,
      "v": 6770
    },
    "Municipality of Aghia Paraskevi": {
      "%": 51.141552,
      "v": 2240
    },
    "EL422": {
      "%": 93.727913,
      "v": 10610
    },
    "Municipality of Nea Ionia": {
      "%": 84.126984,
      "v": 7420
    },
    "Municipality of Vrilissia": {
      "%": 59.504131,
      "v": 720
    },
    "Municipality of Ilioupoli": {
      "%": 72.912422,
      "v": 7160
    },
    "EL431": {
      "%": 89.947647,
      "v": 25770
    },
    "EL434": {
      "%": 84.490593,
      "v": 13020
    },
    "Municipality of Eleftherio-Kordelio": {
      "%": 97.422684,
      "v": 1890
    },
    "Municipality of Pireas": {
      "%": 69.761375,
      "v": 18710
    },
    "Municipality of Glyfada": {
      "%": 63.60424,
      "v": 3600
    },
    "Municipality of Vyron": {
      "%": 65.45961,
      "v": 4700
    },
    "Municipality of Aghia Varvara": {
      "%": 92.957748,
      "v": 3960
    },
    "EL515": {
      "%": 90.59745,
      "v": 18500
    },
    "Municipality of Keratsini": {
      "%": 90.860695,
      "v": 10240
    },
    "Rest of Prefecture West Attiki": {
      "%": 92.173912,
      "v": 3180
    },
    "Municipality of Chalandri": {
      "%": 53.900711,
      "v": 3800
    },
    "Municipality of Elefsina": {
      "%": 89.605736,
      "v": 2500
    },
    "Municipality of Kamatero": {
      "%": 90.995262,
      "v": 1920
    },
    "EL653": {
      "%": 89.552673,
      "v": 31030
    },
    "Municipality of Chaidari": {
      "%": 85.91304,
      "v": 4940
    },
    "Municipality of Alimos": {
      "%": 59.029648,
      "v": 2190
    },
    "EL532": {
      "%": 95.121948,
      "v": 6630
    },
    "EL511": {
      "%": 93.074005,
      "v": 19620
    },
    "EL412": {
      "%": 87.65432,
      "v": 4260
    }
  }
}