{
  "original_file": "Greece_1981.csv",
  "year": 1981,
  "country": "GR",
  "var": "ed_isced_3to5_f_35to44",
  "data": {
    "Municipality of Voula": {
      "%": 56.164383,
      "v": 410
    },
    "Municipality of Metamorfossi": {
      "%": 9.848485,
      "v": 130
    },
    "EL524": {
      "%": 6.0307016,
      "v": 550
    },
    "Municipality of Neapoli": {
      "%": 12.5,
      "v": 280
    },
    "EL613": {
      "%": 10.4,
      "v": 1300
    },
    "EL543": {
      "%": 6.7282324,
      "v": 510
    },
    "EL612": {
      "%": 6.2427073,
      "v": 1070
    },
    "EL527": {
      "%": 4.6421661,
      "v": 240
    },
    "Municipality of Ilio (Nea Liossia)": {
      "%": 10.15625,
      "v": 520
    },
    "EL413": {
      "%": 18.014706,
      "v": 490
    },
    "EL651": {
      "%": 7.563025,
      "v": 810
    },
    "Municipality of Stavroupoli": {
      "%": 4.5918369,
      "v": 90
    },
    "Rest of Prefecture East Attiki": {
      "%": 19.296116,
      "v": 1590
    },
    "Municipality of Thermaikos": {
      "%": 0.0,
      "v": 0
    },
    "Municipality of Galatsi": {
      "%": 22.413794,
      "v": 780
    },
    "Municipality of Athens": {
      "%": 36.58239,
      "v": 20980
    },
    "Municipality of Aghios Dimitrios": {
      "%": 8.333333,
      "v": 290
    },
    "EL641": {
      "%": 6.0650887,
      "v": 410
    },
    "EL411": {
      "%": 8.348135,
      "v": 470
    },
    "EL421": {
      "%": 10.591472,
      "v": 770
    },
    "Municipality of Zografos": {
      "%": 32.708687,
      "v": 1920
    },
    "EL652": {
      "%": 10.992367,
      "v": 720
    },
    "Municipality of Cholargos": {
      "%": 50.194553,
      "v": 1290
    },
    "Municipality of Thessaloniki": {
      "%": 26.862959,
      "v": 7390
    },
    "Municipality of Amaroussio": {
      "%": 35.042736,
      "v": 1230
    },
    "Municipality of Aspropyrgos": {
      "%": 3.7974684,
      "v": 30
    },
    "Municipality of Petroupoli": {
      "%": 11.574074,
      "v": 250
    },
    "Municipality of Nikea": {
      "%": 13.989637,
      "v": 810
    },
    "Municipality of Abelokipi": {
      "%": 10.877193,
      "v": 310
    },
    "EL512": {
      "%": 5.4385967,
      "v": 310
    },
    "EL523": {
      "%": 5.3045187,
      "v": 270
    },
    "EL542": {
      "%": 3.6036036,
      "v": 80
    },
    "Municipality of Paleo Faliro": {
      "%": 45.736435,
      "v": 1770
    },
    "EL541": {
      "%": 2.8880866,
      "v": 240
    },
    "EL631": {
      "%": 5.3965659,
      "v": 660
    },
    "EL533": {
      "%": 5.8020477,
      "v": 170
    },
    "EL531": {
      "%": 5.5353904,
      "v": 610
    },
    "Municipality of Salamina": {
      "%": 13.392858,
      "v": 150
    },
    "EL623": {
      "%": 18.404907,
      "v": 300
    },
    "Municipality of Perama": {
      "%": 6.818182,
      "v": 90
    },
    "Rest of Department Thessaloniki": {
      "%": 5.3050399,
      "v": 600
    },
    "EL633": {
      "%": 8.4087973,
      "v": 650
    },
    "Municipality of Dafni": {
      "%": 23.295454,
      "v": 410
    },
    "Municipality of Ano Liossia": {
      "%": 4.347826,
      "v": 60
    },
    "Municipality of Polichni": {
      "%": 4.3956046,
      "v": 80
    },
    "Municipality of Nea Philadelfia": {
      "%": 27.52809,
      "v": 490
    },
    "EL621": {
      "%": 5.5944057,
      "v": 80
    },
    "Municipality of Kalamaria": {
      "%": 25.068871,
      "v": 910
    },
    "Municipality of Argyroupoli": {
      "%": 17.592592,
      "v": 380
    },
    "Municipality of Pylea": {
      "%": 21.95122,
      "v": 180
    },
    "Municipality of Iraklio": {
      "%": 23.868313,
      "v": 580
    },
    "Municipality of Megara": {
      "%": 8.4033613,
      "v": 100
    },
    "Municipality of Koropi": {
      "%": 17.777779,
      "v": 160
    },
    "EL643": {
      "%": 3.2520325,
      "v": 40
    },
    "Municipality of Kessariani": {
      "%": 22.674419,
      "v": 390
    },
    "EL645": {
      "%": 6.9651742,
      "v": 140
    },
    "Municipality of Kifissia": {
      "%": 46.120689,
      "v": 1070
    },
    "EL624": {
      "%": 11.111111,
      "v": 120
    },
    "EL642": {
      "%": 8.1406107,
      "v": 880
    },
    "EL611": {
      "%": 4.1923552,
      "v": 680
    },
    "Municipality of Sykees": {
      "%": 8.1896553,
      "v": 190
    },
    "Municipality of Aghii Anargyri": {
      "%": 16.748768,
      "v": 340
    },
    "EL622": {
      "%": 9.454545,
      "v": 520
    },
    "Municipality of Moschato": {
      "%": 30.281691,
      "v": 430
    },
    "Municipality of Evosmo": {
      "%": 1.4925373,
      "v": 30
    },
    "EL644": {
      "%": 5.7596822,
      "v": 580
    },
    "Municipality of Peristeri": {
      "%": 9.6774197,
      "v": 870
    },
    "Municipality of Acharnes": {
      "%": 6.9498072,
      "v": 180
    },
    "EL514": {
      "%": 6.313993,
      "v": 370
    },
    "Rest of Prefecture Athens": {
      "%": 37.631027,
      "v": 3590
    },
    "EL432": {
      "%": 11.396011,
      "v": 400
    },
    "Rest of Prefecture Pireas": {
      "%": 12.154696,
      "v": 440
    },
    "Municipality of Echedoro": {
      "%": 0.86206895,
      "v": 10
    },
    "EL433": {
      "%": 5.6105609,
      "v": 170
    },
    "EL513": {
      "%": 4.5637584,
      "v": 340
    },
    "Municipality of Kallithea": {
      "%": 33.044556,
      "v": 2670
    },
    "EL521": {
      "%": 5.978261,
      "v": 550
    },
    "EL632": {
      "%": 14.496644,
      "v": 2160
    },
    "EL526": {
      "%": 4.7504025,
      "v": 590
    },
    "Municipality of Nea Smyrni": {
      "%": 47.619049,
      "v": 2400
    },
    "Municipality of Aegaleo": {
      "%": 8.8846884,
      "v": 470
    },
    "EL525": {
      "%": 5.1136365,
      "v": 360
    },
    "Municipality of Korydallos": {
      "%": 15.53398,
      "v": 640
    },
    "Municipality of Aghia Paraskevi": {
      "%": 34.749035,
      "v": 900
    },
    "EL422": {
      "%": 8.1896553,
      "v": 380
    },
    "Municipality of Nea Ionia": {
      "%": 18.25,
      "v": 730
    },
    "Municipality of Vrilissia": {
      "%": 34.375,
      "v": 220
    },
    "Municipality of Ilioupoli": {
      "%": 25.548903,
      "v": 1280
    },
    "EL431": {
      "%": 10.609319,
      "v": 1480
    },
    "EL434": {
      "%": 12.2571,
      "v": 820
    },
    "Municipality of Eleftherio-Kordelio": {
      "%": 4.2553191,
      "v": 40
    },
    "Municipality of Pireas": {
      "%": 28.71517,
      "v": 3710
    },
    "Municipality of Glyfada": {
      "%": 33.444817,
      "v": 1000
    },
    "Municipality of Vyron": {
      "%": 29.368933,
      "v": 1210
    },
    "Municipality of Aghia Varvara": {
      "%": 6.5934067,
      "v": 120
    },
    "EL515": {
      "%": 9.9173555,
      "v": 840
    },
    "Municipality of Keratsini": {
      "%": 11.715481,
      "v": 560
    },
    "Rest of Prefecture West Attiki": {
      "%": 6.9767442,
      "v": 120
    },
    "Municipality of Chalandri": {
      "%": 36.551723,
      "v": 1590
    },
    "Municipality of Elefsina": {
      "%": 8.7301588,
      "v": 110
    },
    "Municipality of Kamatero": {
      "%": 1.5625,
      "v": 20
    },
    "EL653": {
      "%": 9.7991972,
      "v": 1220
    },
    "Municipality of Chaidari": {
      "%": 19.463087,
      "v": 580
    },
    "Municipality of Alimos": {
      "%": 34.146343,
      "v": 700
    },
    "EL532": {
      "%": 7.1698112,
      "v": 190
    },
    "EL511": {
      "%": 5.5982437,
      "v": 510
    },
    "EL412": {
      "%": 11.111111,
      "v": 230
    }
  }
}