{
  "original_file": "Greece_1981.csv",
  "year": 1981,
  "country": "GR",
  "var": "ed_isced_6to8_f_35to44",
  "data": {
    "Municipality of Voula": {
      "%": 13.69863,
      "v": 100
    },
    "Municipality of Metamorfossi": {
      "%": 0.75757575,
      "v": 10
    },
    "EL524": {
      "%": 1.8640351,
      "v": 170
    },
    "Municipality of Neapoli": {
      "%": 0.89285713,
      "v": 20
    },
    "EL613": {
      "%": 4.5599999,
      "v": 570
    },
    "EL543": {
      "%": 5.4089708,
      "v": 410
    },
    "EL612": {
      "%": 3.208868,
      "v": 550
    },
    "EL527": {
      "%": 2.7079303,
      "v": 140
    },
    "Municipality of Ilio (Nea Liossia)": {
      "%": 1.7578125,
      "v": 90
    },
    "EL413": {
      "%": 1.1029412,
      "v": 30
    },
    "EL651": {
      "%": 2.9878619,
      "v": 320
    },
    "Municipality of Stavroupoli": {
      "%": 1.0204082,
      "v": 20
    },
    "Rest of Prefecture East Attiki": {
      "%": 5.8252425,
      "v": 480
    },
    "Municipality of Thermaikos": {
      "%": 13.636364,
      "v": 30
    },
    "Municipality of Galatsi": {
      "%": 4.8850574,
      "v": 170
    },
    "Municipality of Athens": {
      "%": 13.234525,
      "v": 7590
    },
    "Municipality of Aghios Dimitrios": {
      "%": 4.0229883,
      "v": 140
    },
    "EL641": {
      "%": 2.6627219,
      "v": 180
    },
    "EL411": {
      "%": 3.1971581,
      "v": 180
    },
    "EL421": {
      "%": 2.2008252,
      "v": 160
    },
    "Municipality of Zografos": {
      "%": 11.413969,
      "v": 670
    },
    "EL652": {
      "%": 3.3587787,
      "v": 220
    },
    "Municipality of Cholargos": {
      "%": 17.120623,
      "v": 440
    },
    "Municipality of Thessaloniki": {
      "%": 11.741185,
      "v": 3230
    },
    "Municipality of Amaroussio": {
      "%": 11.965812,
      "v": 420
    },
    "Municipality of Aspropyrgos": {
      "%": 3.7974684,
      "v": 30
    },
    "Municipality of Petroupoli": {
      "%": 3.2407408,
      "v": 70
    },
    "Municipality of Nikea": {
      "%": 1.0362694,
      "v": 60
    },
    "Municipality of Abelokipi": {
      "%": 3.5087719,
      "v": 100
    },
    "EL512": {
      "%": 2.4561403,
      "v": 140
    },
    "EL523": {
      "%": 1.9646366,
      "v": 100
    },
    "EL542": {
      "%": 1.3513514,
      "v": 30
    },
    "Municipality of Paleo Faliro": {
      "%": 9.5607233,
      "v": 370
    },
    "EL541": {
      "%": 3.3694344,
      "v": 280
    },
    "EL631": {
      "%": 2.9435813,
      "v": 360
    },
    "EL533": {
      "%": 3.7542663,
      "v": 110
    },
    "EL531": {
      "%": 2.5408349,
      "v": 280
    },
    "Municipality of Salamina": {
      "%": 3.5714285,
      "v": 40
    },
    "EL623": {
      "%": 4.2944784,
      "v": 70
    },
    "Municipality of Perama": {
      "%": 2.2727273,
      "v": 30
    },
    "Rest of Department Thessaloniki": {
      "%": 2.4756851,
      "v": 280
    },
    "EL633": {
      "%": 3.4928849,
      "v": 270
    },
    "Municipality of Dafni": {
      "%": 7.3863635,
      "v": 130
    },
    "Municipality of Ano Liossia": {
      "%": 2.173913,
      "v": 30
    },
    "Municipality of Polichni": {
      "%": 2.1978023,
      "v": 40
    },
    "Municipality of Nea Philadelfia": {
      "%": 5.05618,
      "v": 90
    },
    "EL621": {
      "%": 4.1958041,
      "v": 60
    },
    "Municipality of Kalamaria": {
      "%": 8.2644625,
      "v": 300
    },
    "Municipality of Argyroupoli": {
      "%": 6.0185184,
      "v": 130
    },
    "Municipality of Pylea": {
      "%": 2.4390244,
      "v": 20
    },
    "Municipality of Iraklio": {
      "%": 7.8189301,
      "v": 190
    },
    "Municipality of Megara": {
      "%": 0.84033614,
      "v": 10
    },
    "Municipality of Koropi": {
      "%": 3.3333333,
      "v": 30
    },
    "EL643": {
      "%": 3.2520325,
      "v": 40
    },
    "Municipality of Kessariani": {
      "%": 4.6511626,
      "v": 80
    },
    "EL645": {
      "%": 2.4875622,
      "v": 50
    },
    "Municipality of Kifissia": {
      "%": 15.517241,
      "v": 360
    },
    "EL624": {
      "%": 3.7037036,
      "v": 40
    },
    "EL642": {
      "%": 1.9426457,
      "v": 210
    },
    "EL611": {
      "%": 2.5893958,
      "v": 420
    },
    "Municipality of Sykees": {
      "%": 0.86206895,
      "v": 20
    },
    "Municipality of Aghii Anargyri": {
      "%": 2.4630542,
      "v": 50
    },
    "EL622": {
      "%": 4.0,
      "v": 220
    },
    "Municipality of Moschato": {
      "%": 4.9295774,
      "v": 70
    },
    "Municipality of Evosmo": {
      "%": 0.99502486,
      "v": 20
    },
    "EL644": {
      "%": 3.9721947,
      "v": 400
    },
    "Municipality of Peristeri": {
      "%": 2.7808676,
      "v": 250
    },
    "Municipality of Acharnes": {
      "%": 1.5444015,
      "v": 40
    },
    "EL514": {
      "%": 4.4368601,
      "v": 260
    },
    "Rest of Prefecture Athens": {
      "%": 14.360587,
      "v": 1370
    },
    "EL432": {
      "%": 4.8433046,
      "v": 170
    },
    "Rest of Prefecture Pireas": {
      "%": 2.2099447,
      "v": 80
    },
    "Municipality of Echedoro": {
      "%": 0.86206895,
      "v": 10
    },
    "EL433": {
      "%": 4.2904291,
      "v": 130
    },
    "EL513": {
      "%": 2.0134227,
      "v": 150
    },
    "Municipality of Kallithea": {
      "%": 8.292079,
      "v": 670
    },
    "EL521": {
      "%": 2.5,
      "v": 230
    },
    "EL632": {
      "%": 6.3087249,
      "v": 940
    },
    "EL526": {
      "%": 2.8180354,
      "v": 350
    },
    "Municipality of Nea Smyrni": {
      "%": 13.888889,
      "v": 700
    },
    "Municipality of Aegaleo": {
      "%": 2.4574668,
      "v": 130
    },
    "EL525": {
      "%": 3.6931818,
      "v": 260
    },
    "Municipality of Korydallos": {
      "%": 2.1844661,
      "v": 90
    },
    "Municipality of Aghia Paraskevi": {
      "%": 19.305019,
      "v": 500
    },
    "EL422": {
      "%": 1.9396552,
      "v": 90
    },
    "Municipality of Nea Ionia": {
      "%": 5.5,
      "v": 220
    },
    "Municipality of Vrilissia": {
      "%": 17.1875,
      "v": 110
    },
    "Municipality of Ilioupoli": {
      "%": 4.5908184,
      "v": 230
    },
    "EL431": {
      "%": 4.516129,
      "v": 630
    },
    "EL434": {
      "%": 5.8295965,
      "v": 390
    },
    "Municipality of Eleftherio-Kordelio": {
      "%": 0.0,
      "v": 0
    },
    "Municipality of Pireas": {
      "%": 6.4241486,
      "v": 830
    },
    "Municipality of Glyfada": {
      "%": 7.3578596,
      "v": 220
    },
    "Municipality of Vyron": {
      "%": 9.4660196,
      "v": 390
    },
    "Municipality of Aghia Varvara": {
      "%": 0.0,
      "v": 0
    },
    "EL515": {
      "%": 2.8335302,
      "v": 240
    },
    "Municipality of Keratsini": {
      "%": 1.4644351,
      "v": 70
    },
    "Rest of Prefecture West Attiki": {
      "%": 4.0697675,
      "v": 70
    },
    "Municipality of Chalandri": {
      "%": 18.160919,
      "v": 790
    },
    "Municipality of Elefsina": {
      "%": 1.5873016,
      "v": 20
    },
    "Municipality of Kamatero": {
      "%": 0.78125,
      "v": 10
    },
    "EL653": {
      "%": 2.811245,
      "v": 350
    },
    "Municipality of Chaidari": {
      "%": 3.3557048,
      "v": 100
    },
    "Municipality of Alimos": {
      "%": 10.243902,
      "v": 210
    },
    "EL532": {
      "%": 3.7735848,
      "v": 100
    },
    "EL511": {
      "%": 2.7442372,
      "v": 250
    },
    "EL412": {
      "%": 3.8647344,
      "v": 80
    }
  }
}