{
  "original_file": "Ireland_2006.csv",
  "year": 2006,
  "country": "IE",
  "var": "ed_isced_6to8",
  "data": {
    "IE_lau_1": {
      "%": 12.001307,
      "v": 4774
    },
    "IE_lau_2": {
      "%": 11.762578,
      "v": 5852
    },
    "IE_lau_3": {
      "%": 15.364982,
      "v": 13364
    },
    "IE_lau_4": {
      "%": 16.446856,
      "v": 63200
    },
    "IE_lau_5": {
      "%": 12.523059,
      "v": 14256
    },
    "IE_lau_6": {
      "%": 21.557917,
      "v": 92776
    },
    "IE_lau_7": {
      "%": 21.269848,
      "v": 114680
    },
    "IE_lau_8": {
      "%": 18.561178,
      "v": 34454
    },
    "IE_lau_9": {
      "%": 13.482906,
      "v": 15180
    },
    "IE_lau_10": {
      "%": 16.979473,
      "v": 24336
    },
    "IE_lau_11": {
      "%": 14.362856,
      "v": 9868
    },
    "IE_lau_12": {
      "%": 12.282494,
      "v": 6374
    },
    "IE_lau_13": {
      "%": 14.176644,
      "v": 3268
    },
    "IE_lau_14": {
      "%": 14.085287,
      "v": 20862
    },
    "IE_lau_15": {
      "%": 11.890968,
      "v": 3202
    },
    "IE_lau_16": {
      "%": 12.795996,
      "v": 11094
    },
    "IE_lau_17": {
      "%": 12.744082,
      "v": 12544
    },
    "IE_lau_18": {
      "%": 15.389674,
      "v": 19188
    },
    "IE_lau_19": {
      "%": 11.788434,
      "v": 5202
    },
    "IE_lau_20": {
      "%": 11.334705,
      "v": 6224
    },
    "IE_lau_21": {
      "%": 12.583616,
      "v": 5888
    },
    "IE_lau_22": {
      "%": 15.52724,
      "v": 7604
    },
    "IE_lau_23": {
      "%": 11.85233,
      "v": 13940
    },
    "IE_lau_24": {
      "%": 13.441036,
      "v": 11498
    },
    "IE_lau_25": {
      "%": 14.062728,
      "v": 8676
    },
    "IE_lau_26": {
      "%": 11.335369,
      "v": 11620
    },
    "IE_lau_27": {
      "%": 16.901381,
      "v": 16742
    }
  }
}