{
  "original_file": "Ireland_2006.csv",
  "year": 2006,
  "country": "IE",
  "var": "ed_isced_3to5_m",
  "data": {
    "IE_lau_1": {
      "%": 33.54628,
      "v": 6774
    },
    "IE_lau_2": {
      "%": 32.186646,
      "v": 8243
    },
    "IE_lau_3": {
      "%": 36.081772,
      "v": 15850
    },
    "IE_lau_4": {
      "%": 34.696621,
      "v": 66350
    },
    "IE_lau_5": {
      "%": 29.849617,
      "v": 16951
    },
    "IE_lau_6": {
      "%": 26.032305,
      "v": 54489
    },
    "IE_lau_7": {
      "%": 36.643723,
      "v": 95779
    },
    "IE_lau_8": {
      "%": 33.74181,
      "v": 31307
    },
    "IE_lau_9": {
      "%": 34.073383,
      "v": 19353
    },
    "IE_lau_10": {
      "%": 36.4529,
      "v": 26284
    },
    "IE_lau_11": {
      "%": 35.763386,
      "v": 12382
    },
    "IE_lau_12": {
      "%": 34.872738,
      "v": 9303
    },
    "IE_lau_13": {
      "%": 33.434574,
      "v": 3963
    },
    "IE_lau_14": {
      "%": 33.268719,
      "v": 24714
    },
    "IE_lau_15": {
      "%": 32.086456,
      "v": 4409
    },
    "IE_lau_16": {
      "%": 33.053062,
      "v": 14152
    },
    "IE_lau_17": {
      "%": 34.182102,
      "v": 16995
    },
    "IE_lau_18": {
      "%": 37.800655,
      "v": 23794
    },
    "IE_lau_19": {
      "%": 30.748985,
      "v": 6893
    },
    "IE_lau_20": {
      "%": 33.787819,
      "v": 9392
    },
    "IE_lau_21": {
      "%": 35.425488,
      "v": 8534
    },
    "IE_lau_22": {
      "%": 36.1688,
      "v": 8708
    },
    "IE_lau_23": {
      "%": 35.589409,
      "v": 21212
    },
    "IE_lau_24": {
      "%": 34.72543,
      "v": 14734
    },
    "IE_lau_25": {
      "%": 34.981495,
      "v": 10775
    },
    "IE_lau_26": {
      "%": 35.313545,
      "v": 18071
    },
    "IE_lau_27": {
      "%": 36.485271,
      "v": 17861
    }
  }
}