{
  "original_file": "Ireland_2006.csv",
  "year": 2006,
  "country": "IE",
  "var": "ed_isced_6to8_f",
  "data": {
    "IE_lau_1": {
      "%": 12.187277,
      "v": 2387
    },
    "IE_lau_2": {
      "%": 12.120459,
      "v": 2926
    },
    "IE_lau_3": {
      "%": 15.521847,
      "v": 6682
    },
    "IE_lau_4": {
      "%": 16.369749,
      "v": 31600
    },
    "IE_lau_5": {
      "%": 12.494304,
      "v": 7128
    },
    "IE_lau_6": {
      "%": 20.985867,
      "v": 46388
    },
    "IE_lau_7": {
      "%": 20.64164,
      "v": 57340
    },
    "IE_lau_8": {
      "%": 18.55558,
      "v": 17227
    },
    "IE_lau_9": {
      "%": 13.604833,
      "v": 7590
    },
    "IE_lau_10": {
      "%": 17.084608,
      "v": 12168
    },
    "IE_lau_11": {
      "%": 14.476425,
      "v": 4934
    },
    "IE_lau_12": {
      "%": 12.637798,
      "v": 3187
    },
    "IE_lau_13": {
      "%": 14.590589,
      "v": 1634
    },
    "IE_lau_14": {
      "%": 14.129169,
      "v": 10431
    },
    "IE_lau_15": {
      "%": 12.140744,
      "v": 1601
    },
    "IE_lau_16": {
      "%": 12.64043,
      "v": 5547
    },
    "IE_lau_17": {
      "%": 12.875942,
      "v": 6272
    },
    "IE_lau_18": {
      "%": 15.540617,
      "v": 9594
    },
    "IE_lau_19": {
      "%": 11.980103,
      "v": 2601
    },
    "IE_lau_20": {
      "%": 11.477466,
      "v": 3112
    },
    "IE_lau_21": {
      "%": 12.968592,
      "v": 2944
    },
    "IE_lau_22": {
      "%": 15.271529,
      "v": 3802
    },
    "IE_lau_23": {
      "%": 12.014755,
      "v": 6970
    },
    "IE_lau_24": {
      "%": 13.334415,
      "v": 5749
    },
    "IE_lau_25": {
      "%": 14.042016,
      "v": 4338
    },
    "IE_lau_26": {
      "%": 11.317153,
      "v": 5810
    },
    "IE_lau_27": {
      "%": 16.707582,
      "v": 8371
    }
  }
}