{
  "original_file": "Ireland_1991.csv",
  "year": 1991,
  "country": "IE",
  "var": "ed_isced_3to5_f",
  "data": {
    "IE_lau_1": {
      "%": 30.518875,
      "v": 4434
    },
    "IE_lau_2": {
      "%": 29.646696,
      "v": 5404
    },
    "IE_lau_3": {
      "%": 34.385525,
      "v": 11113
    },
    "IE_lau_4": {
      "%": 33.202061,
      "v": 50901
    },
    "IE_lau_5": {
      "%": 25.708031,
      "v": 11711
    },
    "IE_lau_6": {
      "%": 30.353252,
      "v": 62604
    },
    "IE_lau_7": {
      "%": 37.411152,
      "v": 76339
    },
    "IE_lau_8": {
      "%": 32.877579,
      "v": 21688
    },
    "IE_lau_9": {
      "%": 31.164968,
      "v": 13841
    },
    "IE_lau_10": {
      "%": 35.379036,
      "v": 15090
    },
    "IE_lau_11": {
      "%": 34.270264,
      "v": 8970
    },
    "IE_lau_12": {
      "%": 31.903316,
      "v": 5741
    },
    "IE_lau_13": {
      "%": 30.964214,
      "v": 2765
    },
    "IE_lau_14": {
      "%": 32.781281,
      "v": 19591
    },
    "IE_lau_15": {
      "%": 31.672144,
      "v": 3352
    },
    "IE_lau_16": {
      "%": 27.311293,
      "v": 9164
    },
    "IE_lau_17": {
      "%": 29.643368,
      "v": 11832
    },
    "IE_lau_18": {
      "%": 35.404087,
      "v": 13003
    },
    "IE_lau_19": {
      "%": 28.514845,
      "v": 5104
    },
    "IE_lau_20": {
      "%": 29.975483,
      "v": 6115
    },
    "IE_lau_21": {
      "%": 32.836395,
      "v": 6066
    },
    "IE_lau_22": {
      "%": 34.504913,
      "v": 7081
    },
    "IE_lau_23": {
      "%": 33.631653,
      "v": 16038
    },
    "IE_lau_24": {
      "%": 31.298265,
      "v": 10591
    },
    "IE_lau_25": {
      "%": 33.743649,
      "v": 7586
    },
    "IE_lau_26": {
      "%": 28.510963,
      "v": 10418
    },
    "IE_lau_27": {
      "%": 33.4645,
      "v": 11986
    }
  }
}