{
  "original_file": "Ireland_1991.csv",
  "year": 1991,
  "country": "IE",
  "var": "ed_isced_0to2_f",
  "data": {
    "IE_lau_1": {
      "%": 49.697178,
      "v": 7221
    },
    "IE_lau_2": {
      "%": 53.228725,
      "v": 9702
    },
    "IE_lau_3": {
      "%": 43.893684,
      "v": 14186
    },
    "IE_lau_4": {
      "%": 45.671757,
      "v": 70018
    },
    "IE_lau_5": {
      "%": 56.988564,
      "v": 25960
    },
    "IE_lau_6": {
      "%": 48.181332,
      "v": 99374
    },
    "IE_lau_7": {
      "%": 37.928871,
      "v": 77395
    },
    "IE_lau_8": {
      "%": 42.164146,
      "v": 27814
    },
    "IE_lau_9": {
      "%": 47.974602,
      "v": 21306
    },
    "IE_lau_10": {
      "%": 43.715565,
      "v": 18646
    },
    "IE_lau_11": {
      "%": 47.484241,
      "v": 12429
    },
    "IE_lau_12": {
      "%": 51.342041,
      "v": 9239
    },
    "IE_lau_13": {
      "%": 51.573524,
      "v": 4605
    },
    "IE_lau_14": {
      "%": 45.714668,
      "v": 27320
    },
    "IE_lau_15": {
      "%": 51.048752,
      "v": 5403
    },
    "IE_lau_16": {
      "%": 54.230621,
      "v": 18196
    },
    "IE_lau_17": {
      "%": 51.405521,
      "v": 20518
    },
    "IE_lau_18": {
      "%": 45.182018,
      "v": 16594
    },
    "IE_lau_19": {
      "%": 52.586594,
      "v": 9413
    },
    "IE_lau_20": {
      "%": 52.497673,
      "v": 10709
    },
    "IE_lau_21": {
      "%": 49.566959,
      "v": 9157
    },
    "IE_lau_22": {
      "%": 41.606979,
      "v": 8539
    },
    "IE_lau_23": {
      "%": 48.705097,
      "v": 23226
    },
    "IE_lau_24": {
      "%": 49.73698,
      "v": 16830
    },
    "IE_lau_25": {
      "%": 46.681496,
      "v": 10494
    },
    "IE_lau_26": {
      "%": 54.764641,
      "v": 20011
    },
    "IE_lau_27": {
      "%": 46.501564,
      "v": 16655
    }
  }
}