{
  "original_file": "Greece_1991.csv",
  "year": 1991,
  "country": "GR",
  "var": "ed_isced_3to5_m_55to64",
  "data": {
    "EL644": {
      "%": 9.730669,
      "v": 1120
    },
    "Municipality of Evosmo": {
      "%": 4.9180326,
      "v": 90
    },
    "Municipality of Aghios Dimitrios": {
      "%": 19.122257,
      "v": 610
    },
    "Municipality of Peristeri": {
      "%": 15.104167,
      "v": 1160
    },
    "EL612": {
      "%": 9.2298288,
      "v": 1510
    },
    "EL524": {
      "%": 5.4878049,
      "v": 540
    },
    "Municipality of Thessaloniki": {
      "%": 27.599068,
      "v": 5920
    },
    "EL632": {
      "%": 16.517857,
      "v": 2590
    },
    "EL653": {
      "%": 14.318182,
      "v": 2520
    },
    "Municipality of Kallithea": {
      "%": 33.562824,
      "v": 1950
    },
    "Rest of Department Thessaloniki": {
      "%": 5.9304705,
      "v": 870
    },
    "Municipality of Acharnes": {
      "%": 11.272727,
      "v": 310
    },
    "Municipality of Nea Ionia": {
      "%": 20.245399,
      "v": 660
    },
    "EL611": {
      "%": 6.6481996,
      "v": 1200
    },
    "EL431": {
      "%": 9.2760181,
      "v": 1230
    },
    "EL526": {
      "%": 5.8862877,
      "v": 880
    },
    "EL642": {
      "%": 12.202381,
      "v": 1640
    },
    "EL521": {
      "%": 6.590909,
      "v": 580
    },
    "Municipality of Elefsina": {
      "%": 12.096774,
      "v": 150
    },
    "EL527": {
      "%": 5.5284553,
      "v": 340
    },
    "Municipality of Petroupoli": {
      "%": 19.897959,
      "v": 390
    },
    "EL531": {
      "%": 7.1253071,
      "v": 870
    },
    "Municipality of Kalamaria": {
      "%": 24.407583,
      "v": 1030
    },
    "EL621": {
      "%": 7.5471697,
      "v": 160
    },
    "EL633": {
      "%": 10.755814,
      "v": 1110
    },
    "EL651": {
      "%": 11.336336,
      "v": 1510
    },
    "Municipality of Megara": {
      "%": 10.218978,
      "v": 140
    },
    "EL511": {
      "%": 5.0882659,
      "v": 490
    },
    "Municipality of Thermaikos": {
      "%": 18.518518,
      "v": 50
    },
    "EL631": {
      "%": 7.9519882,
      "v": 1060
    },
    "Municipality of Stavroupoli": {
      "%": 6.9306931,
      "v": 140
    },
    "Municipality of Aegaleo": {
      "%": 17.543859,
      "v": 800
    },
    "Municipality of Glyfada": {
      "%": 30.447762,
      "v": 1020
    },
    "Municipality of Ilioupoli": {
      "%": 26.587301,
      "v": 1340
    },
    "Municipality of Metamorfossi": {
      "%": 8.1300812,
      "v": 100
    },
    "Municipality of Nikea": {
      "%": 15.467626,
      "v": 860
    },
    "EL513": {
      "%": 4.4684129,
      "v": 290
    },
    "EL543": {
      "%": 7.4257426,
      "v": 750
    },
    "Municipality of Voula": {
      "%": 39.175259,
      "v": 380
    },
    "EL533": {
      "%": 5.915493,
      "v": 210
    },
    "Municipality of Neapoli": {
      "%": 8.1967211,
      "v": 150
    },
    "EL411": {
      "%": 8.3713846,
      "v": 550
    },
    "Municipality of Ilio (Nea Liossia)": {
      "%": 13.232104,
      "v": 610
    },
    "Municipality of Aghii Anargyri": {
      "%": 18.60465,
      "v": 320
    },
    "EL512": {
      "%": 5.6201549,
      "v": 290
    },
    "Municipality of Alimos": {
      "%": 39.320389,
      "v": 810
    },
    "Municipality of Aghia Paraskevi": {
      "%": 30.402931,
      "v": 830
    },
    "Municipality of Kamatero": {
      "%": 10.344828,
      "v": 90
    },
    "Municipality of Nea Philadelfia": {
      "%": 32.3741,
      "v": 450
    },
    "Municipality of Chaidari": {
      "%": 19.823788,
      "v": 450
    },
    "EL643": {
      "%": 6.6666665,
      "v": 120
    },
    "Municipality of Polichni": {
      "%": 2.6315789,
      "v": 40
    },
    "Municipality of Kifissia": {
      "%": 27.467812,
      "v": 640
    },
    "Municipality of Cholargos": {
      "%": 36.888889,
      "v": 830
    },
    "Municipality of Dafni": {
      "%": 30.496454,
      "v": 430
    },
    "Municipality of Abelokipi": {
      "%": 12.288136,
      "v": 290
    },
    "Municipality of Galatsi": {
      "%": 25.842697,
      "v": 690
    },
    "Municipality of Paleo Faliro": {
      "%": 36.277603,
      "v": 1150
    },
    "Rest of Prefecture West Attiki": {
      "%": 11.111111,
      "v": 240
    },
    "Municipality of Kessariani": {
      "%": 26.543209,
      "v": 430
    },
    "Municipality of Salamina": {
      "%": 16.836735,
      "v": 330
    },
    "Municipality of Pylea": {
      "%": 18.681318,
      "v": 170
    },
    "EL514": {
      "%": 6.6225166,
      "v": 500
    },
    "Municipality of Sykees": {
      "%": 11.640212,
      "v": 220
    },
    "Municipality of Echedoro": {
      "%": 5.0,
      "v": 40
    },
    "Municipality of Moschato": {
      "%": 25.342466,
      "v": 370
    },
    "Rest of Prefecture Athens": {
      "%": 27.536232,
      "v": 2280
    },
    "Municipality of Argyroupoli": {
      "%": 24.293785,
      "v": 430
    },
    "EL652": {
      "%": 13.829787,
      "v": 1300
    },
    "Municipality of Korydallos": {
      "%": 21.341463,
      "v": 700
    },
    "Municipality of Iraklio": {
      "%": 26.691729,
      "v": 710
    },
    "Municipality of Nea Smyrni": {
      "%": 39.540817,
      "v": 1550
    },
    "EL434": {
      "%": 15.395285,
      "v": 1110
    },
    "EL624": {
      "%": 7.03125,
      "v": 90
    },
    "EL413": {
      "%": 15.384615,
      "v": 520
    },
    "EL645": {
      "%": 14.285714,
      "v": 450
    },
    "EL641": {
      "%": 8.3999996,
      "v": 630
    },
    "Municipality of Eleftherio-Kordelio": {
      "%": 3.5294118,
      "v": 30
    },
    "Rest of Prefecture Pireas": {
      "%": 14.379085,
      "v": 660
    },
    "EL525": {
      "%": 6.4690027,
      "v": 480
    },
    "Municipality of Perama": {
      "%": 11.711712,
      "v": 130
    },
    "EL515": {
      "%": 7.7083335,
      "v": 740
    },
    "EL532": {
      "%": 8.75,
      "v": 280
    },
    "EL623": {
      "%": 9.090909,
      "v": 250
    },
    "Municipality of Koropi": {
      "%": 12.380953,
      "v": 130
    },
    "Municipality of Aghia Varvara": {
      "%": 8.6705198,
      "v": 150
    },
    "EL541": {
      "%": 4.7297297,
      "v": 420
    },
    "EL432": {
      "%": 11.083744,
      "v": 450
    },
    "EL622": {
      "%": 8.2792206,
      "v": 510
    },
    "Municipality of Athens": {
      "%": 32.144756,
      "v": 12080
    },
    "EL613": {
      "%": 12.967382,
      "v": 1630
    },
    "Municipality of Ano Liossia": {
      "%": 8.333333,
      "v": 100
    },
    "Rest of Prefecture East Attiki": {
      "%": 21.517998,
      "v": 2750
    },
    "EL412": {
      "%": 9.3425608,
      "v": 270
    },
    "Municipality of Vrilissia": {
      "%": 30.588236,
      "v": 260
    },
    "EL523": {
      "%": 4.8226953,
      "v": 340
    },
    "Municipality of Zografos": {
      "%": 33.250622,
      "v": 1340
    },
    "Municipality of Pireas": {
      "%": 31.741573,
      "v": 3390
    },
    "EL433": {
      "%": 5.602241,
      "v": 200
    },
    "EL422": {
      "%": 8.3067093,
      "v": 520
    },
    "Municipality of Vyron": {
      "%": 31.790123,
      "v": 1030
    },
    "Municipality of Chalandri": {
      "%": 30.532213,
      "v": 1090
    },
    "Municipality of Aspropyrgos": {
      "%": 5.5555553,
      "v": 50
    },
    "EL542": {
      "%": 4.6594982,
      "v": 130
    },
    "Municipality of Keratsini": {
      "%": 15.131579,
      "v": 690
    },
    "Municipality of Amaroussio": {
      "%": 28.65497,
      "v": 980
    },
    "EL421": {
      "%": 12.463768,
      "v": 860
    }
  }
}