{
  "original_file": "Greece_1991.csv",
  "year": 1991,
  "country": "GR",
  "var": "ed_isced_0to2_m",
  "data": {
    "EL300": {
      "%": 48.688766,
      "v": 614720
    },
    "EL411": {
      "%": 76.192963,
      "v": 29220
    },
    "EL412": {
      "%": 70.926521,
      "v": 11100
    },
    "EL413": {
      "%": 64.449287,
      "v": 11820
    },
    "EL421": {
      "%": 69.856628,
      "v": 38980
    },
    "EL422": {
      "%": 75.415993,
      "v": 28100
    },
    "EL431": {
      "%": 71.698112,
      "v": 67640
    },
    "EL432": {
      "%": 73.2677,
      "v": 19350
    },
    "EL433": {
      "%": 73.707413,
      "v": 18390
    },
    "EL434": {
      "%": 68.283096,
      "v": 31260
    },
    "EL511": {
      "%": 77.127243,
      "v": 39520
    },
    "EL512": {
      "%": 78.39798,
      "v": 24860
    },
    "EL513": {
      "%": 82.919174,
      "v": 31700
    },
    "EL514": {
      "%": 73.8601,
      "v": 26080
    },
    "EL515": {
      "%": 71.417137,
      "v": 35680
    },
    "EL521": {
      "%": 74.555534,
      "v": 39000
    },
    "EL522": {
      "%": 55.29892,
      "v": 189620
    },
    "EL523": {
      "%": 77.511963,
      "v": 22680
    },
    "EL524": {
      "%": 77.443466,
      "v": 40410
    },
    "EL525": {
      "%": 74.838264,
      "v": 32390
    },
    "EL526": {
      "%": 78.900887,
      "v": 56280
    },
    "EL527": {
      "%": 76.096184,
      "v": 26900
    },
    "EL531": {
      "%": 72.135681,
      "v": 49550
    },
    "EL532": {
      "%": 78.420235,
      "v": 15190
    },
    "EL533": {
      "%": 74.96096,
      "v": 14400
    },
    "EL541": {
      "%": 78.989937,
      "v": 40040
    },
    "EL542": {
      "%": 80.012733,
      "v": 12570
    },
    "EL543": {
      "%": 71.082153,
      "v": 39280
    },
    "EL611": {
      "%": 79.592865,
      "v": 78980
    },
    "EL612": {
      "%": 71.924866,
      "v": 71220
    },
    "EL613": {
      "%": 66.979019,
      "v": 47890
    },
    "EL621": {
      "%": 80.358536,
      "v": 10310
    },
    "EL622": {
      "%": 74.427582,
      "v": 28930
    },
    "EL623": {
      "%": 72.672218,
      "v": 9600
    },
    "EL624": {
      "%": 79.024391,
      "v": 6480
    },
    "EL631": {
      "%": 78.156746,
      "v": 64620
    },
    "EL632": {
      "%": 64.153275,
      "v": 67470
    },
    "EL633": {
      "%": 77.919678,
      "v": 50640
    },
    "EL641": {
      "%": 73.754433,
      "v": 35380
    },
    "EL642": {
      "%": 71.413719,
      "v": 54960
    },
    "EL643": {
      "%": 78.718536,
      "v": 6880
    },
    "EL644": {
      "%": 71.313713,
      "v": 44350
    },
    "EL645": {
      "%": 71.03791,
      "v": 11430
    },
    "EL651": {
      "%": 75.462715,
      "v": 57080
    },
    "EL652": {
      "%": 68.686676,
      "v": 35930
    },
    "EL653": {
      "%": 74.798851,
      "v": 75300
    }
  }
}