{
  "original_file": "Greece_1991.csv",
  "year": 1991,
  "country": "GR",
  "var": "ed_isced_3to5_f",
  "data": {
    "EL301": {
      "%": 41.342579,
      "v": 65590
    },
    "EL302": {
      "%": 28.002525,
      "v": 48800
    },
    "EL303": {
      "%": 40.897015,
      "v": 215470
    },
    "EL304": {
      "%": 40.961723,
      "v": 76410
    },
    "EL305": {
      "%": 29.866545,
      "v": 32450
    },
    "EL306": {
      "%": 20.035034,
      "v": 9150
    },
    "EL307": {
      "%": 27.40172,
      "v": 56390
    },
    "EL411": {
      "%": 13.822735,
      "v": 5630
    },
    "EL412": {
      "%": 16.728855,
      "v": 2690
    },
    "EL413": {
      "%": 24.473421,
      "v": 4880
    },
    "EL421": {
      "%": 20.240795,
      "v": 11600
    },
    "EL422": {
      "%": 16.012253,
      "v": 5750
    },
    "EL431": {
      "%": 20.657038,
      "v": 20310
    },
    "EL432": {
      "%": 16.690908,
      "v": 4590
    },
    "EL433": {
      "%": 21.048603,
      "v": 5500
    },
    "EL434": {
      "%": 21.606766,
      "v": 10220
    },
    "EL511": {
      "%": 14.593214,
      "v": 8000
    },
    "EL512": {
      "%": 13.583138,
      "v": 4640
    },
    "EL513": {
      "%": 10.45067,
      "v": 4290
    },
    "EL514": {
      "%": 15.639811,
      "v": 5940
    },
    "EL515": {
      "%": 18.149925,
      "v": 9830
    },
    "EL521": {
      "%": 16.147678,
      "v": 8660
    },
    "EL522": {
      "%": 30.862516,
      "v": 117830
    },
    "EL523": {
      "%": 14.397905,
      "v": 4400
    },
    "EL524": {
      "%": 14.368244,
      "v": 7710
    },
    "EL525": {
      "%": 16.507936,
      "v": 7280
    },
    "EL526": {
      "%": 13.32021,
      "v": 10150
    },
    "EL527": {
      "%": 14.995641,
      "v": 5160
    },
    "EL531": {
      "%": 16.137871,
      "v": 11190
    },
    "EL532": {
      "%": 15.271436,
      "v": 3010
    },
    "EL533": {
      "%": 14.669319,
      "v": 2950
    },
    "EL541": {
      "%": 12.628376,
      "v": 6640
    },
    "EL542": {
      "%": 10.213033,
      "v": 1630
    },
    "EL543": {
      "%": 19.419386,
      "v": 11840
    },
    "EL611": {
      "%": 12.29365,
      "v": 12660
    },
    "EL612": {
      "%": 17.610245,
      "v": 18290
    },
    "EL613": {
      "%": 19.580053,
      "v": 14920
    },
    "EL621": {
      "%": 16.126419,
      "v": 1990
    },
    "EL622": {
      "%": 16.62668,
      "v": 6930
    },
    "EL623": {
      "%": 20.734507,
      "v": 2710
    },
    "EL624": {
      "%": 12.653563,
      "v": 1030
    },
    "EL631": {
      "%": 14.530906,
      "v": 12530
    },
    "EL632": {
      "%": 25.076784,
      "v": 27760
    },
    "EL633": {
      "%": 16.562548,
      "v": 10870
    },
    "EL641": {
      "%": 18.172247,
      "v": 8630
    },
    "EL642": {
      "%": 18.296892,
      "v": 14310
    },
    "EL643": {
      "%": 12.368728,
      "v": 1060
    },
    "EL644": {
      "%": 18.492842,
      "v": 12270
    },
    "EL645": {
      "%": 15.822002,
      "v": 2560
    },
    "EL651": {
      "%": 17.032379,
      "v": 12730
    },
    "EL652": {
      "%": 20.712034,
      "v": 11170
    },
    "EL653": {
      "%": 16.798059,
      "v": 16620
    }
  }
}