{
  "original_file": "Greece_1991.csv",
  "year": 1991,
  "country": "GR",
  "var": "ed_isced_3to5_m",
  "data": {
    "EL300": {
      "%": 36.663895,
      "v": 462900
    },
    "EL411": {
      "%": 17.627119,
      "v": 6760
    },
    "EL412": {
      "%": 21.469648,
      "v": 3360
    },
    "EL413": {
      "%": 27.208288,
      "v": 4990
    },
    "EL421": {
      "%": 22.258064,
      "v": 12420
    },
    "EL422": {
      "%": 18.33065,
      "v": 6830
    },
    "EL431": {
      "%": 20.775917,
      "v": 19600
    },
    "EL432": {
      "%": 20.219614,
      "v": 5340
    },
    "EL433": {
      "%": 19.599199,
      "v": 4890
    },
    "EL434": {
      "%": 24.836172,
      "v": 11370
    },
    "EL511": {
      "%": 17.232632,
      "v": 8830
    },
    "EL512": {
      "%": 16.493219,
      "v": 5230
    },
    "EL513": {
      "%": 12.686372,
      "v": 4850
    },
    "EL514": {
      "%": 20.249222,
      "v": 7150
    },
    "EL515": {
      "%": 22.43795,
      "v": 11210
    },
    "EL521": {
      "%": 20.091761,
      "v": 10510
    },
    "EL522": {
      "%": 33.382912,
      "v": 114470
    },
    "EL523": {
      "%": 18.352699,
      "v": 5370
    },
    "EL524": {
      "%": 18.493675,
      "v": 9650
    },
    "EL525": {
      "%": 19.477819,
      "v": 8430
    },
    "EL526": {
      "%": 16.234404,
      "v": 11580
    },
    "EL527": {
      "%": 18.387552,
      "v": 6500
    },
    "EL531": {
      "%": 22.565147,
      "v": 15500
    },
    "EL532": {
      "%": 16.933403,
      "v": 3280
    },
    "EL533": {
      "%": 18.896408,
      "v": 3630
    },
    "EL541": {
      "%": 14.795817,
      "v": 7500
    },
    "EL542": {
      "%": 15.467854,
      "v": 2430
    },
    "EL543": {
      "%": 19.562071,
      "v": 10810
    },
    "EL611": {
      "%": 15.045853,
      "v": 14930
    },
    "EL612": {
      "%": 21.359322,
      "v": 21150
    },
    "EL613": {
      "%": 24.853148,
      "v": 17770
    },
    "EL621": {
      "%": 15.276695,
      "v": 1960
    },
    "EL622": {
      "%": 19.243633,
      "v": 7480
    },
    "EL623": {
      "%": 22.558668,
      "v": 2980
    },
    "EL624": {
      "%": 15.121951,
      "v": 1240
    },
    "EL631": {
      "%": 17.005322,
      "v": 14060
    },
    "EL632": {
      "%": 28.040316,
      "v": 29490
    },
    "EL633": {
      "%": 17.664255,
      "v": 11480
    },
    "EL641": {
      "%": 21.242443,
      "v": 10190
    },
    "EL642": {
      "%": 22.401247,
      "v": 17240
    },
    "EL643": {
      "%": 17.620138,
      "v": 1540
    },
    "EL644": {
      "%": 22.479498,
      "v": 13980
    },
    "EL645": {
      "%": 21.752642,
      "v": 3500
    },
    "EL651": {
      "%": 18.733475,
      "v": 14170
    },
    "EL652": {
      "%": 23.437201,
      "v": 12260
    },
    "EL653": {
      "%": 19.51922,
      "v": 19650
    }
  }
}