{
  "original_file": "Greece_1991.csv",
  "year": 1991,
  "country": "GR",
  "var": "ed_isced_6to8_f_15to24",
  "data": {
    "EL644": {
      "%": 3.4101381,
      "v": 370
    },
    "Municipality of Evosmo": {
      "%": 4.1493778,
      "v": 100
    },
    "Municipality of Aghios Dimitrios": {
      "%": 5.3078556,
      "v": 250
    },
    "Municipality of Peristeri": {
      "%": 3.204524,
      "v": 340
    },
    "EL612": {
      "%": 4.1126761,
      "v": 730
    },
    "EL524": {
      "%": 2.1505377,
      "v": 200
    },
    "Municipality of Thessaloniki": {
      "%": 6.4497552,
      "v": 2240
    },
    "EL632": {
      "%": 3.4137461,
      "v": 750
    },
    "EL653": {
      "%": 3.2394366,
      "v": 460
    },
    "Municipality of Kallithea": {
      "%": 3.6540804,
      "v": 300
    },
    "Rest of Department Thessaloniki": {
      "%": 3.0112925,
      "v": 480
    },
    "Municipality of Acharnes": {
      "%": 1.2295082,
      "v": 60
    },
    "Municipality of Nea Ionia": {
      "%": 4.2154565,
      "v": 180
    },
    "EL611": {
      "%": 3.8607595,
      "v": 610
    },
    "EL431": {
      "%": 2.2560337,
      "v": 430
    },
    "EL526": {
      "%": 2.4454148,
      "v": 280
    },
    "EL642": {
      "%": 2.6604068,
      "v": 340
    },
    "EL521": {
      "%": 3.1948881,
      "v": 300
    },
    "Municipality of Elefsina": {
      "%": 1.3071896,
      "v": 20
    },
    "EL527": {
      "%": 3.0411448,
      "v": 170
    },
    "Municipality of Petroupoli": {
      "%": 1.3333334,
      "v": 40
    },
    "EL531": {
      "%": 3.7132988,
      "v": 430
    },
    "Municipality of Kalamaria": {
      "%": 4.3269229,
      "v": 270
    },
    "EL621": {
      "%": 2.6737969,
      "v": 50
    },
    "EL633": {
      "%": 1.6230838,
      "v": 180
    },
    "EL651": {
      "%": 3.8461537,
      "v": 450
    },
    "Municipality of Megara": {
      "%": 4.1025643,
      "v": 80
    },
    "EL511": {
      "%": 4.3037972,
      "v": 340
    },
    "Municipality of Thermaikos": {
      "%": 3.2258065,
      "v": 10
    },
    "EL631": {
      "%": 3.04916,
      "v": 490
    },
    "Municipality of Stavroupoli": {
      "%": 3.0959752,
      "v": 100
    },
    "Municipality of Aegaleo": {
      "%": 3.2258065,
      "v": 190
    },
    "Municipality of Glyfada": {
      "%": 3.3632288,
      "v": 150
    },
    "Municipality of Ilioupoli": {
      "%": 4.1095891,
      "v": 240
    },
    "Municipality of Metamorfossi": {
      "%": 2.4242425,
      "v": 40
    },
    "Municipality of Nikea": {
      "%": 1.5873016,
      "v": 100
    },
    "EL513": {
      "%": 3.5608308,
      "v": 240
    },
    "EL543": {
      "%": 3.6630037,
      "v": 400
    },
    "Municipality of Voula": {
      "%": 5.2631578,
      "v": 60
    },
    "EL533": {
      "%": 6.3636365,
      "v": 210
    },
    "Municipality of Neapoli": {
      "%": 1.0989012,
      "v": 30
    },
    "EL411": {
      "%": 1.590106,
      "v": 90
    },
    "Municipality of Ilio (Nea Liossia)": {
      "%": 4.1533546,
      "v": 260
    },
    "Municipality of Aghii Anargyri": {
      "%": 3.4042554,
      "v": 80
    },
    "EL512": {
      "%": 2.0833333,
      "v": 140
    },
    "Municipality of Alimos": {
      "%": 3.7558684,
      "v": 80
    },
    "Municipality of Aghia Paraskevi": {
      "%": 6.0273972,
      "v": 220
    },
    "Municipality of Kamatero": {
      "%": 0.69930071,
      "v": 10
    },
    "Municipality of Nea Philadelfia": {
      "%": 2.3391812,
      "v": 40
    },
    "Municipality of Chaidari": {
      "%": 2.5974026,
      "v": 80
    },
    "EL643": {
      "%": 3.0534351,
      "v": 40
    },
    "Municipality of Polichni": {
      "%": 2.2727273,
      "v": 50
    },
    "Municipality of Kifissia": {
      "%": 5.5363321,
      "v": 160
    },
    "Municipality of Cholargos": {
      "%": 9.0551186,
      "v": 230
    },
    "Municipality of Dafni": {
      "%": 5.8823528,
      "v": 100
    },
    "Municipality of Abelokipi": {
      "%": 2.0289855,
      "v": 70
    },
    "Municipality of Galatsi": {
      "%": 5.0925927,
      "v": 220
    },
    "Municipality of Paleo Faliro": {
      "%": 5.5248618,
      "v": 200
    },
    "Rest of Prefecture West Attiki": {
      "%": 1.7291067,
      "v": 60
    },
    "Municipality of Kessariani": {
      "%": 4.0404038,
      "v": 80
    },
    "Municipality of Salamina": {
      "%": 2.0134227,
      "v": 30
    },
    "Municipality of Pylea": {
      "%": 5.0632911,
      "v": 80
    },
    "EL514": {
      "%": 4.6017699,
      "v": 260
    },
    "Municipality of Sykees": {
      "%": 3.3444817,
      "v": 100
    },
    "Municipality of Echedoro": {
      "%": 0.7352941,
      "v": 10
    },
    "Municipality of Moschato": {
      "%": 4.2944784,
      "v": 70
    },
    "Rest of Prefecture Athens": {
      "%": 4.7388783,
      "v": 490
    },
    "Municipality of Argyroupoli": {
      "%": 6.1728396,
      "v": 150
    },
    "EL652": {
      "%": 2.8784649,
      "v": 270
    },
    "Municipality of Korydallos": {
      "%": 3.6480687,
      "v": 170
    },
    "Municipality of Iraklio": {
      "%": 4.9853373,
      "v": 170
    },
    "Municipality of Nea Smyrni": {
      "%": 5.8139534,
      "v": 300
    },
    "EL434": {
      "%": 2.9715762,
      "v": 230
    },
    "EL624": {
      "%": 2.4691358,
      "v": 20
    },
    "EL413": {
      "%": 3.4364262,
      "v": 100
    },
    "EL645": {
      "%": 5.7894735,
      "v": 110
    },
    "EL641": {
      "%": 1.4440433,
      "v": 120
    },
    "Municipality of Eleftherio-Kordelio": {
      "%": 3.125,
      "v": 40
    },
    "Rest of Prefecture Pireas": {
      "%": 1.4634147,
      "v": 60
    },
    "EL525": {
      "%": 2.6702271,
      "v": 200
    },
    "Municipality of Perama": {
      "%": 1.0256411,
      "v": 20
    },
    "EL515": {
      "%": 2.275449,
      "v": 190
    },
    "EL532": {
      "%": 3.8961039,
      "v": 120
    },
    "EL623": {
      "%": 2.6315789,
      "v": 50
    },
    "Municipality of Koropi": {
      "%": 3.030303,
      "v": 30
    },
    "Municipality of Aghia Varvara": {
      "%": 2.1276596,
      "v": 50
    },
    "EL541": {
      "%": 2.2408965,
      "v": 160
    },
    "EL432": {
      "%": 0.82644629,
      "v": 30
    },
    "EL622": {
      "%": 2.5723472,
      "v": 160
    },
    "Municipality of Athens": {
      "%": 5.225564,
      "v": 2780
    },
    "EL613": {
      "%": 4.3054428,
      "v": 530
    },
    "Municipality of Ano Liossia": {
      "%": 0.48543689,
      "v": 10
    },
    "Rest of Prefecture East Attiki": {
      "%": 2.8766086,
      "v": 380
    },
    "EL412": {
      "%": 4.2857141,
      "v": 90
    },
    "Municipality of Vrilissia": {
      "%": 4.1666665,
      "v": 50
    },
    "EL523": {
      "%": 2.0703933,
      "v": 100
    },
    "Municipality of Zografos": {
      "%": 4.2709866,
      "v": 290
    },
    "Municipality of Pireas": {
      "%": 2.8432169,
      "v": 350
    },
    "EL433": {
      "%": 2.6022305,
      "v": 140
    },
    "EL422": {
      "%": 3.5836177,
      "v": 210
    },
    "Municipality of Vyron": {
      "%": 6.5610862,
      "v": 290
    },
    "Municipality of Chalandri": {
      "%": 5.6206088,
      "v": 240
    },
    "Municipality of Aspropyrgos": {
      "%": 0.86956519,
      "v": 10
    },
    "EL542": {
      "%": 0.44444445,
      "v": 10
    },
    "Municipality of Keratsini": {
      "%": 3.5196688,
      "v": 170
    },
    "Municipality of Amaroussio": {
      "%": 4.0572791,
      "v": 170
    },
    "EL421": {
      "%": 2.4871354,
      "v": 290
    }
  }
}