{
  "original_file": "Greece_1991.csv",
  "year": 1991,
  "country": "GR",
  "var": "ed_isced_3to5",
  "data": {
    "EL301": {
      "%": 39.748913,
      "v": 118730
    },
    "EL302": {
      "%": 29.856581,
      "v": 101590
    },
    "EL303": {
      "%": 40.402935,
      "v": 395270
    },
    "EL304": {
      "%": 41.326149,
      "v": 144220
    },
    "EL305": {
      "%": 29.904638,
      "v": 64600
    },
    "EL306": {
      "%": 21.72905,
      "v": 19680
    },
    "EL307": {
      "%": 31.068085,
      "v": 123070
    },
    "EL411": {
      "%": 15.667678,
      "v": 12390
    },
    "EL412": {
      "%": 19.067129,
      "v": 6050
    },
    "EL413": {
      "%": 25.783699,
      "v": 9870
    },
    "EL421": {
      "%": 21.235966,
      "v": 24020
    },
    "EL422": {
      "%": 17.192839,
      "v": 12580
    },
    "EL431": {
      "%": 20.71525,
      "v": 39910
    },
    "EL432": {
      "%": 18.419588,
      "v": 9930
    },
    "EL433": {
      "%": 20.340643,
      "v": 10390
    },
    "EL434": {
      "%": 23.195101,
      "v": 21590
    },
    "EL511": {
      "%": 15.868377,
      "v": 16830
    },
    "EL512": {
      "%": 14.984059,
      "v": 9870
    },
    "EL513": {
      "%": 11.528759,
      "v": 9140
    },
    "EL514": {
      "%": 17.860554,
      "v": 13090
    },
    "EL515": {
      "%": 20.207453,
      "v": 21040
    },
    "EL521": {
      "%": 18.095148,
      "v": 19170
    },
    "EL522": {
      "%": 32.055084,
      "v": 232300
    },
    "EL523": {
      "%": 16.332331,
      "v": 9770
    },
    "EL524": {
      "%": 16.402117,
      "v": 17360
    },
    "EL525": {
      "%": 17.978943,
      "v": 15710
    },
    "EL526": {
      "%": 14.729208,
      "v": 21730
    },
    "EL527": {
      "%": 16.714449,
      "v": 11660
    },
    "EL531": {
      "%": 19.336376,
      "v": 26690
    },
    "EL532": {
      "%": 16.09519,
      "v": 6290
    },
    "EL533": {
      "%": 16.734486,
      "v": 6580
    },
    "EL541": {
      "%": 13.692263,
      "v": 14140
    },
    "EL542": {
      "%": 12.819703,
      "v": 4060
    },
    "EL543": {
      "%": 19.487223,
      "v": 22650
    },
    "EL611": {
      "%": 13.644231,
      "v": 27590
    },
    "EL612": {
      "%": 19.440063,
      "v": 39440
    },
    "EL613": {
      "%": 22.132702,
      "v": 32690
    },
    "EL621": {
      "%": 15.693286,
      "v": 3950
    },
    "EL622": {
      "%": 17.889509,
      "v": 14410
    },
    "EL623": {
      "%": 21.651445,
      "v": 5690
    },
    "EL624": {
      "%": 13.892289,
      "v": 2270
    },
    "EL631": {
      "%": 15.742111,
      "v": 26590
    },
    "EL632": {
      "%": 26.520592,
      "v": 57250
    },
    "EL633": {
      "%": 17.110703,
      "v": 22350
    },
    "EL641": {
      "%": 19.715063,
      "v": 18820
    },
    "EL642": {
      "%": 20.332539,
      "v": 31550
    },
    "EL643": {
      "%": 15.02022,
      "v": 2600
    },
    "EL644": {
      "%": 20.421659,
      "v": 26250
    },
    "EL645": {
      "%": 18.779051,
      "v": 6060
    },
    "EL651": {
      "%": 17.888018,
      "v": 26900
    },
    "EL652": {
      "%": 22.053841,
      "v": 23430
    },
    "EL653": {
      "%": 18.170433,
      "v": 36270
    }
  }
}