{
  "original_file": "Greece_1991.csv",
  "year": 1991,
  "country": "GR",
  "var": "ed_isced_0to2",
  "data": {
    "EL301": {
      "%": 41.901573,
      "v": 125160
    },
    "EL302": {
      "%": 65.04438,
      "v": 221320
    },
    "EL303": {
      "%": 44.499756,
      "v": 435350
    },
    "EL304": {
      "%": 45.452461,
      "v": 158620
    },
    "EL305": {
      "%": 61.452644,
      "v": 132750
    },
    "EL306": {
      "%": 74.781937,
      "v": 67730
    },
    "EL307": {
      "%": 63.128265,
      "v": 250070
    },
    "EL411": {
      "%": 79.615578,
      "v": 62960
    },
    "EL412": {
      "%": 75.480621,
      "v": 23950
    },
    "EL413": {
      "%": 68.4953,
      "v": 26220
    },
    "EL421": {
      "%": 72.469276,
      "v": 81970
    },
    "EL422": {
      "%": 77.559113,
      "v": 56750
    },
    "EL431": {
      "%": 72.999069,
      "v": 140640
    },
    "EL432": {
      "%": 76.182526,
      "v": 41070
    },
    "EL433": {
      "%": 73.942833,
      "v": 37770
    },
    "EL434": {
      "%": 70.949722,
      "v": 66040
    },
    "EL511": {
      "%": 79.436165,
      "v": 84250
    },
    "EL512": {
      "%": 80.947319,
      "v": 53320
    },
    "EL513": {
      "%": 84.788094,
      "v": 67220
    },
    "EL514": {
      "%": 77.336609,
      "v": 56680
    },
    "EL515": {
      "%": 74.519783,
      "v": 77590
    },
    "EL521": {
      "%": 77.213516,
      "v": 81800
    },
    "EL522": {
      "%": 58.29665,
      "v": 422470
    },
    "EL523": {
      "%": 80.558342,
      "v": 48190
    },
    "EL524": {
      "%": 80.083145,
      "v": 84760
    },
    "EL525": {
      "%": 77.225906,
      "v": 67480
    },
    "EL526": {
      "%": 81.163155,
      "v": 119740
    },
    "EL527": {
      "%": 78.798737,
      "v": 54970
    },
    "EL531": {
      "%": 75.918282,
      "v": 104790
    },
    "EL532": {
      "%": 79.70829,
      "v": 31150
    },
    "EL533": {
      "%": 77.441505,
      "v": 30450
    },
    "EL541": {
      "%": 81.466057,
      "v": 84130
    },
    "EL542": {
      "%": 83.928009,
      "v": 26580
    },
    "EL543": {
      "%": 73.130859,
      "v": 85000
    },
    "EL611": {
      "%": 81.712082,
      "v": 165230
    },
    "EL612": {
      "%": 74.768333,
      "v": 151690
    },
    "EL613": {
      "%": 71.157753,
      "v": 105100
    },
    "EL621": {
      "%": 80.373459,
      "v": 20230
    },
    "EL622": {
      "%": 77.057732,
      "v": 62070
    },
    "EL623": {
      "%": 74.200912,
      "v": 19500
    },
    "EL624": {
      "%": 80.966949,
      "v": 13230
    },
    "EL631": {
      "%": 80.119591,
      "v": 135330
    },
    "EL632": {
      "%": 66.943069,
      "v": 144510
    },
    "EL633": {
      "%": 79.160927,
      "v": 103400
    },
    "EL641": {
      "%": 76.094696,
      "v": 72640
    },
    "EL642": {
      "%": 74.614937,
      "v": 115780
    },
    "EL643": {
      "%": 81.744659,
      "v": 14150
    },
    "EL644": {
      "%": 74.560448,
      "v": 95840
    },
    "EL645": {
      "%": 75.643013,
      "v": 24410
    },
    "EL651": {
      "%": 77.383957,
      "v": 116370
    },
    "EL652": {
      "%": 71.564384,
      "v": 76030
    },
    "EL653": {
      "%": 77.005157,
      "v": 153710
    }
  }
}