{
  "original_file": "Greece_1991.csv",
  "year": 1991,
  "country": "GR",
  "var": "ed_isced_6to8_m",
  "data": {
    "EL301": {
      "%": 23.098892,
      "v": 32350
    },
    "EL302": {
      "%": 5.916019,
      "v": 9820
    },
    "EL303": {
      "%": 19.346123,
      "v": 87340
    },
    "EL304": {
      "%": 16.523024,
      "v": 26840
    },
    "EL305": {
      "%": 10.896899,
      "v": 11700
    },
    "EL306": {
      "%": 4.0089087,
      "v": 1800
    },
    "EL307": {
      "%": 7.5023642,
      "v": 14280
    },
    "EL411": {
      "%": 6.1277704,
      "v": 2350
    },
    "EL412": {
      "%": 7.5399361,
      "v": 1180
    },
    "EL413": {
      "%": 8.3424206,
      "v": 1530
    },
    "EL421": {
      "%": 7.7777777,
      "v": 4340
    },
    "EL422": {
      "%": 6.253355,
      "v": 2330
    },
    "EL431": {
      "%": 7.4623699,
      "v": 7040
    },
    "EL432": {
      "%": 6.5126848,
      "v": 1720
    },
    "EL433": {
      "%": 6.6933866,
      "v": 1670
    },
    "EL434": {
      "%": 6.880734,
      "v": 3150
    },
    "EL511": {
      "%": 5.6401248,
      "v": 2890
    },
    "EL512": {
      "%": 5.1087985,
      "v": 1620
    },
    "EL513": {
      "%": 4.3944545,
      "v": 1680
    },
    "EL514": {
      "%": 5.8906827,
      "v": 2080
    },
    "EL515": {
      "%": 6.1048837,
      "v": 3050
    },
    "EL521": {
      "%": 5.352705,
      "v": 2800
    },
    "EL522": {
      "%": 11.27734,
      "v": 38670
    },
    "EL523": {
      "%": 4.1353383,
      "v": 1210
    },
    "EL524": {
      "%": 4.0053658,
      "v": 2090
    },
    "EL525": {
      "%": 5.6839185,
      "v": 2460
    },
    "EL526": {
      "%": 4.8647132,
      "v": 3470
    },
    "EL527": {
      "%": 5.5162659,
      "v": 1950
    },
    "EL531": {
      "%": 5.29917,
      "v": 3640
    },
    "EL532": {
      "%": 4.6463604,
      "v": 900
    },
    "EL533": {
      "%": 6.0905776,
      "v": 1170
    },
    "EL541": {
      "%": 6.2142434,
      "v": 3150
    },
    "EL542": {
      "%": 4.5194144,
      "v": 710
    },
    "EL543": {
      "%": 9.355773,
      "v": 5170
    },
    "EL611": {
      "%": 5.3612819,
      "v": 5320
    },
    "EL612": {
      "%": 6.6956172,
      "v": 6630
    },
    "EL613": {
      "%": 8.1538458,
      "v": 5830
    },
    "EL621": {
      "%": 4.3647699,
      "v": 560
    },
    "EL622": {
      "%": 6.2516079,
      "v": 2430
    },
    "EL623": {
      "%": 4.7691145,
      "v": 630
    },
    "EL624": {
      "%": 5.8536587,
      "v": 480
    },
    "EL631": {
      "%": 4.8258348,
      "v": 3990
    },
    "EL632": {
      "%": 7.7778835,
      "v": 8180
    },
    "EL633": {
      "%": 4.4160638,
      "v": 2870
    },
    "EL641": {
      "%": 4.9614344,
      "v": 2380
    },
    "EL642": {
      "%": 6.1720376,
      "v": 4750
    },
    "EL643": {
      "%": 3.6613271,
      "v": 320
    },
    "EL644": {
      "%": 6.2067857,
      "v": 3860
    },
    "EL645": {
      "%": 7.2094469,
      "v": 1160
    },
    "EL651": {
      "%": 5.8038077,
      "v": 4390
    },
    "EL652": {
      "%": 7.8378897,
      "v": 4100
    },
    "EL653": {
      "%": 5.6719975,
      "v": 5710
    }
  }
}