{
  "original_file": "Greece_1991.csv",
  "year": 1991,
  "country": "GR",
  "var": "ed_isced_0to2_f",
  "data": {
    "EL301": {
      "%": 44.607628,
      "v": 70770
    },
    "EL302": {
      "%": 67.699547,
      "v": 117980
    },
    "EL303": {
      "%": 47.707172,
      "v": 251350
    },
    "EL304": {
      "%": 48.750938,
      "v": 90940
    },
    "EL305": {
      "%": 63.791992,
      "v": 69310
    },
    "EL306": {
      "%": 77.030876,
      "v": 35180
    },
    "EL307": {
      "%": 68.394966,
      "v": 140750
    },
    "EL411": {
      "%": 82.838203,
      "v": 33740
    },
    "EL412": {
      "%": 79.912933,
      "v": 12850
    },
    "EL413": {
      "%": 72.216652,
      "v": 14400
    },
    "EL421": {
      "%": 75.013084,
      "v": 42990
    },
    "EL422": {
      "%": 79.782791,
      "v": 28650
    },
    "EL431": {
      "%": 74.247353,
      "v": 73000
    },
    "EL432": {
      "%": 78.981819,
      "v": 21720
    },
    "EL433": {
      "%": 74.167625,
      "v": 19380
    },
    "EL434": {
      "%": 73.530655,
      "v": 34780
    },
    "EL511": {
      "%": 81.594307,
      "v": 44730
    },
    "EL512": {
      "%": 83.31382,
      "v": 28460
    },
    "EL513": {
      "%": 86.528625,
      "v": 35520
    },
    "EL514": {
      "%": 80.568718,
      "v": 30600
    },
    "EL515": {
      "%": 77.381828,
      "v": 41910
    },
    "EL521": {
      "%": 79.806076,
      "v": 42800
    },
    "EL522": {
      "%": 60.989025,
      "v": 232850
    },
    "EL523": {
      "%": 83.475128,
      "v": 25510
    },
    "EL524": {
      "%": 82.650017,
      "v": 44350
    },
    "EL525": {
      "%": 79.56916,
      "v": 35090
    },
    "EL526": {
      "%": 83.280838,
      "v": 63460
    },
    "EL527": {
      "%": 81.575127,
      "v": 28070
    },
    "EL531": {
      "%": 79.665421,
      "v": 55240
    },
    "EL532": {
      "%": 80.974121,
      "v": 15960
    },
    "EL533": {
      "%": 79.811043,
      "v": 16050
    },
    "EL541": {
      "%": 83.853172,
      "v": 44090
    },
    "EL542": {
      "%": 87.781952,
      "v": 14010
    },
    "EL543": {
      "%": 74.987701,
      "v": 45720
    },
    "EL611": {
      "%": 83.754128,
      "v": 86250
    },
    "EL612": {
      "%": 77.479301,
      "v": 80470
    },
    "EL613": {
      "%": 75.078743,
      "v": 57210
    },
    "EL621": {
      "%": 80.388977,
      "v": 9920
    },
    "EL622": {
      "%": 79.510559,
      "v": 33140
    },
    "EL623": {
      "%": 75.745987,
      "v": 9900
    },
    "EL624": {
      "%": 82.923836,
      "v": 6750
    },
    "EL631": {
      "%": 82.001625,
      "v": 70710
    },
    "EL632": {
      "%": 69.593498,
      "v": 77040
    },
    "EL633": {
      "%": 80.390068,
      "v": 52760
    },
    "EL641": {
      "%": 78.458626,
      "v": 37260
    },
    "EL642": {
      "%": 77.764992,
      "v": 60820
    },
    "EL643": {
      "%": 84.830803,
      "v": 7270
    },
    "EL644": {
      "%": 77.603615,
      "v": 51490
    },
    "EL645": {
      "%": 80.222496,
      "v": 12980
    },
    "EL651": {
      "%": 79.328339,
      "v": 59290
    },
    "EL652": {
      "%": 74.355644,
      "v": 40100
    },
    "EL653": {
      "%": 79.250053,
      "v": 78410
    }
  }
}