{
  "original_file": "Greece_1991.csv",
  "year": 1991,
  "country": "GR",
  "var": "ed_isced_3to5",
  "data": {
    "EL644": {
      "%": 20.421659,
      "v": 26250
    },
    "Municipality of Evosmo": {
      "%": 21.991888,
      "v": 4880
    },
    "Municipality of Aghios Dimitrios": {
      "%": 31.220392,
      "v": 13840
    },
    "Municipality of Peristeri": {
      "%": 29.388578,
      "v": 30570
    },
    "EL612": {
      "%": 19.440063,
      "v": 39440
    },
    "EL524": {
      "%": 16.402117,
      "v": 17360
    },
    "Municipality of Thessaloniki": {
      "%": 40.658131,
      "v": 121950
    },
    "EL632": {
      "%": 26.520592,
      "v": 57250
    },
    "EL653": {
      "%": 18.170433,
      "v": 36270
    },
    "Municipality of Kallithea": {
      "%": 40.910114,
      "v": 36320
    },
    "Rest of Department Thessaloniki": {
      "%": 20.362236,
      "v": 33840
    },
    "Municipality of Acharnes": {
      "%": 23.79216,
      "v": 10440
    },
    "Municipality of Nea Ionia": {
      "%": 32.705734,
      "v": 15460
    },
    "EL611": {
      "%": 13.644231,
      "v": 27590
    },
    "EL431": {
      "%": 20.71525,
      "v": 39910
    },
    "EL526": {
      "%": 14.729208,
      "v": 21730
    },
    "EL642": {
      "%": 20.332539,
      "v": 31550
    },
    "EL521": {
      "%": 18.095148,
      "v": 19170
    },
    "Municipality of Elefsina": {
      "%": 28.246155,
      "v": 4590
    },
    "EL527": {
      "%": 16.714449,
      "v": 11660
    },
    "Municipality of Petroupoli": {
      "%": 32.596886,
      "v": 9000
    },
    "EL531": {
      "%": 19.336376,
      "v": 26690
    },
    "Municipality of Kalamaria": {
      "%": 38.096012,
      "v": 23490
    },
    "EL621": {
      "%": 15.693286,
      "v": 3950
    },
    "EL633": {
      "%": 17.110703,
      "v": 22350
    },
    "EL651": {
      "%": 17.888018,
      "v": 26900
    },
    "Municipality of Megara": {
      "%": 18.86388,
      "v": 3520
    },
    "EL511": {
      "%": 15.868377,
      "v": 16830
    },
    "Municipality of Thermaikos": {
      "%": 31.73077,
      "v": 1320
    },
    "EL631": {
      "%": 15.742111,
      "v": 26590
    },
    "Municipality of Stavroupoli": {
      "%": 25.026325,
      "v": 7130
    },
    "Municipality of Aegaleo": {
      "%": 29.361914,
      "v": 17670
    },
    "Municipality of Glyfada": {
      "%": 43.100475,
      "v": 19990
    },
    "Municipality of Ilioupoli": {
      "%": 37.889244,
      "v": 22510
    },
    "Municipality of Metamorfossi": {
      "%": 27.027027,
      "v": 4300
    },
    "Municipality of Nikea": {
      "%": 28.786299,
      "v": 19330
    },
    "EL513": {
      "%": 11.528759,
      "v": 9140
    },
    "EL543": {
      "%": 19.487223,
      "v": 22650
    },
    "Municipality of Voula": {
      "%": 49.88435,
      "v": 6470
    },
    "EL533": {
      "%": 16.734486,
      "v": 6580
    },
    "Municipality of Neapoli": {
      "%": 30.323393,
      "v": 7220
    },
    "EL411": {
      "%": 15.667678,
      "v": 12390
    },
    "Municipality of Ilio (Nea Liossia)": {
      "%": 29.747698,
      "v": 17450
    },
    "Municipality of Aghii Anargyri": {
      "%": 33.248837,
      "v": 7870
    },
    "EL512": {
      "%": 14.984059,
      "v": 9870
    },
    "Municipality of Alimos": {
      "%": 45.603271,
      "v": 11150
    },
    "Municipality of Aghia Paraskevi": {
      "%": 42.150539,
      "v": 15680
    },
    "Municipality of Kamatero": {
      "%": 22.937168,
      "v": 3030
    },
    "Municipality of Nea Philadelfia": {
      "%": 34.378109,
      "v": 6910
    },
    "Municipality of Chaidari": {
      "%": 34.523811,
      "v": 10730
    },
    "EL643": {
      "%": 15.02022,
      "v": 2600
    },
    "Municipality of Polichni": {
      "%": 25.035563,
      "v": 5280
    },
    "Municipality of Kifissia": {
      "%": 42.60355,
      "v": 12240
    },
    "Municipality of Cholargos": {
      "%": 44.159225,
      "v": 11870
    },
    "Municipality of Dafni": {
      "%": 37.525986,
      "v": 7220
    },
    "Municipality of Abelokipi": {
      "%": 28.739002,
      "v": 8820
    },
    "Municipality of Galatsi": {
      "%": 36.431053,
      "v": 15720
    },
    "Municipality of Paleo Faliro": {
      "%": 44.619259,
      "v": 21270
    },
    "Rest of Prefecture West Attiki": {
      "%": 21.905731,
      "v": 6460
    },
    "Municipality of Kessariani": {
      "%": 35.056927,
      "v": 7390
    },
    "Municipality of Salamina": {
      "%": 23.69413,
      "v": 4400
    },
    "Municipality of Pylea": {
      "%": 33.754993,
      "v": 5070
    },
    "EL514": {
      "%": 17.860554,
      "v": 13090
    },
    "Municipality of Sykees": {
      "%": 29.016516,
      "v": 7730
    },
    "Municipality of Echedoro": {
      "%": 21.164438,
      "v": 2690
    },
    "Municipality of Moschato": {
      "%": 38.307606,
      "v": 6700
    },
    "Rest of Prefecture Athens": {
      "%": 39.989765,
      "v": 46880
    },
    "Municipality of Argyroupoli": {
      "%": 38.355015,
      "v": 9140
    },
    "EL652": {
      "%": 22.053841,
      "v": 23430
    },
    "Municipality of Korydallos": {
      "%": 32.983414,
      "v": 15710
    },
    "Municipality of Iraklio": {
      "%": 39.576946,
      "v": 12910
    },
    "Municipality of Nea Smyrni": {
      "%": 46.048172,
      "v": 25810
    },
    "EL434": {
      "%": 23.195101,
      "v": 21590
    },
    "EL624": {
      "%": 13.892289,
      "v": 2270
    },
    "EL413": {
      "%": 25.783699,
      "v": 9870
    },
    "EL645": {
      "%": 18.779051,
      "v": 6060
    },
    "EL641": {
      "%": 19.715063,
      "v": 18820
    },
    "Municipality of Eleftherio-Kordelio": {
      "%": 23.801653,
      "v": 2880
    },
    "Rest of Prefecture Pireas": {
      "%": 22.406878,
      "v": 11730
    },
    "EL525": {
      "%": 17.978943,
      "v": 15710
    },
    "Municipality of Perama": {
      "%": 24.796747,
      "v": 4270
    },
    "EL515": {
      "%": 20.207453,
      "v": 21040
    },
    "EL532": {
      "%": 16.09519,
      "v": 6290
    },
    "EL623": {
      "%": 21.651445,
      "v": 5690
    },
    "Municipality of Koropi": {
      "%": 25.154799,
      "v": 3250
    },
    "Municipality of Aghia Varvara": {
      "%": 24.14109,
      "v": 5270
    },
    "EL541": {
      "%": 13.692263,
      "v": 14140
    },
    "EL432": {
      "%": 18.419588,
      "v": 9930
    },
    "EL622": {
      "%": 17.889509,
      "v": 14410
    },
    "Municipality of Athens": {
      "%": 41.265854,
      "v": 243060
    },
    "EL613": {
      "%": 22.132702,
      "v": 32690
    },
    "Municipality of Ano Liossia": {
      "%": 19.066404,
      "v": 2900
    },
    "Rest of Prefecture East Attiki": {
      "%": 30.386324,
      "v": 44440
    },
    "EL412": {
      "%": 19.067129,
      "v": 6050
    },
    "Municipality of Vrilissia": {
      "%": 42.252327,
      "v": 4990
    },
    "EL523": {
      "%": 16.332331,
      "v": 9770
    },
    "Municipality of Zografos": {
      "%": 43.160076,
      "v": 27070
    },
    "Municipality of Pireas": {
      "%": 37.622692,
      "v": 52130
    },
    "EL433": {
      "%": 20.340643,
      "v": 10390
    },
    "EL422": {
      "%": 17.192839,
      "v": 12580
    },
    "Municipality of Vyron": {
      "%": 39.909443,
      "v": 18510
    },
    "Municipality of Chalandri": {
      "%": 43.141151,
      "v": 21700
    },
    "Municipality of Aspropyrgos": {
      "%": 20.164234,
      "v": 2210
    },
    "EL542": {
      "%": 12.819703,
      "v": 4060
    },
    "Municipality of Keratsini": {
      "%": 28.362305,
      "v": 15500
    },
    "Municipality of Amaroussio": {
      "%": 40.80867,
      "v": 19580
    },
    "EL421": {
      "%": 21.235966,
      "v": 24020
    }
  }
}