{
  "original_file": "Greece_1991.csv",
  "year": 1991,
  "country": "GR",
  "var": "ed_isced_6to8",
  "data": {
    "EL300": {
      "%": 11.592069,
      "v": 309390
    },
    "EL411": {
      "%": 4.6914515,
      "v": 3710
    },
    "EL412": {
      "%": 5.4207373,
      "v": 1720
    },
    "EL413": {
      "%": 5.7210031,
      "v": 2190
    },
    "EL421": {
      "%": 6.215189,
      "v": 7030
    },
    "EL422": {
      "%": 5.2070522,
      "v": 3810
    },
    "EL431": {
      "%": 6.2545419,
      "v": 12050
    },
    "EL432": {
      "%": 5.3978853,
      "v": 2910
    },
    "EL433": {
      "%": 5.6969461,
      "v": 2910
    },
    "EL434": {
      "%": 5.8551784,
      "v": 5450
    },
    "EL511": {
      "%": 4.6954556,
      "v": 4980
    },
    "EL512": {
      "%": 4.0686202,
      "v": 2680
    },
    "EL513": {
      "%": 3.6579213,
      "v": 2900
    },
    "EL514": {
      "%": 4.8028378,
      "v": 3520
    },
    "EL515": {
      "%": 5.2247405,
      "v": 5440
    },
    "EL521": {
      "%": 4.6913347,
      "v": 4970
    },
    "EL522": {
      "%": 9.6068668,
      "v": 69620
    },
    "EL523": {
      "%": 3.0758944,
      "v": 1840
    },
    "EL524": {
      "%": 3.4769464,
      "v": 3680
    },
    "EL525": {
      "%": 4.7722592,
      "v": 4170
    },
    "EL526": {
      "%": 4.0805259,
      "v": 6020
    },
    "EL527": {
      "%": 4.4868121,
      "v": 3130
    },
    "EL531": {
      "%": 4.7236109,
      "v": 6520
    },
    "EL532": {
      "%": 4.1965199,
      "v": 1640
    },
    "EL533": {
      "%": 5.7985759,
      "v": 2280
    },
    "EL541": {
      "%": 4.8416772,
      "v": 5000
    },
    "EL542": {
      "%": 3.2522893,
      "v": 1030
    },
    "EL543": {
      "%": 7.3819151,
      "v": 8580
    },
    "EL611": {
      "%": 4.6436872,
      "v": 9390
    },
    "EL612": {
      "%": 5.7718849,
      "v": 11710
    },
    "EL613": {
      "%": 6.6960053,
      "v": 9890
    },
    "EL621": {
      "%": 3.9332538,
      "v": 990
    },
    "EL622": {
      "%": 4.9906888,
      "v": 4020
    },
    "EL623": {
      "%": 4.1476407,
      "v": 1090
    },
    "EL624": {
      "%": 5.140759,
      "v": 840
    },
    "EL631": {
      "%": 4.1264577,
      "v": 6970
    },
    "EL632": {
      "%": 6.5178118,
      "v": 14070
    },
    "EL633": {
      "%": 3.7283723,
      "v": 4870
    },
    "EL641": {
      "%": 4.1692858,
      "v": 3980
    },
    "EL642": {
      "%": 5.0460787,
      "v": 7830
    },
    "EL643": {
      "%": 3.2351241,
      "v": 560
    },
    "EL644": {
      "%": 5.0178933,
      "v": 6450
    },
    "EL645": {
      "%": 5.5779362,
      "v": 1800
    },
    "EL651": {
      "%": 4.7213726,
      "v": 7100
    },
    "EL652": {
      "%": 6.3158884,
      "v": 6710
    },
    "EL653": {
      "%": 4.8193979,
      "v": 9620
    }
  }
}