{
  "original_file": "Ireland_2006.csv",
  "year": 2006,
  "country": "IE",
  "var": "ed_isced_0to2_f",
  "data": {
    "Carlow": {
      "%": 32.74788,
      "v": 6414
    },
    "Cavan": {
      "%": 35.07311,
      "v": 8467
    },
    "Clare": {
      "%": 28.40949,
      "v": 12230
    },
    "Cork": {
      "%": 29.61992,
      "v": 57178
    },
    "Donegal": {
      "%": 40.45399,
      "v": 23079
    },
    "Dublin City": {
      "%": 31.26708,
      "v": 69114
    },
    "Dublin County": {
      "%": 23.95208,
      "v": 66536
    },
    "Galway": {
      "%": 25.51702,
      "v": 23690
    },
    "Kerry": {
      "%": 32.58528,
      "v": 18179
    },
    "Kildare": {
      "%": 26.22504,
      "v": 18678
    },
    "Kilkenny": {
      "%": 31.64627,
      "v": 10786
    },
    "Laois": {
      "%": 32.1675,
      "v": 8112
    },
    "Leitrim": {
      "%": 33.53871,
      "v": 3756
    },
    "Limerick City and County": {
      "%": 31.36564,
      "v": 23156
    },
    "Longford": {
      "%": 33.91977,
      "v": 4473
    },
    "Louth": {
      "%": 36.25778,
      "v": 15911
    },
    "Mayo": {
      "%": 34.65747,
      "v": 16882
    },
    "Meath": {
      "%": 28.47979,
      "v": 17582
    },
    "Monaghan": {
      "%": 37.12404,
      "v": 8060
    },
    "Offaly": {
      "%": 35.43557,
      "v": 9608
    },
    "Roscommon": {
      "%": 33.17915,
      "v": 7532
    },
    "Sligo": {
      "%": 29.40633,
      "v": 7321
    },
    "Tipperary": {
      "%": 33.89643,
      "v": 19664
    },
    "Waterford City and County": {
      "%": 32.68776,
      "v": 14093
    },
    "Westmeath": {
      "%": 30.952,
      "v": 9562
    },
    "Wexford": {
      "%": 38.23484,
      "v": 19629
    },
    "Wicklow": {
      "%": 28.65298,
      "v": 14356
    }
  }
}