{
  "original_file": "Ireland_2006.csv",
  "year": 2006,
  "country": "IE",
  "var": "ed_isced_3to5_f",
  "data": {
    "Carlow": {
      "%": 34.58593,
      "v": 6774
    },
    "Cavan": {
      "%": 34.145229,
      "v": 8243
    },
    "Clare": {
      "%": 36.818508,
      "v": 15850
    },
    "Cork": {
      "%": 34.371292,
      "v": 66350
    },
    "Donegal": {
      "%": 29.712532,
      "v": 16951
    },
    "Dublin City": {
      "%": 24.650749,
      "v": 54489
    },
    "Dublin County": {
      "%": 34.479172,
      "v": 95779
    },
    "Galway": {
      "%": 33.721455,
      "v": 31307
    },
    "Kerry": {
      "%": 34.689632,
      "v": 19353
    },
    "Kildare": {
      "%": 36.904327,
      "v": 26284
    },
    "Kilkenny": {
      "%": 36.32896,
      "v": 12382
    },
    "Laois": {
      "%": 36.890316,
      "v": 9303
    },
    "Leitrim": {
      "%": 35.387089,
      "v": 3963
    },
    "Limerick City and County": {
      "%": 33.476009,
      "v": 24714
    },
    "Longford": {
      "%": 33.434444,
      "v": 4409
    },
    "Louth": {
      "%": 32.24939,
      "v": 14152
    },
    "Mayo": {
      "%": 34.88945,
      "v": 16995
    },
    "Meath": {
      "%": 38.542156,
      "v": 23794
    },
    "Monaghan": {
      "%": 31.748882,
      "v": 6893
    },
    "Offaly": {
      "%": 34.638931,
      "v": 9392
    },
    "Roscommon": {
      "%": 37.593056,
      "v": 8534
    },
    "Sligo": {
      "%": 34.977505,
      "v": 8708
    },
    "Tipperary": {
      "%": 36.56485,
      "v": 21212
    },
    "Waterford City and County": {
      "%": 34.174515,
      "v": 14734
    },
    "Westmeath": {
      "%": 34.878452,
      "v": 10775
    },
    "Wexford": {
      "%": 35.200047,
      "v": 18071
    },
    "Wicklow": {
      "%": 35.648563,
      "v": 17861
    }
  }
}