{
  "original_file": "Ireland_2006.csv",
  "year": 2006,
  "country": "IE",
  "var": "ed_isced_0to2_m",
  "data": {
    "Carlow": {
      "%": 31.763483,
      "v": 6414
    },
    "Cavan": {
      "%": 33.061306,
      "v": 8467
    },
    "Clare": {
      "%": 27.841013,
      "v": 12230
    },
    "Cork": {
      "%": 29.900276,
      "v": 57178
    },
    "Donegal": {
      "%": 40.640629,
      "v": 23079
    },
    "Dublin City": {
      "%": 33.019451,
      "v": 69114
    },
    "Dublin County": {
      "%": 25.455755,
      "v": 66536
    },
    "Galway": {
      "%": 25.532419,
      "v": 23690
    },
    "Kerry": {
      "%": 32.006409,
      "v": 18179
    },
    "Kildare": {
      "%": 25.904249,
      "v": 18678
    },
    "Kilkenny": {
      "%": 31.153603,
      "v": 10786
    },
    "Laois": {
      "%": 30.408216,
      "v": 8112
    },
    "Leitrim": {
      "%": 31.688181,
      "v": 3756
    },
    "Limerick City and County": {
      "%": 31.171419,
      "v": 23156
    },
    "Longford": {
      "%": 32.552216,
      "v": 4473
    },
    "Louth": {
      "%": 37.161343,
      "v": 15911
    },
    "Mayo": {
      "%": 33.954826,
      "v": 16882
    },
    "Meath": {
      "%": 27.931879,
      "v": 17582
    },
    "Monaghan": {
      "%": 35.954857,
      "v": 8060
    },
    "Offaly": {
      "%": 34.56488,
      "v": 9608
    },
    "Roscommon": {
      "%": 31.266085,
      "v": 7532
    },
    "Sligo": {
      "%": 30.407875,
      "v": 7321
    },
    "Tipperary": {
      "%": 32.99218,
      "v": 19664
    },
    "Waterford City and County": {
      "%": 33.214706,
      "v": 14093
    },
    "Westmeath": {
      "%": 31.043438,
      "v": 9562
    },
    "Wexford": {
      "%": 38.35812,
      "v": 19629
    },
    "Wicklow": {
      "%": 29.325489,
      "v": 14356
    }
  }
}