{
  "original_file": "Ireland_2006.csv",
  "year": 2006,
  "country": "IE",
  "var": "ed_isced_3to5_m",
  "data": {
    "Carlow": {
      "%": 33.54628,
      "v": 6774
    },
    "Cavan": {
      "%": 32.18665,
      "v": 8243
    },
    "Clare": {
      "%": 36.08177,
      "v": 15850
    },
    "Cork": {
      "%": 34.69662,
      "v": 66350
    },
    "Donegal": {
      "%": 29.84962,
      "v": 16951
    },
    "Dublin City": {
      "%": 26.0323,
      "v": 54489
    },
    "Dublin County": {
      "%": 36.64372,
      "v": 95779
    },
    "Galway": {
      "%": 33.74181,
      "v": 31307
    },
    "Kerry": {
      "%": 34.07338,
      "v": 19353
    },
    "Kildare": {
      "%": 36.4529,
      "v": 26284
    },
    "Kilkenny": {
      "%": 35.76339,
      "v": 12382
    },
    "Laois": {
      "%": 34.87274,
      "v": 9303
    },
    "Leitrim": {
      "%": 33.43457,
      "v": 3963
    },
    "Limerick City and County": {
      "%": 33.26872,
      "v": 24714
    },
    "Longford": {
      "%": 32.08646,
      "v": 4409
    },
    "Louth": {
      "%": 33.05306,
      "v": 14152
    },
    "Mayo": {
      "%": 34.1821,
      "v": 16995
    },
    "Meath": {
      "%": 37.80066,
      "v": 23794
    },
    "Monaghan": {
      "%": 30.74899,
      "v": 6893
    },
    "Offaly": {
      "%": 33.78782,
      "v": 9392
    },
    "Roscommon": {
      "%": 35.42549,
      "v": 8534
    },
    "Sligo": {
      "%": 36.1688,
      "v": 8708
    },
    "Tipperary": {
      "%": 35.58941,
      "v": 21212
    },
    "Waterford City and County": {
      "%": 34.72543,
      "v": 14734
    },
    "Westmeath": {
      "%": 34.98149,
      "v": 10775
    },
    "Wexford": {
      "%": 35.31355,
      "v": 18071
    },
    "Wicklow": {
      "%": 36.48527,
      "v": 17861
    }
  }
}