{
  "original_file": "Ireland_2006.csv",
  "year": 2006,
  "country": "IE",
  "var": "ed_isced_6to8_m",
  "data": {
    "Carlow": {
      "%": 11.820928,
      "v": 2387
    },
    "Cavan": {
      "%": 11.425224,
      "v": 2926
    },
    "Clare": {
      "%": 15.211255,
      "v": 6682
    },
    "Cork": {
      "%": 16.524691,
      "v": 31600
    },
    "Donegal": {
      "%": 12.551948,
      "v": 7128
    },
    "Dublin City": {
      "%": 22.162025,
      "v": 46388
    },
    "Dublin County": {
      "%": 21.937492,
      "v": 57340
    },
    "Galway": {
      "%": 18.566778,
      "v": 17227
    },
    "Kerry": {
      "%": 13.363147,
      "v": 7590
    },
    "Kildare": {
      "%": 16.875624,
      "v": 12168
    },
    "Kilkenny": {
      "%": 14.251054,
      "v": 4934
    },
    "Laois": {
      "%": 11.946621,
      "v": 3187
    },
    "Leitrim": {
      "%": 13.78554,
      "v": 1634
    },
    "Limerick City and County": {
      "%": 14.041677,
      "v": 10431
    },
    "Longford": {
      "%": 11.651262,
      "v": 1601
    },
    "Louth": {
      "%": 12.955438,
      "v": 5547
    },
    "Mayo": {
      "%": 12.614896,
      "v": 6272
    },
    "Meath": {
      "%": 15.241635,
      "v": 9594
    },
    "Monaghan": {
      "%": 11.602801,
      "v": 2601
    },
    "Offaly": {
      "%": 11.195453,
      "v": 3112
    },
    "Roscommon": {
      "%": 12.220839,
      "v": 2944
    },
    "Sligo": {
      "%": 15.791659,
      "v": 3802
    },
    "Tipperary": {
      "%": 11.694239,
      "v": 6970
    },
    "Waterford City and County": {
      "%": 13.549376,
      "v": 5749
    },
    "Westmeath": {
      "%": 14.083501,
      "v": 4338
    },
    "Wexford": {
      "%": 11.353643,
      "v": 5810
    },
    "Wicklow": {
      "%": 17.099726,
      "v": 8371
    }
  }
}