{
  "original_file": "Ireland_2006.csv",
  "year": 2006,
  "country": "IE",
  "var": "ed_isced_0to2_f",
  "data": {
    "IE_lau_1": {
      "%": 32.747883,
      "v": 6414
    },
    "IE_lau_2": {
      "%": 35.073112,
      "v": 8467
    },
    "IE_lau_3": {
      "%": 28.409487,
      "v": 12230
    },
    "IE_lau_4": {
      "%": 29.619921,
      "v": 57178
    },
    "IE_lau_5": {
      "%": 40.453987,
      "v": 23079
    },
    "IE_lau_6": {
      "%": 31.267078,
      "v": 69114
    },
    "IE_lau_7": {
      "%": 23.952078,
      "v": 66536
    },
    "IE_lau_8": {
      "%": 25.517019,
      "v": 23690
    },
    "IE_lau_9": {
      "%": 32.585278,
      "v": 18179
    },
    "IE_lau_10": {
      "%": 26.225042,
      "v": 18678
    },
    "IE_lau_11": {
      "%": 31.646275,
      "v": 10786
    },
    "IE_lau_12": {
      "%": 32.1675,
      "v": 8112
    },
    "IE_lau_13": {
      "%": 33.538708,
      "v": 3756
    },
    "IE_lau_14": {
      "%": 31.365644,
      "v": 23156
    },
    "IE_lau_15": {
      "%": 33.919769,
      "v": 4473
    },
    "IE_lau_16": {
      "%": 36.257778,
      "v": 15911
    },
    "IE_lau_17": {
      "%": 34.657471,
      "v": 16882
    },
    "IE_lau_18": {
      "%": 28.479794,
      "v": 17582
    },
    "IE_lau_19": {
      "%": 37.124039,
      "v": 8060
    },
    "IE_lau_20": {
      "%": 35.43557,
      "v": 9608
    },
    "IE_lau_21": {
      "%": 33.179153,
      "v": 7532
    },
    "IE_lau_22": {
      "%": 29.40633,
      "v": 7321
    },
    "IE_lau_23": {
      "%": 33.896435,
      "v": 19664
    },
    "IE_lau_24": {
      "%": 32.687759,
      "v": 14093
    },
    "IE_lau_25": {
      "%": 30.951996,
      "v": 9562
    },
    "IE_lau_26": {
      "%": 38.234837,
      "v": 19629
    },
    "IE_lau_27": {
      "%": 28.652975,
      "v": 14356
    }
  }
}