{
  "original_file": "Ireland_2006.csv",
  "year": 2006,
  "country": "IE",
  "var": "ed_isced_3to5",
  "data": {
    "IE_lau_1": {
      "%": 34.05817,
      "v": 13548
    },
    "IE_lau_2": {
      "%": 33.137024,
      "v": 16486
    },
    "IE_lau_3": {
      "%": 36.446419,
      "v": 31700
    },
    "IE_lau_4": {
      "%": 34.533192,
      "v": 132700
    },
    "IE_lau_5": {
      "%": 29.780916,
      "v": 33902
    },
    "IE_lau_6": {
      "%": 25.322697,
      "v": 108978
    },
    "IE_lau_7": {
      "%": 35.528511,
      "v": 191558
    },
    "IE_lau_8": {
      "%": 33.731628,
      "v": 62614
    },
    "IE_lau_9": {
      "%": 34.378746,
      "v": 38706
    },
    "IE_lau_10": {
      "%": 36.677227,
      "v": 52568
    },
    "IE_lau_11": {
      "%": 36.043957,
      "v": 24764
    },
    "IE_lau_12": {
      "%": 35.853165,
      "v": 18606
    },
    "IE_lau_13": {
      "%": 34.383133,
      "v": 7926
    },
    "IE_lau_14": {
      "%": 33.372044,
      "v": 49428
    },
    "IE_lau_15": {
      "%": 32.746582,
      "v": 8818
    },
    "IE_lau_16": {
      "%": 32.646282,
      "v": 28304
    },
    "IE_lau_17": {
      "%": 34.532154,
      "v": 33990
    },
    "IE_lau_18": {
      "%": 38.167805,
      "v": 47588
    },
    "IE_lau_19": {
      "%": 31.240936,
      "v": 13786
    },
    "IE_lau_20": {
      "%": 34.20808,
      "v": 18784
    },
    "IE_lau_21": {
      "%": 36.4771,
      "v": 17068
    },
    "IE_lau_22": {
      "%": 35.563179,
      "v": 17416
    },
    "IE_lau_23": {
      "%": 36.070538,
      "v": 42424
    },
    "IE_lau_24": {
      "%": 34.447769,
      "v": 29468
    },
    "IE_lau_25": {
      "%": 34.929897,
      "v": 21550
    },
    "IE_lau_26": {
      "%": 35.256702,
      "v": 36142
    },
    "IE_lau_27": {
      "%": 36.062065,
      "v": 35722
    }
  }
}