{
  "original_file": "Ireland_2006.csv",
  "year": 2006,
  "country": "IE",
  "var": "ed_isced_6to8_m",
  "data": {
    "Carlow": {
      "%": 11.82093,
      "v": 2387
    },
    "Cavan": {
      "%": 11.42522,
      "v": 2926
    },
    "Clare": {
      "%": 15.21126,
      "v": 6682
    },
    "Cork": {
      "%": 16.52469,
      "v": 31600
    },
    "Donegal": {
      "%": 12.55195,
      "v": 7128
    },
    "Dublin City": {
      "%": 22.16203,
      "v": 46388
    },
    "Dublin County": {
      "%": 21.93749,
      "v": 57340
    },
    "Galway": {
      "%": 18.56678,
      "v": 17227
    },
    "Kerry": {
      "%": 13.36315,
      "v": 7590
    },
    "Kildare": {
      "%": 16.87562,
      "v": 12168
    },
    "Kilkenny": {
      "%": 14.25105,
      "v": 4934
    },
    "Laois": {
      "%": 11.94662,
      "v": 3187
    },
    "Leitrim": {
      "%": 13.78554,
      "v": 1634
    },
    "Limerick City and County": {
      "%": 14.04168,
      "v": 10431
    },
    "Longford": {
      "%": 11.65126,
      "v": 1601
    },
    "Louth": {
      "%": 12.95544,
      "v": 5547
    },
    "Mayo": {
      "%": 12.6149,
      "v": 6272
    },
    "Meath": {
      "%": 15.24164,
      "v": 9594
    },
    "Monaghan": {
      "%": 11.6028,
      "v": 2601
    },
    "Offaly": {
      "%": 11.19545,
      "v": 3112
    },
    "Roscommon": {
      "%": 12.22084,
      "v": 2944
    },
    "Sligo": {
      "%": 15.79166,
      "v": 3802
    },
    "Tipperary": {
      "%": 11.69424,
      "v": 6970
    },
    "Waterford City and County": {
      "%": 13.54938,
      "v": 5749
    },
    "Westmeath": {
      "%": 14.0835,
      "v": 4338
    },
    "Wexford": {
      "%": 11.35364,
      "v": 5810
    },
    "Wicklow": {
      "%": 17.09973,
      "v": 8371
    }
  }
}