{
  "original_file": "Ireland_2006.csv",
  "year": 2006,
  "country": "IE",
  "var": "ed_isced_0to2_f",
  "data": {
    "Carlow": {
      "%": 32.747883,
      "v": 6414
    },
    "Cavan": {
      "%": 35.073112,
      "v": 8467
    },
    "Clare": {
      "%": 28.409487,
      "v": 12230
    },
    "Cork": {
      "%": 29.619921,
      "v": 57178
    },
    "Donegal": {
      "%": 40.453987,
      "v": 23079
    },
    "Dublin City": {
      "%": 31.267078,
      "v": 69114
    },
    "Dublin County": {
      "%": 23.952078,
      "v": 66536
    },
    "Galway": {
      "%": 25.517019,
      "v": 23690
    },
    "Kerry": {
      "%": 32.585278,
      "v": 18179
    },
    "Kildare": {
      "%": 26.225042,
      "v": 18678
    },
    "Kilkenny": {
      "%": 31.646275,
      "v": 10786
    },
    "Laois": {
      "%": 32.1675,
      "v": 8112
    },
    "Leitrim": {
      "%": 33.538708,
      "v": 3756
    },
    "Limerick City and County": {
      "%": 31.365644,
      "v": 23156
    },
    "Longford": {
      "%": 33.919769,
      "v": 4473
    },
    "Louth": {
      "%": 36.257778,
      "v": 15911
    },
    "Mayo": {
      "%": 34.657471,
      "v": 16882
    },
    "Meath": {
      "%": 28.479794,
      "v": 17582
    },
    "Monaghan": {
      "%": 37.124039,
      "v": 8060
    },
    "Offaly": {
      "%": 35.43557,
      "v": 9608
    },
    "Roscommon": {
      "%": 33.179153,
      "v": 7532
    },
    "Sligo": {
      "%": 29.40633,
      "v": 7321
    },
    "Tipperary": {
      "%": 33.896435,
      "v": 19664
    },
    "Waterford City and County": {
      "%": 32.687759,
      "v": 14093
    },
    "Westmeath": {
      "%": 30.951996,
      "v": 9562
    },
    "Wexford": {
      "%": 38.234837,
      "v": 19629
    },
    "Wicklow": {
      "%": 28.652975,
      "v": 14356
    }
  }
}