{
  "original_file": "Ireland_2006.csv",
  "year": 2006,
  "country": "IE",
  "var": "ed_isced_6to8_m",
  "data": {
    "IE_lau_1": {
      "%": 11.820928,
      "v": 2387
    },
    "IE_lau_2": {
      "%": 11.425224,
      "v": 2926
    },
    "IE_lau_3": {
      "%": 15.211255,
      "v": 6682
    },
    "IE_lau_4": {
      "%": 16.524691,
      "v": 31600
    },
    "IE_lau_5": {
      "%": 12.551948,
      "v": 7128
    },
    "IE_lau_6": {
      "%": 22.162025,
      "v": 46388
    },
    "IE_lau_7": {
      "%": 21.937492,
      "v": 57340
    },
    "IE_lau_8": {
      "%": 18.566778,
      "v": 17227
    },
    "IE_lau_9": {
      "%": 13.363147,
      "v": 7590
    },
    "IE_lau_10": {
      "%": 16.875624,
      "v": 12168
    },
    "IE_lau_11": {
      "%": 14.251054,
      "v": 4934
    },
    "IE_lau_12": {
      "%": 11.946621,
      "v": 3187
    },
    "IE_lau_13": {
      "%": 13.78554,
      "v": 1634
    },
    "IE_lau_14": {
      "%": 14.041677,
      "v": 10431
    },
    "IE_lau_15": {
      "%": 11.651262,
      "v": 1601
    },
    "IE_lau_16": {
      "%": 12.955438,
      "v": 5547
    },
    "IE_lau_17": {
      "%": 12.614896,
      "v": 6272
    },
    "IE_lau_18": {
      "%": 15.241635,
      "v": 9594
    },
    "IE_lau_19": {
      "%": 11.602801,
      "v": 2601
    },
    "IE_lau_20": {
      "%": 11.195453,
      "v": 3112
    },
    "IE_lau_21": {
      "%": 12.220839,
      "v": 2944
    },
    "IE_lau_22": {
      "%": 15.791659,
      "v": 3802
    },
    "IE_lau_23": {
      "%": 11.694239,
      "v": 6970
    },
    "IE_lau_24": {
      "%": 13.549376,
      "v": 5749
    },
    "IE_lau_25": {
      "%": 14.083501,
      "v": 4338
    },
    "IE_lau_26": {
      "%": 11.353643,
      "v": 5810
    },
    "IE_lau_27": {
      "%": 17.099726,
      "v": 8371
    }
  }
}