{
  "original_file": "Ireland_2006.csv",
  "year": 2006,
  "country": "IE",
  "var": "ed_isced_0to2",
  "data": {
    "Carlow": {
      "%": 32.248173,
      "v": 12828
    },
    "Cavan": {
      "%": 34.037506,
      "v": 16934
    },
    "Clare": {
      "%": 28.122377,
      "v": 24460
    },
    "Cork": {
      "%": 29.759439,
      "v": 114356
    },
    "Donegal": {
      "%": 40.547092,
      "v": 46158
    },
    "Dublin City": {
      "%": 32.119381,
      "v": 138228
    },
    "Dublin County": {
      "%": 24.681036,
      "v": 133072
    },
    "Galway": {
      "%": 25.524717,
      "v": 47380
    },
    "Kerry": {
      "%": 32.293247,
      "v": 36358
    },
    "Kildare": {
      "%": 26.06366,
      "v": 37356
    },
    "Kilkenny": {
      "%": 31.398006,
      "v": 21572
    },
    "Laois": {
      "%": 31.263128,
      "v": 16224
    },
    "Leitrim": {
      "%": 32.587193,
      "v": 7512
    },
    "Limerick City and County": {
      "%": 31.268229,
      "v": 46312
    },
    "Longford": {
      "%": 33.221924,
      "v": 8946
    },
    "Louth": {
      "%": 36.703999,
      "v": 31822
    },
    "Mayo": {
      "%": 34.302551,
      "v": 33764
    },
    "Meath": {
      "%": 28.203175,
      "v": 35164
    },
    "Monaghan": {
      "%": 36.530094,
      "v": 16120
    },
    "Offaly": {
      "%": 34.994808,
      "v": 19216
    },
    "Roscommon": {
      "%": 32.194225,
      "v": 15064
    },
    "Sligo": {
      "%": 29.898718,
      "v": 14642
    },
    "Tipperary": {
      "%": 33.438194,
      "v": 39328
    },
    "Waterford City and County": {
      "%": 32.949127,
      "v": 28186
    },
    "Westmeath": {
      "%": 30.99765,
      "v": 19124
    },
    "Wexford": {
      "%": 38.296379,
      "v": 39258
    },
    "Wicklow": {
      "%": 28.985332,
      "v": 28712
    }
  }
}