{
  "original_file": "Ireland_2006.csv",
  "year": 2006,
  "country": "IE",
  "var": "ed_isced_3to5_f",
  "data": {
    "Carlow": {
      "%": 34.58593,
      "v": 6774
    },
    "Cavan": {
      "%": 34.14523,
      "v": 8243
    },
    "Clare": {
      "%": 36.81851,
      "v": 15850
    },
    "Cork": {
      "%": 34.37129,
      "v": 66350
    },
    "Donegal": {
      "%": 29.71253,
      "v": 16951
    },
    "Dublin City": {
      "%": 24.65075,
      "v": 54489
    },
    "Dublin County": {
      "%": 34.47917,
      "v": 95779
    },
    "Galway": {
      "%": 33.72145,
      "v": 31307
    },
    "Kerry": {
      "%": 34.68963,
      "v": 19353
    },
    "Kildare": {
      "%": 36.90433,
      "v": 26284
    },
    "Kilkenny": {
      "%": 36.32896,
      "v": 12382
    },
    "Laois": {
      "%": 36.89032,
      "v": 9303
    },
    "Leitrim": {
      "%": 35.38709,
      "v": 3963
    },
    "Limerick City and County": {
      "%": 33.47601,
      "v": 24714
    },
    "Longford": {
      "%": 33.43444,
      "v": 4409
    },
    "Louth": {
      "%": 32.24939,
      "v": 14152
    },
    "Mayo": {
      "%": 34.88945,
      "v": 16995
    },
    "Meath": {
      "%": 38.54216,
      "v": 23794
    },
    "Monaghan": {
      "%": 31.74888,
      "v": 6893
    },
    "Offaly": {
      "%": 34.63893,
      "v": 9392
    },
    "Roscommon": {
      "%": 37.59306,
      "v": 8534
    },
    "Sligo": {
      "%": 34.9775,
      "v": 8708
    },
    "Tipperary": {
      "%": 36.56485,
      "v": 21212
    },
    "Waterford City and County": {
      "%": 34.17451,
      "v": 14734
    },
    "Westmeath": {
      "%": 34.87845,
      "v": 10775
    },
    "Wexford": {
      "%": 35.20005,
      "v": 18071
    },
    "Wicklow": {
      "%": 35.64856,
      "v": 17861
    }
  }
}