{
  "original_file": "Ireland_2006.csv",
  "year": 2006,
  "country": "IE",
  "var": "ed_isced_0to2",
  "data": {
    "Carlow": {
      "%": 32.24817,
      "v": 12828
    },
    "Cavan": {
      "%": 34.03751,
      "v": 16934
    },
    "Clare": {
      "%": 28.12238,
      "v": 24460
    },
    "Cork": {
      "%": 29.75944,
      "v": 114356
    },
    "Donegal": {
      "%": 40.54709,
      "v": 46158
    },
    "Dublin City": {
      "%": 32.11938,
      "v": 138228
    },
    "Dublin County": {
      "%": 24.68104,
      "v": 133072
    },
    "Galway": {
      "%": 25.52472,
      "v": 47380
    },
    "Kerry": {
      "%": 32.29325,
      "v": 36358
    },
    "Kildare": {
      "%": 26.06366,
      "v": 37356
    },
    "Kilkenny": {
      "%": 31.39801,
      "v": 21572
    },
    "Laois": {
      "%": 31.26313,
      "v": 16224
    },
    "Leitrim": {
      "%": 32.58719,
      "v": 7512
    },
    "Limerick City and County": {
      "%": 31.26823,
      "v": 46312
    },
    "Longford": {
      "%": 33.22192,
      "v": 8946
    },
    "Louth": {
      "%": 36.704,
      "v": 31822
    },
    "Mayo": {
      "%": 34.30255,
      "v": 33764
    },
    "Meath": {
      "%": 28.20317,
      "v": 35164
    },
    "Monaghan": {
      "%": 36.53009,
      "v": 16120
    },
    "Offaly": {
      "%": 34.99481,
      "v": 19216
    },
    "Roscommon": {
      "%": 32.19423,
      "v": 15064
    },
    "Sligo": {
      "%": 29.89872,
      "v": 14642
    },
    "Tipperary": {
      "%": 33.43819,
      "v": 39328
    },
    "Waterford City and County": {
      "%": 32.94913,
      "v": 28186
    },
    "Westmeath": {
      "%": 30.99765,
      "v": 19124
    },
    "Wexford": {
      "%": 38.29638,
      "v": 39258
    },
    "Wicklow": {
      "%": 28.98533,
      "v": 28712
    }
  }
}