{
  "original_file": "Ireland_2016.csv",
  "year": 2016,
  "country": "IE",
  "var": "ed_isced_3to5_m",
  "data": {
    "Carlow": {
      "%": 34.6466,
      "v": 7642
    },
    "Cavan": {
      "%": 35.90347,
      "v": 10533
    },
    "Clare": {
      "%": 35.74829,
      "v": 16372
    },
    "Cork": {
      "%": 33.32463,
      "v": 70209
    },
    "Donegal": {
      "%": 30.94613,
      "v": 18866
    },
    "Dublin City": {
      "%": 23.92939,
      "v": 55006
    },
    "Dublin County": {
      "%": 32.85865,
      "v": 97165
    },
    "Galway": {
      "%": 31.73585,
      "v": 31766
    },
    "Kerry": {
      "%": 34.90687,
      "v": 20409
    },
    "Kildare": {
      "%": 34.34044,
      "v": 28506
    },
    "Kilkenny": {
      "%": 35.06321,
      "v": 13425
    },
    "Laois": {
      "%": 35.45206,
      "v": 11395
    },
    "Leitrim": {
      "%": 34.3573,
      "v": 4306
    },
    "Limerick City and County": {
      "%": 32.53022,
      "v": 25059
    },
    "Longford": {
      "%": 34.33293,
      "v": 5381
    },
    "Louth": {
      "%": 33.27152,
      "v": 16148
    },
    "Mayo": {
      "%": 35.48638,
      "v": 18262
    },
    "Meath": {
      "%": 36.61205,
      "v": 26301
    },
    "Monaghan": {
      "%": 33.13462,
      "v": 7837
    },
    "Offaly": {
      "%": 35.46338,
      "v": 10550
    },
    "Roscommon": {
      "%": 35.90743,
      "v": 9123
    },
    "Sligo": {
      "%": 34.19061,
      "v": 8721
    },
    "Tipperary": {
      "%": 36.49371,
      "v": 22725
    },
    "Waterford City and County": {
      "%": 34.24378,
      "v": 15446
    },
    "Westmeath": {
      "%": 34.39537,
      "v": 11713
    },
    "Wexford": {
      "%": 37.82865,
      "v": 21467
    },
    "Wicklow": {
      "%": 35.36302,
      "v": 19020
    }
  }
}