{
  "original_file": "Ireland_2016.csv",
  "year": 2016,
  "country": "IE",
  "var": "ed_isced_3to5_f",
  "data": {
    "IE_lau_1": {
      "%": 34.33218,
      "v": 7642
    },
    "IE_lau_2": {
      "%": 36.058334,
      "v": 10533
    },
    "IE_lau_3": {
      "%": 34.518967,
      "v": 16372
    },
    "IE_lau_4": {
      "%": 32.116245,
      "v": 70209
    },
    "IE_lau_5": {
      "%": 29.866388,
      "v": 18866
    },
    "IE_lau_6": {
      "%": 22.785397,
      "v": 55006
    },
    "IE_lau_7": {
      "%": 30.335434,
      "v": 97165
    },
    "IE_lau_8": {
      "%": 30.5319,
      "v": 31766
    },
    "IE_lau_9": {
      "%": 33.7724,
      "v": 20409
    },
    "IE_lau_10": {
      "%": 33.176601,
      "v": 28506
    },
    "IE_lau_11": {
      "%": 34.272804,
      "v": 13425
    },
    "IE_lau_12": {
      "%": 35.902203,
      "v": 11395
    },
    "IE_lau_13": {
      "%": 34.223495,
      "v": 4306
    },
    "IE_lau_14": {
      "%": 32.022644,
      "v": 25059
    },
    "IE_lau_15": {
      "%": 34.293545,
      "v": 5381
    },
    "IE_lau_16": {
      "%": 31.867069,
      "v": 16148
    },
    "IE_lau_17": {
      "%": 34.802662,
      "v": 18262
    },
    "IE_lau_18": {
      "%": 35.418407,
      "v": 26301
    },
    "IE_lau_19": {
      "%": 32.971516,
      "v": 7837
    },
    "IE_lau_20": {
      "%": 34.611725,
      "v": 10550
    },
    "IE_lau_21": {
      "%": 35.834087,
      "v": 9123
    },
    "IE_lau_22": {
      "%": 32.655582,
      "v": 8721
    },
    "IE_lau_23": {
      "%": 35.93681,
      "v": 22725
    },
    "IE_lau_24": {
      "%": 33.205067,
      "v": 15446
    },
    "IE_lau_25": {
      "%": 33.531818,
      "v": 11713
    },
    "IE_lau_26": {
      "%": 35.772968,
      "v": 21467
    },
    "IE_lau_27": {
      "%": 33.746738,
      "v": 19020
    }
  }
}