{
  "original_file": "Ireland_2016.csv",
  "year": 2016,
  "country": "IE",
  "var": "ed_isced_0to2_f",
  "data": {
    "Carlow": {
      "%": 22.43587,
      "v": 4994
    },
    "Cavan": {
      "%": 23.30629,
      "v": 6808
    },
    "Clare": {
      "%": 18.81339,
      "v": 8923
    },
    "Cork": {
      "%": 19.68949,
      "v": 43043
    },
    "Donegal": {
      "%": 27.08492,
      "v": 17109
    },
    "Dublin City": {
      "%": 20.22336,
      "v": 48821
    },
    "Dublin County": {
      "%": 16.60246,
      "v": 53178
    },
    "Galway": {
      "%": 16.77399,
      "v": 17452
    },
    "Kerry": {
      "%": 21.29867,
      "v": 12871
    },
    "Kildare": {
      "%": 17.58106,
      "v": 15106
    },
    "Kilkenny": {
      "%": 21.42657,
      "v": 8393
    },
    "Laois": {
      "%": 20.93324,
      "v": 6644
    },
    "Leitrim": {
      "%": 22.15864,
      "v": 2788
    },
    "Limerick City and County": {
      "%": 22.07938,
      "v": 17278
    },
    "Longford": {
      "%": 23.96278,
      "v": 3760
    },
    "Louth": {
      "%": 24.69362,
      "v": 12513
    },
    "Mayo": {
      "%": 23.10903,
      "v": 12126
    },
    "Meath": {
      "%": 19.05788,
      "v": 14152
    },
    "Monaghan": {
      "%": 25.22614,
      "v": 5996
    },
    "Offaly": {
      "%": 24.94669,
      "v": 7604
    },
    "Roscommon": {
      "%": 21.84689,
      "v": 5562
    },
    "Sligo": {
      "%": 19.59859,
      "v": 5234
    },
    "Tipperary": {
      "%": 22.72914,
      "v": 14373
    },
    "Waterford City and County": {
      "%": 22.54015,
      "v": 10485
    },
    "Westmeath": {
      "%": 20.82391,
      "v": 7274
    },
    "Wexford": {
      "%": 26.26773,
      "v": 15763
    },
    "Wicklow": {
      "%": 19.49398,
      "v": 10987
    }
  }
}