{
  "original_file": "Ireland_2016.csv",
  "year": 2016,
  "country": "IE",
  "var": "ed_isced_3to5_f",
  "data": {
    "Carlow": {
      "%": 34.33218,
      "v": 7642
    },
    "Cavan": {
      "%": 36.058334,
      "v": 10533
    },
    "Clare": {
      "%": 34.518967,
      "v": 16372
    },
    "Cork": {
      "%": 32.116245,
      "v": 70209
    },
    "Donegal": {
      "%": 29.866388,
      "v": 18866
    },
    "Dublin City": {
      "%": 22.785397,
      "v": 55006
    },
    "Dublin County": {
      "%": 30.335434,
      "v": 97165
    },
    "Galway": {
      "%": 30.5319,
      "v": 31766
    },
    "Kerry": {
      "%": 33.7724,
      "v": 20409
    },
    "Kildare": {
      "%": 33.176601,
      "v": 28506
    },
    "Kilkenny": {
      "%": 34.272804,
      "v": 13425
    },
    "Laois": {
      "%": 35.902203,
      "v": 11395
    },
    "Leitrim": {
      "%": 34.223495,
      "v": 4306
    },
    "Limerick City and County": {
      "%": 32.022644,
      "v": 25059
    },
    "Longford": {
      "%": 34.293545,
      "v": 5381
    },
    "Louth": {
      "%": 31.867069,
      "v": 16148
    },
    "Mayo": {
      "%": 34.802662,
      "v": 18262
    },
    "Meath": {
      "%": 35.418407,
      "v": 26301
    },
    "Monaghan": {
      "%": 32.971516,
      "v": 7837
    },
    "Offaly": {
      "%": 34.611725,
      "v": 10550
    },
    "Roscommon": {
      "%": 35.834087,
      "v": 9123
    },
    "Sligo": {
      "%": 32.655582,
      "v": 8721
    },
    "Tipperary": {
      "%": 35.93681,
      "v": 22725
    },
    "Waterford City and County": {
      "%": 33.205067,
      "v": 15446
    },
    "Westmeath": {
      "%": 33.531818,
      "v": 11713
    },
    "Wexford": {
      "%": 35.772968,
      "v": 21467
    },
    "Wicklow": {
      "%": 33.746738,
      "v": 19020
    }
  }
}