{
  "original_file": "Ireland_2016.csv",
  "year": 2016,
  "country": "IE",
  "var": "ed_isced_6to8_m",
  "data": {
    "IE_lau_1": {
      "%": 20.483294,
      "v": 4518
    },
    "IE_lau_2": {
      "%": 19.78389,
      "v": 5804
    },
    "IE_lau_3": {
      "%": 25.774052,
      "v": 11804
    },
    "IE_lau_4": {
      "%": 27.139956,
      "v": 57179
    },
    "IE_lau_5": {
      "%": 22.167181,
      "v": 13514
    },
    "IE_lau_6": {
      "%": 31.353212,
      "v": 72071
    },
    "IE_lau_7": {
      "%": 32.198872,
      "v": 95214
    },
    "IE_lau_8": {
      "%": 30.357161,
      "v": 30386
    },
    "IE_lau_9": {
      "%": 23.84251,
      "v": 13940
    },
    "IE_lau_10": {
      "%": 27.927961,
      "v": 23183
    },
    "IE_lau_11": {
      "%": 25.854053,
      "v": 9899
    },
    "IE_lau_12": {
      "%": 21.370792,
      "v": 6869
    },
    "IE_lau_13": {
      "%": 24.415543,
      "v": 3060
    },
    "IE_lau_14": {
      "%": 22.648735,
      "v": 17447
    },
    "IE_lau_15": {
      "%": 19.256046,
      "v": 3018
    },
    "IE_lau_16": {
      "%": 22.178267,
      "v": 10764
    },
    "IE_lau_17": {
      "%": 23.306517,
      "v": 11994
    },
    "IE_lau_18": {
      "%": 25.191753,
      "v": 18097
    },
    "IE_lau_19": {
      "%": 21.588026,
      "v": 5106
    },
    "IE_lau_20": {
      "%": 19.8326,
      "v": 5900
    },
    "IE_lau_21": {
      "%": 23.387255,
      "v": 5942
    },
    "IE_lau_22": {
      "%": 27.161171,
      "v": 6928
    },
    "IE_lau_23": {
      "%": 21.64571,
      "v": 13479
    },
    "IE_lau_24": {
      "%": 23.136612,
      "v": 10436
    },
    "IE_lau_25": {
      "%": 23.318846,
      "v": 7941
    },
    "IE_lau_26": {
      "%": 21.052725,
      "v": 11947
    },
    "IE_lau_27": {
      "%": 27.873943,
      "v": 14992
    }
  }
}