{
  "original_file": "Ireland_2016.csv",
  "year": 2016,
  "country": "IE",
  "var": "ed_isced_6to8_f",
  "data": {
    "Carlow": {
      "%": 20.297407,
      "v": 4518
    },
    "Cavan": {
      "%": 19.869226,
      "v": 5804
    },
    "Clare": {
      "%": 24.887728,
      "v": 11804
    },
    "Cork": {
      "%": 26.15583,
      "v": 57179
    },
    "Donegal": {
      "%": 21.393744,
      "v": 13514
    },
    "Dublin City": {
      "%": 29.854313,
      "v": 72071
    },
    "Dublin County": {
      "%": 29.72632,
      "v": 95214
    },
    "Galway": {
      "%": 29.205513,
      "v": 30386
    },
    "Kerry": {
      "%": 23.067631,
      "v": 13940
    },
    "Kildare": {
      "%": 26.981449,
      "v": 23183
    },
    "Kilkenny": {
      "%": 25.271246,
      "v": 9899
    },
    "Laois": {
      "%": 21.642143,
      "v": 6869
    },
    "Leitrim": {
      "%": 24.320457,
      "v": 3060
    },
    "Limerick City and County": {
      "%": 22.295345,
      "v": 17447
    },
    "Longford": {
      "%": 19.233955,
      "v": 3018
    },
    "Louth": {
      "%": 21.242081,
      "v": 10764
    },
    "Mayo": {
      "%": 22.85747,
      "v": 11994
    },
    "Meath": {
      "%": 24.370438,
      "v": 18097
    },
    "Monaghan": {
      "%": 21.481762,
      "v": 5106
    },
    "Offaly": {
      "%": 19.356319,
      "v": 5900
    },
    "Roscommon": {
      "%": 23.339487,
      "v": 5942
    },
    "Sligo": {
      "%": 25.941736,
      "v": 6928
    },
    "Tipperary": {
      "%": 21.31539,
      "v": 13479
    },
    "Waterford City and County": {
      "%": 22.434809,
      "v": 10436
    },
    "Westmeath": {
      "%": 22.733389,
      "v": 7941
    },
    "Wexford": {
      "%": 19.90868,
      "v": 11947
    },
    "Wicklow": {
      "%": 26.599955,
      "v": 14992
    }
  }
}