{
  "original_file": "Ireland_2016.csv",
  "year": 2016,
  "country": "IE",
  "var": "ed_isced_0to2_f",
  "data": {
    "IE_lau_1": {
      "%": 22.435869,
      "v": 4994
    },
    "IE_lau_2": {
      "%": 23.30629,
      "v": 6808
    },
    "IE_lau_3": {
      "%": 18.813385,
      "v": 8923
    },
    "IE_lau_4": {
      "%": 19.689491,
      "v": 43043
    },
    "IE_lau_5": {
      "%": 27.084917,
      "v": 17109
    },
    "IE_lau_6": {
      "%": 20.223356,
      "v": 48821
    },
    "IE_lau_7": {
      "%": 16.602457,
      "v": 53178
    },
    "IE_lau_8": {
      "%": 16.773994,
      "v": 17452
    },
    "IE_lau_9": {
      "%": 21.298672,
      "v": 12871
    },
    "IE_lau_10": {
      "%": 17.581062,
      "v": 15106
    },
    "IE_lau_11": {
      "%": 21.426565,
      "v": 8393
    },
    "IE_lau_12": {
      "%": 20.933237,
      "v": 6644
    },
    "IE_lau_13": {
      "%": 22.15864,
      "v": 2788
    },
    "IE_lau_14": {
      "%": 22.079382,
      "v": 17278
    },
    "IE_lau_15": {
      "%": 23.962782,
      "v": 3760
    },
    "IE_lau_16": {
      "%": 24.693624,
      "v": 12513
    },
    "IE_lau_17": {
      "%": 23.109028,
      "v": 12126
    },
    "IE_lau_18": {
      "%": 19.057878,
      "v": 14152
    },
    "IE_lau_19": {
      "%": 25.226135,
      "v": 5996
    },
    "IE_lau_20": {
      "%": 24.946688,
      "v": 7604
    },
    "IE_lau_21": {
      "%": 21.846891,
      "v": 5562
    },
    "IE_lau_22": {
      "%": 19.598593,
      "v": 5234
    },
    "IE_lau_23": {
      "%": 22.729141,
      "v": 14373
    },
    "IE_lau_24": {
      "%": 22.540146,
      "v": 10485
    },
    "IE_lau_25": {
      "%": 20.82391,
      "v": 7274
    },
    "IE_lau_26": {
      "%": 26.267727,
      "v": 15763
    },
    "IE_lau_27": {
      "%": 19.493977,
      "v": 10987
    }
  }
}