{
  "original_file": "Ireland_2016.csv",
  "year": 2016,
  "country": "IE",
  "var": "ed_isced_6to8_f",
  "data": {
    "Carlow": {
      "%": 20.29741,
      "v": 4518
    },
    "Cavan": {
      "%": 19.86923,
      "v": 5804
    },
    "Clare": {
      "%": 24.88773,
      "v": 11804
    },
    "Cork": {
      "%": 26.15583,
      "v": 57179
    },
    "Donegal": {
      "%": 21.39374,
      "v": 13514
    },
    "Dublin City": {
      "%": 29.85431,
      "v": 72071
    },
    "Dublin County": {
      "%": 29.72632,
      "v": 95214
    },
    "Galway": {
      "%": 29.20551,
      "v": 30386
    },
    "Kerry": {
      "%": 23.06763,
      "v": 13940
    },
    "Kildare": {
      "%": 26.98145,
      "v": 23183
    },
    "Kilkenny": {
      "%": 25.27125,
      "v": 9899
    },
    "Laois": {
      "%": 21.64214,
      "v": 6869
    },
    "Leitrim": {
      "%": 24.32046,
      "v": 3060
    },
    "Limerick City and County": {
      "%": 22.29535,
      "v": 17447
    },
    "Longford": {
      "%": 19.23396,
      "v": 3018
    },
    "Louth": {
      "%": 21.24208,
      "v": 10764
    },
    "Mayo": {
      "%": 22.85747,
      "v": 11994
    },
    "Meath": {
      "%": 24.37044,
      "v": 18097
    },
    "Monaghan": {
      "%": 21.48176,
      "v": 5106
    },
    "Offaly": {
      "%": 19.35632,
      "v": 5900
    },
    "Roscommon": {
      "%": 23.33949,
      "v": 5942
    },
    "Sligo": {
      "%": 25.94174,
      "v": 6928
    },
    "Tipperary": {
      "%": 21.31539,
      "v": 13479
    },
    "Waterford City and County": {
      "%": 22.43481,
      "v": 10436
    },
    "Westmeath": {
      "%": 22.73339,
      "v": 7941
    },
    "Wexford": {
      "%": 19.90868,
      "v": 11947
    },
    "Wicklow": {
      "%": 26.59995,
      "v": 14992
    }
  }
}