{
  "original_file": "Ireland_2016.csv",
  "year": 2016,
  "country": "IE",
  "var": "ed_isced_0to2",
  "data": {
    "Carlow": {
      "%": 22.53814,
      "v": 9988
    },
    "Cavan": {
      "%": 23.25613,
      "v": 13616
    },
    "Clare": {
      "%": 19.14252,
      "v": 17846
    },
    "Cork": {
      "%": 20.05306,
      "v": 86086
    },
    "Donegal": {
      "%": 27.56582,
      "v": 34218
    },
    "Dublin City": {
      "%": 20.7186,
      "v": 97642
    },
    "Dublin County": {
      "%": 17.26536,
      "v": 106356
    },
    "Galway": {
      "%": 17.09832,
      "v": 34904
    },
    "Kerry": {
      "%": 21.65049,
      "v": 25742
    },
    "Kildare": {
      "%": 17.88412,
      "v": 30212
    },
    "Kilkenny": {
      "%": 21.67082,
      "v": 16786
    },
    "Laois": {
      "%": 20.80118,
      "v": 13288
    },
    "Leitrim": {
      "%": 22.20187,
      "v": 5576
    },
    "Limerick City and County": {
      "%": 22.25299,
      "v": 34556
    },
    "Longford": {
      "%": 23.97653,
      "v": 7520
    },
    "Louth": {
      "%": 25.22604,
      "v": 25026
    },
    "Mayo": {
      "%": 23.33381,
      "v": 24252
    },
    "Meath": {
      "%": 19.3737,
      "v": 28304
    },
    "Monaghan": {
      "%": 25.28837,
      "v": 11992
    },
    "Offaly": {
      "%": 25.24988,
      "v": 15208
    },
    "Roscommon": {
      "%": 21.86922,
      "v": 11124
    },
    "Sligo": {
      "%": 20.04865,
      "v": 10468
    },
    "Tipperary": {
      "%": 22.9039,
      "v": 28746
    },
    "Waterford City and County": {
      "%": 22.88727,
      "v": 20970
    },
    "Westmeath": {
      "%": 21.08864,
      "v": 14548
    },
    "Wexford": {
      "%": 27.00138,
      "v": 31526
    },
    "Wicklow": {
      "%": 19.94988,
      "v": 21974
    }
  }
}