{
  "original_file": "Ireland_2016.csv",
  "year": 2016,
  "country": "IE",
  "var": "ed_isced_6to8",
  "data": {
    "Carlow": {
      "%": 20.38993,
      "v": 9036
    },
    "Cavan": {
      "%": 19.82647,
      "v": 11608
    },
    "Clare": {
      "%": 25.32314,
      "v": 23608
    },
    "Cork": {
      "%": 26.63881,
      "v": 114358
    },
    "Donegal": {
      "%": 21.7736,
      "v": 27028
    },
    "Dublin City": {
      "%": 30.58541,
      "v": 144142
    },
    "Dublin County": {
      "%": 30.91323,
      "v": 190428
    },
    "Galway": {
      "%": 29.7702,
      "v": 60772
    },
    "Kerry": {
      "%": 23.44867,
      "v": 27880
    },
    "Kildare": {
      "%": 27.44655,
      "v": 46366
    },
    "Kilkenny": {
      "%": 25.55933,
      "v": 19798
    },
    "Laois": {
      "%": 21.50561,
      "v": 13738
    },
    "Leitrim": {
      "%": 24.36791,
      "v": 6120
    },
    "Limerick City and County": {
      "%": 22.47065,
      "v": 34894
    },
    "Longford": {
      "%": 19.245,
      "v": 6036
    },
    "Louth": {
      "%": 21.70008,
      "v": 21528
    },
    "Mayo": {
      "%": 23.07981,
      "v": 23988
    },
    "Meath": {
      "%": 24.77429,
      "v": 36194
    },
    "Monaghan": {
      "%": 21.53476,
      "v": 10212
    },
    "Offaly": {
      "%": 19.59157,
      "v": 11800
    },
    "Roscommon": {
      "%": 23.36335,
      "v": 11884
    },
    "Sligo": {
      "%": 26.53745,
      "v": 13856
    },
    "Tipperary": {
      "%": 21.47928,
      "v": 26958
    },
    "Waterford City and County": {
      "%": 22.78031,
      "v": 20872
    },
    "Westmeath": {
      "%": 23.0224,
      "v": 15882
    },
    "Wexford": {
      "%": 20.46473,
      "v": 23894
    },
    "Wicklow": {
      "%": 27.22205,
      "v": 29984
    }
  }
}