{
  "original_file": "Ireland_2016.csv",
  "year": 2016,
  "country": "IE",
  "var": "ed_isced_3to5",
  "data": {
    "Carlow": {
      "%": 34.48867,
      "v": 15284
    },
    "Cavan": {
      "%": 35.98073,
      "v": 21066
    },
    "Clare": {
      "%": 35.12287,
      "v": 32744
    },
    "Cork": {
      "%": 32.70928,
      "v": 140418
    },
    "Donegal": {
      "%": 30.39668,
      "v": 37732
    },
    "Dublin City": {
      "%": 23.34338,
      "v": 110012
    },
    "Dublin County": {
      "%": 31.54667,
      "v": 194330
    },
    "Galway": {
      "%": 31.12224,
      "v": 63532
    },
    "Kerry": {
      "%": 34.33027,
      "v": 40818
    },
    "Kildare": {
      "%": 33.74849,
      "v": 57012
    },
    "Kilkenny": {
      "%": 34.6635,
      "v": 26850
    },
    "Laois": {
      "%": 35.67571,
      "v": 22790
    },
    "Leitrim": {
      "%": 34.29026,
      "v": 8612
    },
    "Limerick City and County": {
      "%": 32.27443,
      "v": 50118
    },
    "Longford": {
      "%": 34.31322,
      "v": 10762
    },
    "Louth": {
      "%": 32.55415,
      "v": 32296
    },
    "Mayo": {
      "%": 35.14119,
      "v": 36524
    },
    "Meath": {
      "%": 36.00534,
      "v": 52602
    },
    "Monaghan": {
      "%": 33.05287,
      "v": 15674
    },
    "Offaly": {
      "%": 35.03238,
      "v": 21100
    },
    "Roscommon": {
      "%": 35.87072,
      "v": 18246
    },
    "Sligo": {
      "%": 33.40548,
      "v": 17442
    },
    "Tipperary": {
      "%": 36.21312,
      "v": 45450
    },
    "Waterford City and County": {
      "%": 33.71642,
      "v": 30892
    },
    "Westmeath": {
      "%": 33.95811,
      "v": 23426
    },
    "Wexford": {
      "%": 36.7721,
      "v": 42934
    },
    "Wicklow": {
      "%": 34.53598,
      "v": 38040
    }
  }
}