{
  "original_file": "Ireland_2016.csv",
  "year": 2016,
  "country": "IE",
  "var": "ed_isced_0to2_m",
  "data": {
    "IE_lau_1": {
      "%": 22.641338,
      "v": 4994
    },
    "IE_lau_2": {
      "%": 23.20619,
      "v": 6808
    },
    "IE_lau_3": {
      "%": 19.483383,
      "v": 8923
    },
    "IE_lau_4": {
      "%": 20.430317,
      "v": 43043
    },
    "IE_lau_5": {
      "%": 28.064104,
      "v": 17109
    },
    "IE_lau_6": {
      "%": 21.23871,
      "v": 48821
    },
    "IE_lau_7": {
      "%": 17.983402,
      "v": 53178
    },
    "IE_lau_8": {
      "%": 17.435436,
      "v": 17452
    },
    "IE_lau_9": {
      "%": 22.014128,
      "v": 12871
    },
    "IE_lau_10": {
      "%": 18.197807,
      "v": 15106
    },
    "IE_lau_11": {
      "%": 21.920706,
      "v": 8393
    },
    "IE_lau_12": {
      "%": 20.670773,
      "v": 6644
    },
    "IE_lau_13": {
      "%": 22.245272,
      "v": 2788
    },
    "IE_lau_14": {
      "%": 22.429348,
      "v": 17278
    },
    "IE_lau_15": {
      "%": 23.990301,
      "v": 3760
    },
    "IE_lau_16": {
      "%": 25.781925,
      "v": 12513
    },
    "IE_lau_17": {
      "%": 23.563017,
      "v": 12126
    },
    "IE_lau_18": {
      "%": 19.700155,
      "v": 14152
    },
    "IE_lau_19": {
      "%": 25.350922,
      "v": 5996
    },
    "IE_lau_20": {
      "%": 25.560524,
      "v": 7604
    },
    "IE_lau_21": {
      "%": 21.891605,
      "v": 5562
    },
    "IE_lau_22": {
      "%": 20.519857,
      "v": 5234
    },
    "IE_lau_23": {
      "%": 23.081369,
      "v": 14373
    },
    "IE_lau_24": {
      "%": 23.245245,
      "v": 10485
    },
    "IE_lau_25": {
      "%": 21.360193,
      "v": 7274
    },
    "IE_lau_26": {
      "%": 27.777191,
      "v": 15763
    },
    "IE_lau_27": {
      "%": 20.427629,
      "v": 10987
    }
  }
}