{
  "original_file": "Ireland_2016.csv",
  "year": 2016,
  "country": "IE",
  "var": "ed_isced_3to5_m",
  "data": {
    "IE_lau_1": {
      "%": 34.646599,
      "v": 7642
    },
    "IE_lau_2": {
      "%": 35.903465,
      "v": 10533
    },
    "IE_lau_3": {
      "%": 35.748287,
      "v": 16372
    },
    "IE_lau_4": {
      "%": 33.324631,
      "v": 70209
    },
    "IE_lau_5": {
      "%": 30.946133,
      "v": 18866
    },
    "IE_lau_6": {
      "%": 23.929386,
      "v": 55006
    },
    "IE_lau_7": {
      "%": 32.85865,
      "v": 97165
    },
    "IE_lau_8": {
      "%": 31.735851,
      "v": 31766
    },
    "IE_lau_9": {
      "%": 34.906872,
      "v": 20409
    },
    "IE_lau_10": {
      "%": 34.340443,
      "v": 28506
    },
    "IE_lau_11": {
      "%": 35.063206,
      "v": 13425
    },
    "IE_lau_12": {
      "%": 35.452057,
      "v": 11395
    },
    "IE_lau_13": {
      "%": 34.357296,
      "v": 4306
    },
    "IE_lau_14": {
      "%": 32.530216,
      "v": 25059
    },
    "IE_lau_15": {
      "%": 34.332928,
      "v": 5381
    },
    "IE_lau_16": {
      "%": 33.271523,
      "v": 16148
    },
    "IE_lau_17": {
      "%": 35.486378,
      "v": 18262
    },
    "IE_lau_18": {
      "%": 36.612053,
      "v": 26301
    },
    "IE_lau_19": {
      "%": 33.134617,
      "v": 7837
    },
    "IE_lau_20": {
      "%": 35.463375,
      "v": 10550
    },
    "IE_lau_21": {
      "%": 35.907429,
      "v": 9123
    },
    "IE_lau_22": {
      "%": 34.190613,
      "v": 8721
    },
    "IE_lau_23": {
      "%": 36.493713,
      "v": 22725
    },
    "IE_lau_24": {
      "%": 34.243782,
      "v": 15446
    },
    "IE_lau_25": {
      "%": 34.39537,
      "v": 11713
    },
    "IE_lau_26": {
      "%": 37.828648,
      "v": 21467
    },
    "IE_lau_27": {
      "%": 35.363018,
      "v": 19020
    }
  }
}