{
  "original_file": "Ireland_2016.csv",
  "year": 2016,
  "country": "IE",
  "var": "ed_isced_6to8",
  "data": {
    "Carlow": {
      "%": 20.389927,
      "v": 9036
    },
    "Cavan": {
      "%": 19.826468,
      "v": 11608
    },
    "Clare": {
      "%": 25.323135,
      "v": 23608
    },
    "Cork": {
      "%": 26.638807,
      "v": 114358
    },
    "Donegal": {
      "%": 21.773596,
      "v": 27028
    },
    "Dublin City": {
      "%": 30.585409,
      "v": 144142
    },
    "Dublin County": {
      "%": 30.913235,
      "v": 190428
    },
    "Galway": {
      "%": 29.770203,
      "v": 60772
    },
    "Kerry": {
      "%": 23.448669,
      "v": 27880
    },
    "Kildare": {
      "%": 27.446547,
      "v": 46366
    },
    "Kilkenny": {
      "%": 25.559328,
      "v": 19798
    },
    "Laois": {
      "%": 21.505611,
      "v": 13738
    },
    "Leitrim": {
      "%": 24.367908,
      "v": 6120
    },
    "Limerick City and County": {
      "%": 22.470652,
      "v": 34894
    },
    "Longford": {
      "%": 19.244995,
      "v": 6036
    },
    "Louth": {
      "%": 21.700081,
      "v": 21528
    },
    "Mayo": {
      "%": 23.079809,
      "v": 23988
    },
    "Meath": {
      "%": 24.77429,
      "v": 36194
    },
    "Monaghan": {
      "%": 21.534763,
      "v": 10212
    },
    "Offaly": {
      "%": 19.591566,
      "v": 11800
    },
    "Roscommon": {
      "%": 23.363346,
      "v": 11884
    },
    "Sligo": {
      "%": 26.537453,
      "v": 13856
    },
    "Tipperary": {
      "%": 21.47928,
      "v": 26958
    },
    "Waterford City and County": {
      "%": 22.780306,
      "v": 20872
    },
    "Westmeath": {
      "%": 23.022396,
      "v": 15882
    },
    "Wexford": {
      "%": 20.464725,
      "v": 23894
    },
    "Wicklow": {
      "%": 27.222052,
      "v": 29984
    }
  }
}