{
  "original_file": "Greece_1981.csv",
  "year": 1981,
  "country": "GR",
  "var": "ed_isced_6to8_m",
  "data": {
    "EL301": {
      "%": 18.145235,
      "v": 19840
    },
    "EL302": {
      "%": 4.7069502,
      "v": 7260
    },
    "EL303": {
      "%": 19.32408,
      "v": 91600
    },
    "EL304": {
      "%": 14.640095,
      "v": 21010
    },
    "EL305": {
      "%": 9.0048103,
      "v": 5990
    },
    "EL306": {
      "%": 3.0219781,
      "v": 990
    },
    "EL307": {
      "%": 6.4922128,
      "v": 12380
    },
    "EL411": {
      "%": 4.9738221,
      "v": 1900
    },
    "EL412": {
      "%": 5.0098882,
      "v": 760
    },
    "EL413": {
      "%": 5.3134961,
      "v": 1000
    },
    "EL421": {
      "%": 7.1854963,
      "v": 3250
    },
    "EL422": {
      "%": 4.0723982,
      "v": 1350
    },
    "EL431": {
      "%": 5.571209,
      "v": 4350
    },
    "EL432": {
      "%": 6.3085065,
      "v": 1550
    },
    "EL433": {
      "%": 5.3126469,
      "v": 1130
    },
    "EL434": {
      "%": 6.3563328,
      "v": 2690
    },
    "EL511": {
      "%": 4.6097856,
      "v": 2280
    },
    "EL512": {
      "%": 4.4459414,
      "v": 1320
    },
    "EL513": {
      "%": 3.8602941,
      "v": 1470
    },
    "EL514": {
      "%": 4.184484,
      "v": 1370
    },
    "EL515": {
      "%": 5.413599,
      "v": 2500
    },
    "EL521": {
      "%": 3.8427947,
      "v": 1760
    },
    "EL522": {
      "%": 9.3023252,
      "v": 27960
    },
    "EL523": {
      "%": 2.9335313,
      "v": 790
    },
    "EL524": {
      "%": 3.3071868,
      "v": 1560
    },
    "EL525": {
      "%": 5.1387744,
      "v": 1870
    },
    "EL526": {
      "%": 3.7757769,
      "v": 2600
    },
    "EL527": {
      "%": 3.7922788,
      "v": 1110
    },
    "EL531": {
      "%": 5.0805063,
      "v": 3250
    },
    "EL532": {
      "%": 4.0957446,
      "v": 770
    },
    "EL533": {
      "%": 4.2763157,
      "v": 780
    },
    "EL541": {
      "%": 4.6417975,
      "v": 2190
    },
    "EL542": {
      "%": 4.6001415,
      "v": 650
    },
    "EL543": {
      "%": 6.891089,
      "v": 3480
    },
    "EL611": {
      "%": 3.9965153,
      "v": 3670
    },
    "EL612": {
      "%": 5.6858802,
      "v": 5090
    },
    "EL613": {
      "%": 6.082458,
      "v": 3880
    },
    "EL621": {
      "%": 2.8972783,
      "v": 330
    },
    "EL622": {
      "%": 5.1067514,
      "v": 1770
    },
    "EL623": {
      "%": 5.2181354,
      "v": 610
    },
    "EL624": {
      "%": 4.8223352,
      "v": 380
    },
    "EL631": {
      "%": 3.9395576,
      "v": 2920
    },
    "EL632": {
      "%": 6.3354168,
      "v": 5980
    },
    "EL633": {
      "%": 3.8598363,
      "v": 2170
    },
    "EL641": {
      "%": 4.886476,
      "v": 1980
    },
    "EL642": {
      "%": 4.9977489,
      "v": 3330
    },
    "EL643": {
      "%": 5.6541018,
      "v": 510
    },
    "EL644": {
      "%": 5.1417503,
      "v": 2920
    },
    "EL645": {
      "%": 4.6557379,
      "v": 710
    },
    "EL651": {
      "%": 4.9790211,
      "v": 3560
    },
    "EL652": {
      "%": 5.2127161,
      "v": 2230
    },
    "EL653": {
      "%": 4.3000112,
      "v": 3910
    }
  }
}