{
  "original_file": "Greece_1981.csv",
  "year": 1981,
  "country": "GR",
  "var": "ed_isced_0to2_m",
  "data": {
    "EL300": {
      "%": 60.728558,
      "v": 711180
    },
    "EL411": {
      "%": 86.413612,
      "v": 33010
    },
    "EL412": {
      "%": 83.454185,
      "v": 12660
    },
    "EL413": {
      "%": 78.05526,
      "v": 14690
    },
    "EL421": {
      "%": 80.610214,
      "v": 36460
    },
    "EL422": {
      "%": 87.028656,
      "v": 28850
    },
    "EL431": {
      "%": 82.940575,
      "v": 64760
    },
    "EL432": {
      "%": 83.557182,
      "v": 20530
    },
    "EL433": {
      "%": 85.89563,
      "v": 18270
    },
    "EL434": {
      "%": 79.773155,
      "v": 33760
    },
    "EL511": {
      "%": 87.565712,
      "v": 43310
    },
    "EL512": {
      "%": 87.504211,
      "v": 25980
    },
    "EL513": {
      "%": 90.572479,
      "v": 34490
    },
    "EL514": {
      "%": 86.866219,
      "v": 28440
    },
    "EL515": {
      "%": 83.564316,
      "v": 38590
    },
    "EL521": {
      "%": 86.06987,
      "v": 39420
    },
    "EL522": {
      "%": 68.919052,
      "v": 207150
    },
    "EL523": {
      "%": 89.639809,
      "v": 24140
    },
    "EL524": {
      "%": 88.891243,
      "v": 41930
    },
    "EL525": {
      "%": 86.53476,
      "v": 31490
    },
    "EL526": {
      "%": 89.340691,
      "v": 61520
    },
    "EL527": {
      "%": 89.033142,
      "v": 26060
    },
    "EL531": {
      "%": 85.211815,
      "v": 54510
    },
    "EL532": {
      "%": 89.680855,
      "v": 16860
    },
    "EL533": {
      "%": 86.787277,
      "v": 15830
    },
    "EL541": {
      "%": 87.833824,
      "v": 41440
    },
    "EL542": {
      "%": 87.827316,
      "v": 12410
    },
    "EL543": {
      "%": 81.346535,
      "v": 41080
    },
    "EL611": {
      "%": 88.946968,
      "v": 81680
    },
    "EL612": {
      "%": 81.892311,
      "v": 73310
    },
    "EL613": {
      "%": 79.902809,
      "v": 50970
    },
    "EL621": {
      "%": 90.517998,
      "v": 10310
    },
    "EL622": {
      "%": 85.199074,
      "v": 29530
    },
    "EL623": {
      "%": 82.634727,
      "v": 9660
    },
    "EL624": {
      "%": 88.197968,
      "v": 6950
    },
    "EL631": {
      "%": 88.505127,
      "v": 65600
    },
    "EL632": {
      "%": 76.808983,
      "v": 72500
    },
    "EL633": {
      "%": 87.691216,
      "v": 49300
    },
    "EL641": {
      "%": 84.550842,
      "v": 34260
    },
    "EL642": {
      "%": 85.291908,
      "v": 56830
    },
    "EL643": {
      "%": 85.25499,
      "v": 7690
    },
    "EL644": {
      "%": 83.465401,
      "v": 47400
    },
    "EL645": {
      "%": 84.52459,
      "v": 12890
    },
    "EL651": {
      "%": 85.356644,
      "v": 61030
    },
    "EL652": {
      "%": 81.743805,
      "v": 34970
    },
    "EL653": {
      "%": 85.615311,
      "v": 77850
    }
  }
}