{
  "original_file": "Greece_1981.csv",
  "year": 1981,
  "country": "GR",
  "var": "ed_isced_3to5",
  "data": {
    "EL300": {
      "%": 26.437832,
      "v": 654450
    },
    "EL411": {
      "%": 8.031023,
      "v": 6420
    },
    "EL412": {
      "%": 9.7654991,
      "v": 3040
    },
    "EL413": {
      "%": 14.505382,
      "v": 5660
    },
    "EL421": {
      "%": 11.610124,
      "v": 10780
    },
    "EL422": {
      "%": 8.5129147,
      "v": 5570
    },
    "EL431": {
      "%": 11.448225,
      "v": 18640
    },
    "EL432": {
      "%": 9.648612,
      "v": 4970
    },
    "EL433": {
      "%": 8.9925623,
      "v": 3990
    },
    "EL434": {
      "%": 13.519045,
      "v": 11890
    },
    "EL511": {
      "%": 7.6923075,
      "v": 7890
    },
    "EL512": {
      "%": 6.7851372,
      "v": 4200
    },
    "EL513": {
      "%": 5.357368,
      "v": 4250
    },
    "EL514": {
      "%": 8.6037083,
      "v": 5940
    },
    "EL515": {
      "%": 10.339208,
      "v": 10150
    },
    "EL521": {
      "%": 9.18713,
      "v": 8680
    },
    "EL522": {
      "%": 21.148394,
      "v": 134250
    },
    "EL523": {
      "%": 6.0217352,
      "v": 3380
    },
    "EL524": {
      "%": 7.1288357,
      "v": 6900
    },
    "EL525": {
      "%": 8.0830793,
      "v": 6110
    },
    "EL526": {
      "%": 6.4997897,
      "v": 9270
    },
    "EL527": {
      "%": 6.6655273,
      "v": 3900
    },
    "EL531": {
      "%": 8.7863226,
      "v": 11460
    },
    "EL532": {
      "%": 6.5189385,
      "v": 2530
    },
    "EL533": {
      "%": 8.3965473,
      "v": 3210
    },
    "EL541": {
      "%": 6.3345194,
      "v": 6230
    },
    "EL542": {
      "%": 6.199461,
      "v": 1840
    },
    "EL543": {
      "%": 11.026689,
      "v": 11610
    },
    "EL611": {
      "%": 6.7166529,
      "v": 12810
    },
    "EL612": {
      "%": 11.26585,
      "v": 20790
    },
    "EL613": {
      "%": 12.863717,
      "v": 17330
    },
    "EL621": {
      "%": 6.4700704,
      "v": 1470
    },
    "EL622": {
      "%": 8.8556414,
      "v": 6570
    },
    "EL623": {
      "%": 11.884058,
      "v": 2870
    },
    "EL624": {
      "%": 6.3106794,
      "v": 1040
    },
    "EL631": {
      "%": 6.8029404,
      "v": 10550
    },
    "EL632": {
      "%": 15.858025,
      "v": 30560
    },
    "EL633": {
      "%": 7.9546447,
      "v": 9120
    },
    "EL641": {
      "%": 9.8680992,
      "v": 8080
    },
    "EL642": {
      "%": 9.1035185,
      "v": 12470
    },
    "EL643": {
      "%": 7.216495,
      "v": 1330
    },
    "EL644": {
      "%": 9.8014145,
      "v": 11500
    },
    "EL645": {
      "%": 9.2361774,
      "v": 2890
    },
    "EL651": {
      "%": 9.1400833,
      "v": 13180
    },
    "EL652": {
      "%": 11.764022,
      "v": 10110
    },
    "EL653": {
      "%": 8.8951664,
      "v": 16690
    }
  }
}