{
  "original_file": "Greece_1981.csv",
  "year": 1981,
  "country": "GR",
  "var": "ed_isced_3to5_m",
  "data": {
    "EL300": {
      "%": 25.688253,
      "v": 300830
    },
    "EL411": {
      "%": 8.612565,
      "v": 3290
    },
    "EL412": {
      "%": 11.535926,
      "v": 1750
    },
    "EL413": {
      "%": 16.631243,
      "v": 3130
    },
    "EL421": {
      "%": 12.204289,
      "v": 5520
    },
    "EL422": {
      "%": 8.8989439,
      "v": 2950
    },
    "EL431": {
      "%": 11.488217,
      "v": 8970
    },
    "EL432": {
      "%": 10.13431,
      "v": 2490
    },
    "EL433": {
      "%": 8.7917252,
      "v": 1870
    },
    "EL434": {
      "%": 13.87051,
      "v": 5870
    },
    "EL511": {
      "%": 7.8245049,
      "v": 3870
    },
    "EL512": {
      "%": 8.0498486,
      "v": 2390
    },
    "EL513": {
      "%": 5.5672269,
      "v": 2120
    },
    "EL514": {
      "%": 8.9492979,
      "v": 2930
    },
    "EL515": {
      "%": 11.022087,
      "v": 5090
    },
    "EL521": {
      "%": 10.087337,
      "v": 4620
    },
    "EL522": {
      "%": 21.77862,
      "v": 65460
    },
    "EL523": {
      "%": 7.4266615,
      "v": 2000
    },
    "EL524": {
      "%": 7.801569,
      "v": 3680
    },
    "EL525": {
      "%": 8.3264637,
      "v": 3030
    },
    "EL526": {
      "%": 6.8835316,
      "v": 4740
    },
    "EL527": {
      "%": 7.1745815,
      "v": 2100
    },
    "EL531": {
      "%": 9.7076759,
      "v": 6210
    },
    "EL532": {
      "%": 6.2234044,
      "v": 1170
    },
    "EL533": {
      "%": 8.9364033,
      "v": 1630
    },
    "EL541": {
      "%": 7.524375,
      "v": 3550
    },
    "EL542": {
      "%": 7.5725408,
      "v": 1070
    },
    "EL543": {
      "%": 11.762376,
      "v": 5940
    },
    "EL611": {
      "%": 7.0565176,
      "v": 6480
    },
    "EL612": {
      "%": 12.421805,
      "v": 11120
    },
    "EL613": {
      "%": 14.014736,
      "v": 8940
    },
    "EL621": {
      "%": 6.5847235,
      "v": 750
    },
    "EL622": {
      "%": 9.6941719,
      "v": 3360
    },
    "EL623": {
      "%": 12.147134,
      "v": 1420
    },
    "EL624": {
      "%": 6.9796953,
      "v": 550
    },
    "EL631": {
      "%": 7.5553155,
      "v": 5600
    },
    "EL632": {
      "%": 16.855598,
      "v": 15910
    },
    "EL633": {
      "%": 8.4489508,
      "v": 4750
    },
    "EL641": {
      "%": 10.562685,
      "v": 4280
    },
    "EL642": {
      "%": 9.7103405,
      "v": 6470
    },
    "EL643": {
      "%": 9.090909,
      "v": 820
    },
    "EL644": {
      "%": 11.392851,
      "v": 6470
    },
    "EL645": {
      "%": 10.819673,
      "v": 1650
    },
    "EL651": {
      "%": 9.6643353,
      "v": 6910
    },
    "EL652": {
      "%": 13.043478,
      "v": 5580
    },
    "EL653": {
      "%": 10.084681,
      "v": 9170
    }
  }
}