{
  "original_file": "Greece_1981.csv",
  "year": 1981,
  "country": "GR",
  "var": "ed_isced_6to8",
  "data": {
    "EL621": {
      "%": 3.080986,
      "v": 700
    },
    "Municipality of Korydallos": {
      "%": 4.401806,
      "v": 1950
    },
    "EL622": {
      "%": 3.828009,
      "v": 2840
    },
    "Municipality of Koropi": {
      "%": 4.898829,
      "v": 460
    },
    "EL623": {
      "%": 3.726708,
      "v": 900
    },
    "EL432": {
      "%": 4.601048,
      "v": 2370
    },
    "Municipality of Kifissia": {
      "%": 19.73094,
      "v": 4400
    },
    "EL624": {
      "%": 3.822815,
      "v": 630
    },
    "EL412": {
      "%": 3.533569,
      "v": 1100
    },
    "Municipality of Kessariani": {
      "%": 8.50294,
      "v": 1880
    },
    "EL631": {
      "%": 3.024246,
      "v": 4690
    },
    "Municipality of Vyron": {
      "%": 8.73034,
      "v": 3830
    },
    "Municipality of Keratsini": {
      "%": 2.779282,
      "v": 1540
    },
    "EL632": {
      "%": 5.028281,
      "v": 9690
    },
    "Municipality of Kamatero": {
      "%": 1.37741,
      "v": 150
    },
    "EL633": {
      "%": 3.044047,
      "v": 3490
    },
    "Municipality of Kallithea": {
      "%": 10.18321,
      "v": 9060
    },
    "EL641": {
      "%": 3.676111,
      "v": 3010
    },
    "EL433": {
      "%": 3.989182,
      "v": 1770
    },
    "Municipality of Kalamaria": {
      "%": 8.286704,
      "v": 3110
    },
    "EL642": {
      "%": 3.496861,
      "v": 4790
    },
    "EL411": {
      "%": 3.427571,
      "v": 2740
    },
    "Municipality of Iraklio": {
      "%": 9.842224,
      "v": 2620
    },
    "EL643": {
      "%": 4.069452,
      "v": 750
    },
    "Municipality of Vrilissia": {
      "%": 12.5,
      "v": 680
    },
    "Municipality of Ilioupoli": {
      "%": 7.322298,
      "v": 3760
    },
    "EL644": {
      "%": 3.809767,
      "v": 4470
    },
    "Municipality of Ilio (Nea Liossia)": {
      "%": 3.147326,
      "v": 1630
    },
    "EL645": {
      "%": 3.16395,
      "v": 990
    },
    "Municipality of Glyfada": {
      "%": 10.66536,
      "v": 3270
    },
    "EL651": {
      "%": 3.70319,
      "v": 5340
    },
    "EL434": {
      "%": 5.014213,
      "v": 4410
    },
    "Municipality of Galatsi": {
      "%": 7.587708,
      "v": 2790
    },
    "EL652": {
      "%": 4.072609,
      "v": 3500
    },
    "Rest of Prefecture Pireas": {
      "%": 3.277136,
      "v": 1730
    },
    "Municipality of Evosmo": {
      "%": 1.675676,
      "v": 310
    },
    "Municipality of Ano Liossia": {
      "%": 1.624549,
      "v": 180
    },
    "Municipality of Argyroupoli": {
      "%": 6.199021,
      "v": 1140
    },
    "Municipality of Amaroussio": {
      "%": 14.80398,
      "v": 5060
    },
    "EL613": {
      "%": 4.572446,
      "v": 6160
    },
    "Municipality of Metamorfossi": {
      "%": 2.681992,
      "v": 350
    },
    "EL612": {
      "%": 4.519345,
      "v": 8340
    },
    "Municipality of Moschato": {
      "%": 6.971005,
      "v": 1130
    },
    "EL431": {
      "%": 4.575605,
      "v": 7450
    },
    "EL611": {
      "%": 3.083054,
      "v": 5880
    },
    "Municipality of Nea Ionia": {
      "%": 4.625698,
      "v": 2070
    },
    "EL543": {
      "%": 5.17618,
      "v": 5450
    },
    "Municipality of Nea Philadelfia": {
      "%": 6.97065,
      "v": 1330
    },
    "EL542": {
      "%": 3.200809,
      "v": 950
    },
    "Municipality of Nea Smyrni": {
      "%": 15.88571,
      "v": 8340
    },
    "Rest of Department Thessaloniki": {
      "%": 2.536093,
      "v": 3320
    },
    "EL541": {
      "%": 3.619725,
      "v": 3560
    },
    "Municipality of Neapoli": {
      "%": 4.149204,
      "v": 990
    },
    "EL533": {
      "%": 3.60973,
      "v": 1380
    },
    "Municipality of Nikea": {
      "%": 2.834186,
      "v": 1940
    },
    "EL422": {
      "%": 2.995568,
      "v": 1960
    },
    "EL532": {
      "%": 3.555785,
      "v": 1380
    },
    "Municipality of Paleo Faliro": {
      "%": 13.47431,
      "v": 5480
    },
    "EL531": {
      "%": 3.825807,
      "v": 4990
    },
    "Municipality of Perama": {
      "%": 2.832512,
      "v": 460
    },
    "EL527": {
      "%": 3.076397,
      "v": 1800
    },
    "Municipality of Peristeri": {
      "%": 3.479037,
      "v": 3510
    },
    "Rest of Prefecture Athens": {
      "%": 17.43761,
      "v": 16700
    },
    "EL526": {
      "%": 3.007993,
      "v": 4290
    },
    "Municipality of Petroupoli": {
      "%": 3.873967,
      "v": 750
    },
    "Rest of Prefecture West Attiki": {
      "%": 2.682799,
      "v": 510
    },
    "EL525": {
      "%": 4.048154,
      "v": 3060
    },
    "Municipality of Pireas": {
      "%": 7.473359,
      "v": 10870
    },
    "EL421": {
      "%": 4.889607,
      "v": 4540
    },
    "EL524": {
      "%": 2.706891,
      "v": 2620
    },
    "Municipality of Polichni": {
      "%": 2.247191,
      "v": 360
    },
    "EL523": {
      "%": 2.262605,
      "v": 1270
    },
    "Municipality of Pylea": {
      "%": 6.432748,
      "v": 550
    },
    "EL521": {
      "%": 3.03768,
      "v": 2870
    },
    "Municipality of Salamina": {
      "%": 2.573018,
      "v": 370
    },
    "Rest of Prefecture East Attiki": {
      "%": 6.700519,
      "v": 6070
    },
    "EL515": {
      "%": 4.176429,
      "v": 4100
    },
    "Municipality of Stavroupoli": {
      "%": 2.129673,
      "v": 450
    },
    "EL514": {
      "%": 3.331402,
      "v": 2300
    },
    "Municipality of Sykees": {
      "%": 2.596279,
      "v": 600
    },
    "EL413": {
      "%": 3.434136,
      "v": 1340
    },
    "EL513": {
      "%": 2.684987,
      "v": 2130
    },
    "Municipality of Thermaikos": {
      "%": 6.0,
      "v": 150
    },
    "EL653": {
      "%": 3.107179,
      "v": 5830
    },
    "Municipality of Voula": {
      "%": 20.32401,
      "v": 1380
    },
    "Municipality of Eleftherio-Kordelio": {
      "%": 1.899441,
      "v": 170
    },
    "Municipality of Abelokipi": {
      "%": 3.31669,
      "v": 930
    },
    "Municipality of Elefsina": {
      "%": 2.547771,
      "v": 360
    },
    "Municipality of Acharnes": {
      "%": 2.628697,
      "v": 720
    },
    "Municipality of Echedoro": {
      "%": 2.339688,
      "v": 270
    },
    "Municipality of Aegaleo": {
      "%": 3.836654,
      "v": 2330
    },
    "EL511": {
      "%": 3.568295,
      "v": 3660
    },
    "Municipality of Dafni": {
      "%": 5.965083,
      "v": 1230
    },
    "Municipality of Aghia Paraskevi": {
      "%": 16.78556,
      "v": 4000
    },
    "Municipality of Cholargos": {
      "%": 21.0252,
      "v": 4840
    },
    "Municipality of Aghia Varvara": {
      "%": 1.957041,
      "v": 410
    },
    "Municipality of Thessaloniki": {
      "%": 11.79314,
      "v": 35870
    },
    "Municipality of Chalandri": {
      "%": 16.68349,
      "v": 6610
    },
    "Municipality of Aghii Anargyri": {
      "%": 4.828797,
      "v": 1100
    },
    "Municipality of Chaidari": {
      "%": 4.799711,
      "v": 1330
    },
    "Municipality of Aghios Dimitrios": {
      "%": 3.948429,
      "v": 1470
    },
    "Municipality of Athens": {
      "%": 15.34494,
      "v": 103230
    },
    "Municipality of Alimos": {
      "%": 11.68437,
      "v": 2310
    },
    "EL512": {
      "%": 3.360259,
      "v": 2080
    },
    "Municipality of Aspropyrgos": {
      "%": 2.142857,
      "v": 180
    },
    "Municipality of Zografos": {
      "%": 15.08037,
      "v": 9570
    },
    "Municipality of Megara": {
      "%": 2.359882,
      "v": 320
    }
  }
}