{
  "original_file": "Greece_1981.csv",
  "year": 1981,
  "country": "GR",
  "var": "ed_isced_0to2_f",
  "data": {
    "EL301": {
      "%": 61.221348,
      "v": 75590
    },
    "EL302": {
      "%": 82.699242,
      "v": 133030
    },
    "EL303": {
      "%": 56.316383,
      "v": 310720
    },
    "EL304": {
      "%": 61.016846,
      "v": 98170
    },
    "EL305": {
      "%": 78.903015,
      "v": 53370
    },
    "EL306": {
      "%": 88.2705,
      "v": 29500
    },
    "EL307": {
      "%": 78.524696,
      "v": 162020
    },
    "EL411": {
      "%": 90.488739,
      "v": 37770
    },
    "EL412": {
      "%": 89.786964,
      "v": 14330
    },
    "EL413": {
      "%": 85.792076,
      "v": 17330
    },
    "EL421": {
      "%": 86.245277,
      "v": 41070
    },
    "EL422": {
      "%": 89.993805,
      "v": 29050
    },
    "EL431": {
      "%": 84.930374,
      "v": 71970
    },
    "EL432": {
      "%": 87.750557,
      "v": 23640
    },
    "EL433": {
      "%": 88.051949,
      "v": 20340
    },
    "EL434": {
      "%": 83.037476,
      "v": 37890
    },
    "EL511": {
      "%": 89.83242,
      "v": 47710
    },
    "EL512": {
      "%": 92.021111,
      "v": 29640
    },
    "EL513": {
      "%": 93.236366,
      "v": 38460
    },
    "EL514": {
      "%": 89.146004,
      "v": 32360
    },
    "EL515": {
      "%": 87.189842,
      "v": 45330
    },
    "EL521": {
      "%": 89.379623,
      "v": 43510
    },
    "EL522": {
      "%": 73.697754,
      "v": 246320
    },
    "EL523": {
      "%": 93.630135,
      "v": 27340
    },
    "EL524": {
      "%": 91.374443,
      "v": 45340
    },
    "EL525": {
      "%": 89.10714,
      "v": 34930
    },
    "EL526": {
      "%": 91.567245,
      "v": 67540
    },
    "EL527": {
      "%": 91.484268,
      "v": 26750
    },
    "EL531": {
      "%": 89.482399,
      "v": 59470
    },
    "EL532": {
      "%": 90.154922,
      "v": 18040
    },
    "EL533": {
      "%": 89.094551,
      "v": 17810
    },
    "EL541": {
      "%": 92.085205,
      "v": 47120
    },
    "EL542": {
      "%": 93.118973,
      "v": 14480
    },
    "EL543": {
      "%": 86.055847,
      "v": 47150
    },
    "EL611": {
      "%": 91.364143,
      "v": 90350
    },
    "EL612": {
      "%": 86.402863,
      "v": 82100
    },
    "EL613": {
      "%": 84.957001,
      "v": 60260
    },
    "EL621": {
      "%": 90.379524,
      "v": 10240
    },
    "EL622": {
      "%": 89.172783,
      "v": 35250
    },
    "EL623": {
      "%": 86.035316,
      "v": 10720
    },
    "EL624": {
      "%": 91.395348,
      "v": 7860
    },
    "EL631": {
      "%": 91.699608,
      "v": 74240
    },
    "EL632": {
      "%": 81.326279,
      "v": 79960
    },
    "EL633": {
      "%": 90.261848,
      "v": 52740
    },
    "EL641": {
      "%": 88.322052,
      "v": 36530
    },
    "EL642": {
      "%": 89.395874,
      "v": 62890
    },
    "EL643": {
      "%": 92.029755,
      "v": 8660
    },
    "EL644": {
      "%": 89.131149,
      "v": 53960
    },
    "EL645": {
      "%": 90.523689,
      "v": 14520
    },
    "EL651": {
      "%": 88.927101,
      "v": 64650
    },
    "EL652": {
      "%": 86.56163,
      "v": 37360
    },
    "EL653": {
      "%": 90.237846,
      "v": 87260
    }
  }
}