{
  "original_file": "Greece_1981.csv",
  "year": 1981,
  "country": "GR",
  "var": "ed_isced_6to8_f",
  "data": {
    "Municipality of Voula": {
      "%": 12.021858,
      "v": 440
    },
    "Municipality of Metamorfossi": {
      "%": 1.9202363,
      "v": 130
    },
    "EL524": {
      "%": 2.1362355,
      "v": 1060
    },
    "Municipality of Neapoli": {
      "%": 3.4208434,
      "v": 430
    },
    "EL613": {
      "%": 3.2144368,
      "v": 2280
    },
    "EL543": {
      "%": 3.5955467,
      "v": 1970
    },
    "EL612": {
      "%": 3.4203327,
      "v": 3250
    },
    "EL527": {
      "%": 2.359781,
      "v": 690
    },
    "Municipality of Ilio (Nea Liossia)": {
      "%": 2.0198171,
      "v": 530
    },
    "EL413": {
      "%": 1.6831683,
      "v": 340
    },
    "EL651": {
      "%": 2.4484181,
      "v": 1780
    },
    "Municipality of Stavroupoli": {
      "%": 1.9766397,
      "v": 220
    },
    "Rest of Prefecture East Attiki": {
      "%": 3.9867842,
      "v": 1810
    },
    "Municipality of Thermaikos": {
      "%": 5.3030305,
      "v": 70
    },
    "Municipality of Galatsi": {
      "%": 5.4773083,
      "v": 1050
    },
    "Municipality of Athens": {
      "%": 10.531363,
      "v": 38430
    },
    "Municipality of Aghios Dimitrios": {
      "%": 2.8496041,
      "v": 540
    },
    "EL641": {
      "%": 2.4903288,
      "v": 1030
    },
    "EL411": {
      "%": 2.0124581,
      "v": 840
    },
    "EL421": {
      "%": 2.7089458,
      "v": 1290
    },
    "Municipality of Zografos": {
      "%": 10.655493,
      "v": 3560
    },
    "EL652": {
      "%": 2.9425395,
      "v": 1270
    },
    "Municipality of Cholargos": {
      "%": 12.779552,
      "v": 1600
    },
    "Municipality of Thessaloniki": {
      "%": 9.0981398,
      "v": 14870
    },
    "Municipality of Amaroussio": {
      "%": 9.5159512,
      "v": 1730
    },
    "Municipality of Aspropyrgos": {
      "%": 1.8691589,
      "v": 80
    },
    "Municipality of Petroupoli": {
      "%": 3.4965036,
      "v": 350
    },
    "Municipality of Nikea": {
      "%": 2.0769014,
      "v": 740
    },
    "Municipality of Abelokipi": {
      "%": 2.7139876,
      "v": 390
    },
    "EL512": {
      "%": 2.3595157,
      "v": 760
    },
    "EL523": {
      "%": 1.6438357,
      "v": 480
    },
    "EL542": {
      "%": 1.9292605,
      "v": 300
    },
    "Municipality of Paleo Faliro": {
      "%": 7.6637249,
      "v": 1650
    },
    "EL541": {
      "%": 2.67735,
      "v": 1370
    },
    "EL631": {
      "%": 2.1862648,
      "v": 1770
    },
    "EL533": {
      "%": 3.0015008,
      "v": 600
    },
    "EL531": {
      "%": 2.6181161,
      "v": 1740
    },
    "Municipality of Salamina": {
      "%": 1.5109891,
      "v": 110
    },
    "EL623": {
      "%": 2.3274479,
      "v": 290
    },
    "Municipality of Perama": {
      "%": 2.3142509,
      "v": 190
    },
    "Rest of Department Thessaloniki": {
      "%": 1.9769357,
      "v": 1320
    },
    "EL633": {
      "%": 2.2591136,
      "v": 1320
    },
    "Municipality of Dafni": {
      "%": 3.5648994,
      "v": 390
    },
    "Municipality of Ano Liossia": {
      "%": 1.0619469,
      "v": 60
    },
    "Municipality of Polichni": {
      "%": 1.5513127,
      "v": 130
    },
    "Municipality of Nea Philadelfia": {
      "%": 3.9840639,
      "v": 400
    },
    "EL621": {
      "%": 3.2656665,
      "v": 370
    },
    "Municipality of Kalamaria": {
      "%": 5.4671969,
      "v": 1100
    },
    "Municipality of Argyroupoli": {
      "%": 4.6343975,
      "v": 450
    },
    "Municipality of Pylea": {
      "%": 3.7296038,
      "v": 160
    },
    "Municipality of Iraklio": {
      "%": 7.0289855,
      "v": 970
    },
    "Municipality of Megara": {
      "%": 1.3293943,
      "v": 90
    },
    "Municipality of Koropi": {
      "%": 2.7542372,
      "v": 130
    },
    "EL643": {
      "%": 2.5504782,
      "v": 240
    },
    "Municipality of Kessariani": {
      "%": 6.5326633,
      "v": 780
    },
    "EL645": {
      "%": 1.7456359,
      "v": 280
    },
    "Municipality of Kifissia": {
      "%": 10.681245,
      "v": 1270
    },
    "EL624": {
      "%": 2.9069767,
      "v": 250
    },
    "EL642": {
      "%": 2.0753376,
      "v": 1460
    },
    "EL611": {
      "%": 2.2348063,
      "v": 2210
    },
    "Municipality of Sykees": {
      "%": 1.5899582,
      "v": 190
    },
    "Municipality of Aghii Anargyri": {
      "%": 2.7095683,
      "v": 320
    },
    "EL622": {
      "%": 2.706805,
      "v": 1070
    },
    "Municipality of Moschato": {
      "%": 4.8974943,
      "v": 430
    },
    "Municipality of Evosmo": {
      "%": 0.8519702,
      "v": 80
    },
    "EL644": {
      "%": 2.5602908,
      "v": 1550
    },
    "Municipality of Peristeri": {
      "%": 2.503396,
      "v": 1290
    },
    "Municipality of Acharnes": {
      "%": 1.8759018,
      "v": 260
    },
    "EL514": {
      "%": 2.5619836,
      "v": 930
    },
    "Rest of Prefecture Athens": {
      "%": 10.83089,
      "v": 5540
    },
    "EL432": {
      "%": 3.0438011,
      "v": 820
    },
    "Rest of Prefecture Pireas": {
      "%": 2.2852931,
      "v": 620
    },
    "Municipality of Echedoro": {
      "%": 2.2108843,
      "v": 130
    },
    "EL433": {
      "%": 2.7705629,
      "v": 640
    },
    "EL513": {
      "%": 1.6,
      "v": 660
    },
    "Municipality of Kallithea": {
      "%": 6.9175777,
      "v": 3290
    },
    "EL521": {
      "%": 2.2801971,
      "v": 1110
    },
    "EL632": {
      "%": 3.7733929,
      "v": 3710
    },
    "EL526": {
      "%": 2.2912147,
      "v": 1690
    },
    "Municipality of Nea Smyrni": {
      "%": 10.518885,
      "v": 2980
    },
    "Municipality of Aegaleo": {
      "%": 2.7140548,
      "v": 840
    },
    "EL525": {
      "%": 3.0357144,
      "v": 1190
    },
    "Municipality of Korydallos": {
      "%": 3.0715227,
      "v": 700
    },
    "Municipality of Aghia Paraskevi": {
      "%": 13.132912,
      "v": 1660
    },
    "EL422": {
      "%": 1.889715,
      "v": 610
    },
    "Municipality of Nea Ionia": {
      "%": 3.6773925,
      "v": 880
    },
    "Municipality of Vrilissia": {
      "%": 7.6655054,
      "v": 220
    },
    "Municipality of Ilioupoli": {
      "%": 4.3445692,
      "v": 1160
    },
    "EL431": {
      "%": 3.6582487,
      "v": 3100
    },
    "EL434": {
      "%": 3.7694499,
      "v": 1720
    },
    "Municipality of Eleftherio-Kordelio": {
      "%": 0.64935064,
      "v": 30
    },
    "Municipality of Pireas": {
      "%": 4.7798905,
      "v": 3670
    },
    "Municipality of Glyfada": {
      "%": 6.2656641,
      "v": 1000
    },
    "Municipality of Vyron": {
      "%": 6.0051107,
      "v": 1410
    },
    "Municipality of Aghia Varvara": {
      "%": 1.3084112,
      "v": 140
    },
    "EL515": {
      "%": 3.0775149,
      "v": 1600
    },
    "Municipality of Keratsini": {
      "%": 1.5783936,
      "v": 450
    },
    "Rest of Prefecture West Attiki": {
      "%": 2.3012552,
      "v": 220
    },
    "Municipality of Chalandri": {
      "%": 11.164351,
      "v": 2330
    },
    "Municipality of Elefsina": {
      "%": 1.5363128,
      "v": 110
    },
    "Municipality of Kamatero": {
      "%": 1.081081,
      "v": 60
    },
    "EL653": {
      "%": 1.9855223,
      "v": 1920
    },
    "Municipality of Chaidari": {
      "%": 2.9850745,
      "v": 420
    },
    "Municipality of Alimos": {
      "%": 8.4409132,
      "v": 850
    },
    "EL532": {
      "%": 3.0484757,
      "v": 610
    },
    "EL511": {
      "%": 2.5983808,
      "v": 1380
    },
    "EL412": {
      "%": 2.1303258,
      "v": 340
    }
  }
}