{
  "original_file": "Greece_1981.csv",
  "year": 1981,
  "country": "GR",
  "var": "ed_isced_6to8",
  "data": {
    "EL300": {
      "%": 9.9942226,
      "v": 247400
    },
    "EL411": {
      "%": 3.4275706,
      "v": 2740
    },
    "EL412": {
      "%": 3.5335689,
      "v": 1100
    },
    "EL413": {
      "%": 3.4341364,
      "v": 1340
    },
    "EL421": {
      "%": 4.889607,
      "v": 4540
    },
    "EL422": {
      "%": 2.9955678,
      "v": 1960
    },
    "EL431": {
      "%": 4.5756049,
      "v": 7450
    },
    "EL432": {
      "%": 4.6010485,
      "v": 2370
    },
    "EL433": {
      "%": 3.989182,
      "v": 1770
    },
    "EL434": {
      "%": 5.0142126,
      "v": 4410
    },
    "EL511": {
      "%": 3.5682948,
      "v": 3660
    },
    "EL512": {
      "%": 3.3602586,
      "v": 2080
    },
    "EL513": {
      "%": 2.6849868,
      "v": 2130
    },
    "EL514": {
      "%": 3.3314021,
      "v": 2300
    },
    "EL515": {
      "%": 4.1764288,
      "v": 4100
    },
    "EL521": {
      "%": 3.0376799,
      "v": 2870
    },
    "EL522": {
      "%": 7.4165092,
      "v": 47080
    },
    "EL523": {
      "%": 2.2626047,
      "v": 1270
    },
    "EL524": {
      "%": 2.7068913,
      "v": 2620
    },
    "EL525": {
      "%": 4.0481544,
      "v": 3060
    },
    "EL526": {
      "%": 3.0079932,
      "v": 4290
    },
    "EL527": {
      "%": 3.0763972,
      "v": 1800
    },
    "EL531": {
      "%": 3.8258069,
      "v": 4990
    },
    "EL532": {
      "%": 3.5557847,
      "v": 1380
    },
    "EL533": {
      "%": 3.6097305,
      "v": 1380
    },
    "EL541": {
      "%": 3.6197255,
      "v": 3560
    },
    "EL542": {
      "%": 3.2008085,
      "v": 950
    },
    "EL543": {
      "%": 5.1761799,
      "v": 5450
    },
    "EL611": {
      "%": 3.0830536,
      "v": 5880
    },
    "EL612": {
      "%": 4.5193453,
      "v": 8340
    },
    "EL613": {
      "%": 4.5724463,
      "v": 6160
    },
    "EL621": {
      "%": 3.080986,
      "v": 700
    },
    "EL622": {
      "%": 3.8280091,
      "v": 2840
    },
    "EL623": {
      "%": 3.7267082,
      "v": 900
    },
    "EL624": {
      "%": 3.8228154,
      "v": 630
    },
    "EL631": {
      "%": 3.0242455,
      "v": 4690
    },
    "EL632": {
      "%": 5.0282807,
      "v": 9690
    },
    "EL633": {
      "%": 3.0440471,
      "v": 3490
    },
    "EL641": {
      "%": 3.6761115,
      "v": 3010
    },
    "EL642": {
      "%": 3.4968607,
      "v": 4790
    },
    "EL643": {
      "%": 4.0694518,
      "v": 750
    },
    "EL644": {
      "%": 3.8097672,
      "v": 4470
    },
    "EL645": {
      "%": 3.1639502,
      "v": 990
    },
    "EL651": {
      "%": 3.7031901,
      "v": 5340
    },
    "EL652": {
      "%": 4.0726089,
      "v": 3500
    },
    "EL653": {
      "%": 3.1071789,
      "v": 5830
    }
  }
}