{
  "original_file": "Greece_1981.csv",
  "year": 1981,
  "country": "GR",
  "var": "ed_isced_0to2_m_25to34",
  "data": {
    "Municipality of Voula": {
      "%": 32.758621,
      "v": 190
    },
    "Municipality of Metamorfossi": {
      "%": 71.653542,
      "v": 910
    },
    "EL524": {
      "%": 76.723015,
      "v": 5900
    },
    "Municipality of Neapoli": {
      "%": 67.622948,
      "v": 1650
    },
    "EL613": {
      "%": 64.608292,
      "v": 7010
    },
    "EL543": {
      "%": 70.595535,
      "v": 5690
    },
    "EL612": {
      "%": 68.344368,
      "v": 10320
    },
    "EL527": {
      "%": 79.671455,
      "v": 3880
    },
    "Municipality of Ilio (Nea Liossia)": {
      "%": 72.495445,
      "v": 3980
    },
    "EL413": {
      "%": 57.342659,
      "v": 1640
    },
    "EL651": {
      "%": 69.365852,
      "v": 7110
    },
    "Municipality of Stavroupoli": {
      "%": 72.803345,
      "v": 1740
    },
    "Rest of Prefecture East Attiki": {
      "%": 65.580185,
      "v": 5030
    },
    "Municipality of Thermaikos": {
      "%": 61.53846,
      "v": 80
    },
    "Municipality of Galatsi": {
      "%": 57.575756,
      "v": 2470
    },
    "Municipality of Athens": {
      "%": 39.937599,
      "v": 25600
    },
    "Municipality of Aghios Dimitrios": {
      "%": 66.404198,
      "v": 2530
    },
    "EL641": {
      "%": 70.071945,
      "v": 4870
    },
    "EL411": {
      "%": 73.32016,
      "v": 3710
    },
    "EL421": {
      "%": 68.445259,
      "v": 7440
    },
    "Municipality of Zografos": {
      "%": 35.160427,
      "v": 2630
    },
    "EL652": {
      "%": 69.506729,
      "v": 4650
    },
    "Municipality of Cholargos": {
      "%": 21.276596,
      "v": 400
    },
    "Municipality of Thessaloniki": {
      "%": 39.542603,
      "v": 10720
    },
    "Municipality of Amaroussio": {
      "%": 42.80822,
      "v": 1250
    },
    "Municipality of Aspropyrgos": {
      "%": 68.253967,
      "v": 430
    },
    "Municipality of Petroupoli": {
      "%": 71.859299,
      "v": 1430
    },
    "Municipality of Nikea": {
      "%": 64.364204,
      "v": 4100
    },
    "Municipality of Abelokipi": {
      "%": 68.09816,
      "v": 2220
    },
    "EL512": {
      "%": 76.794655,
      "v": 4600
    },
    "EL523": {
      "%": 74.848488,
      "v": 2470
    },
    "EL542": {
      "%": 73.134331,
      "v": 1960
    },
    "Municipality of Paleo Faliro": {
      "%": 37.536655,
      "v": 1280
    },
    "EL541": {
      "%": 78.020569,
      "v": 6070
    },
    "EL631": {
      "%": 78.145699,
      "v": 9440
    },
    "EL533": {
      "%": 71.647507,
      "v": 1870
    },
    "EL531": {
      "%": 69.816513,
      "v": 7610
    },
    "Municipality of Salamina": {
      "%": 71.052635,
      "v": 810
    },
    "EL623": {
      "%": 67.901237,
      "v": 1100
    },
    "Municipality of Perama": {
      "%": 73.410408,
      "v": 1270
    },
    "Rest of Department Thessaloniki": {
      "%": 77.828056,
      "v": 8600
    },
    "EL633": {
      "%": 77.566963,
      "v": 6950
    },
    "Municipality of Dafni": {
      "%": 56.68449,
      "v": 1060
    },
    "Municipality of Ano Liossia": {
      "%": 81.981979,
      "v": 910
    },
    "Municipality of Polichni": {
      "%": 77.868851,
      "v": 950
    },
    "Municipality of Nea Philadelfia": {
      "%": 54.748604,
      "v": 980
    },
    "EL621": {
      "%": 78.571426,
      "v": 1430
    },
    "Municipality of Kalamaria": {
      "%": 51.351353,
      "v": 1710
    },
    "Municipality of Argyroupoli": {
      "%": 57.894737,
      "v": 880
    },
    "Municipality of Pylea": {
      "%": 56.790123,
      "v": 460
    },
    "Municipality of Iraklio": {
      "%": 51.245552,
      "v": 1440
    },
    "Municipality of Megara": {
      "%": 80.341881,
      "v": 940
    },
    "Municipality of Koropi": {
      "%": 70.114944,
      "v": 610
    },
    "EL643": {
      "%": 54.761906,
      "v": 690
    },
    "Municipality of Kessariani": {
      "%": 48.82629,
      "v": 1040
    },
    "EL645": {
      "%": 69.948189,
      "v": 1350
    },
    "Municipality of Kifissia": {
      "%": 36.746986,
      "v": 610
    },
    "EL624": {
      "%": 76.237625,
      "v": 770
    },
    "EL642": {
      "%": 73.773415,
      "v": 8270
    },
    "EL611": {
      "%": 79.085403,
      "v": 11760
    },
    "Municipality of Sykees": {
      "%": 71.721313,
      "v": 1750
    },
    "Municipality of Aghii Anargyri": {
      "%": 64.0,
      "v": 1600
    },
    "EL622": {
      "%": 77.022057,
      "v": 4190
    },
    "Municipality of Moschato": {
      "%": 47.297298,
      "v": 700
    },
    "Municipality of Evosmo": {
      "%": 77.049179,
      "v": 1410
    },
    "EL644": {
      "%": 67.131981,
      "v": 5290
    },
    "Municipality of Peristeri": {
      "%": 71.696426,
      "v": 8030
    },
    "Municipality of Acharnes": {
      "%": 77.95031,
      "v": 2510
    },
    "EL514": {
      "%": 72.134384,
      "v": 3650
    },
    "Rest of Prefecture Athens": {
      "%": 44.23077,
      "v": 3450
    },
    "EL432": {
      "%": 64.646461,
      "v": 2560
    },
    "Rest of Prefecture Pireas": {
      "%": 72.297295,
      "v": 3210
    },
    "Municipality of Echedoro": {
      "%": 81.372551,
      "v": 830
    },
    "EL433": {
      "%": 70.39106,
      "v": 2520
    },
    "EL513": {
      "%": 84.417343,
      "v": 6230
    },
    "Municipality of Kallithea": {
      "%": 44.25864,
      "v": 3970
    },
    "EL521": {
      "%": 73.479317,
      "v": 6040
    },
    "EL632": {
      "%": 67.153709,
      "v": 11490
    },
    "EL526": {
      "%": 76.92308,
      "v": 8300
    },
    "Municipality of Nea Smyrni": {
      "%": 31.306307,
      "v": 1390
    },
    "Municipality of Aegaleo": {
      "%": 66.878983,
      "v": 4200
    },
    "EL525": {
      "%": 75.613747,
      "v": 4620
    },
    "Municipality of Korydallos": {
      "%": 63.31237,
      "v": 3020
    },
    "Municipality of Aghia Paraskevi": {
      "%": 38.219894,
      "v": 730
    },
    "EL422": {
      "%": 71.084335,
      "v": 4130
    },
    "Municipality of Nea Ionia": {
      "%": 66.906471,
      "v": 2790
    },
    "Municipality of Vrilissia": {
      "%": 31.111111,
      "v": 140
    },
    "Municipality of Ilioupoli": {
      "%": 54.343433,
      "v": 2690
    },
    "EL431": {
      "%": 71.962616,
      "v": 10010
    },
    "EL434": {
      "%": 63.076923,
      "v": 4510
    },
    "Municipality of Eleftherio-Kordelio": {
      "%": 73.333336,
      "v": 770
    },
    "Municipality of Pireas": {
      "%": 47.963104,
      "v": 6240
    },
    "Municipality of Glyfada": {
      "%": 41.515152,
      "v": 1370
    },
    "Municipality of Vyron": {
      "%": 46.753246,
      "v": 1800
    },
    "Municipality of Aghia Varvara": {
      "%": 76.165802,
      "v": 1470
    },
    "EL515": {
      "%": 71.927551,
      "v": 5560
    },
    "Municipality of Keratsini": {
      "%": 68.342644,
      "v": 3670
    },
    "Rest of Prefecture West Attiki": {
      "%": 78.527611,
      "v": 1280
    },
    "Municipality of Chalandri": {
      "%": 38.550724,
      "v": 1330
    },
    "Municipality of Elefsina": {
      "%": 74.838707,
      "v": 1160
    },
    "Municipality of Kamatero": {
      "%": 81.914894,
      "v": 770
    },
    "EL653": {
      "%": 71.286308,
      "v": 8590
    },
    "Municipality of Chaidari": {
      "%": 61.188812,
      "v": 1750
    },
    "Municipality of Alimos": {
      "%": 39.037434,
      "v": 730
    },
    "EL532": {
      "%": 80.16304,
      "v": 2950
    },
    "EL511": {
      "%": 75.41568,
      "v": 6350
    },
    "EL412": {
      "%": 68.75,
      "v": 1430
    }
  }
}