{
  "original_file": "Greece_1981.csv",
  "year": 1981,
  "country": "GR",
  "var": "ed_isced_0to2",
  "data": {
    "EL621": {
      "%": 90.44894,
      "v": 20550
    },
    "Municipality of Korydallos": {
      "%": 76.1851,
      "v": 33750
    },
    "EL622": {
      "%": 87.31635,
      "v": 64780
    },
    "Municipality of Koropi": {
      "%": 81.78914,
      "v": 7680
    },
    "EL623": {
      "%": 84.38924,
      "v": 20380
    },
    "EL432": {
      "%": 85.75034,
      "v": 44170
    },
    "Municipality of Kifissia": {
      "%": 46.7713,
      "v": 10430
    },
    "EL624": {
      "%": 89.86651,
      "v": 14810
    },
    "EL412": {
      "%": 86.70094,
      "v": 26990
    },
    "Municipality of Kessariani": {
      "%": 66.93803,
      "v": 14800
    },
    "EL631": {
      "%": 90.17281,
      "v": 139840
    },
    "Municipality of Vyron": {
      "%": 63.39184,
      "v": 27810
    },
    "Municipality of Keratsini": {
      "%": 81.97076,
      "v": 45420
    },
    "EL632": {
      "%": 79.11369,
      "v": 152460
    },
    "Municipality of Kamatero": {
      "%": 89.53168,
      "v": 9750
    },
    "EL633": {
      "%": 89.0013,
      "v": 102040
    },
    "Municipality of Kallithea": {
      "%": 57.49129,
      "v": 51150
    },
    "EL641": {
      "%": 86.45579,
      "v": 70790
    },
    "EL433": {
      "%": 87.01826,
      "v": 38610
    },
    "Municipality of Kalamaria": {
      "%": 70.53024,
      "v": 26470
    },
    "EL642": {
      "%": 87.39962,
      "v": 119720
    },
    "EL411": {
      "%": 88.5414,
      "v": 70780
    },
    "Municipality of Iraklio": {
      "%": 64.27498,
      "v": 17110
    },
    "EL643": {
      "%": 88.71405,
      "v": 16350
    },
    "Municipality of Vrilissia": {
      "%": 56.61765,
      "v": 3080
    },
    "Municipality of Ilioupoli": {
      "%": 66.46543,
      "v": 34130
    },
    "EL644": {
      "%": 86.38882,
      "v": 101360
    },
    "Municipality of Ilio (Nea Liossia)": {
      "%": 82.00425,
      "v": 42470
    },
    "EL645": {
      "%": 87.59987,
      "v": 27410
    },
    "Municipality of Glyfada": {
      "%": 57.66471,
      "v": 17680
    },
    "EL651": {
      "%": 87.15672,
      "v": 125680
    },
    "EL434": {
      "%": 81.46674,
      "v": 71650
    },
    "Municipality of Galatsi": {
      "%": 68.0718,
      "v": 25030
    },
    "EL652": {
      "%": 84.16337,
      "v": 72330
    },
    "Rest of Prefecture Pireas": {
      "%": 84.39098,
      "v": 44550
    },
    "Municipality of Evosmo": {
      "%": 89.83784,
      "v": 16620
    },
    "Municipality of Ano Liossia": {
      "%": 91.33574,
      "v": 10120
    },
    "Municipality of Argyroupoli": {
      "%": 72.64818,
      "v": 13360
    },
    "Municipality of Amaroussio": {
      "%": 53.59859,
      "v": 18320
    },
    "EL613": {
      "%": 82.56384,
      "v": 111230
    },
    "Municipality of Metamorfossi": {
      "%": 83.75479,
      "v": 10930
    },
    "EL612": {
      "%": 84.21481,
      "v": 155410
    },
    "Municipality of Moschato": {
      "%": 68.10611,
      "v": 11040
    },
    "EL431": {
      "%": 83.97617,
      "v": 136730
    },
    "EL611": {
      "%": 90.20029,
      "v": 172030
    },
    "Municipality of Nea Ionia": {
      "%": 76.06704,
      "v": 34040
    },
    "EL543": {
      "%": 83.79713,
      "v": 88230
    },
    "Municipality of Nea Philadelfia": {
      "%": 67.7673,
      "v": 12930
    },
    "EL542": {
      "%": 90.59973,
      "v": 26890
    },
    "Municipality of Nea Smyrni": {
      "%": 45.04762,
      "v": 23650
    },
    "Rest of Department Thessaloniki": {
      "%": 89.14522,
      "v": 116700
    },
    "EL541": {
      "%": 90.04575,
      "v": 88560
    },
    "Municipality of Neapoli": {
      "%": 80.0922,
      "v": 19110
    },
    "EL533": {
      "%": 87.99372,
      "v": 33640
    },
    "Municipality of Nikea": {
      "%": 80.67202,
      "v": 55220
    },
    "EL422": {
      "%": 88.49152,
      "v": 57900
    },
    "EL532": {
      "%": 89.92528,
      "v": 34900
    },
    "Municipality of Paleo Faliro": {
      "%": 49.54512,
      "v": 20150
    },
    "EL531": {
      "%": 87.38787,
      "v": 113980
    },
    "Municipality of Perama": {
      "%": 85.28325,
      "v": 13850
    },
    "EL527": {
      "%": 90.25807,
      "v": 52810
    },
    "Municipality of Peristeri": {
      "%": 81.40549,
      "v": 82130
    },
    "Rest of Prefecture Athens": {
      "%": 52.41725,
      "v": 50200
    },
    "EL526": {
      "%": 90.49222,
      "v": 129060
    },
    "Municipality of Petroupoli": {
      "%": 78.40909,
      "v": 15180
    },
    "Rest of Prefecture West Attiki": {
      "%": 86.27039,
      "v": 16400
    },
    "EL525": {
      "%": 87.86877,
      "v": 66420
    },
    "Municipality of Pireas": {
      "%": 65.58267,
      "v": 95390
    },
    "EL421": {
      "%": 83.50027,
      "v": 77530
    },
    "EL524": {
      "%": 90.16428,
      "v": 87270
    },
    "Municipality of Polichni": {
      "%": 87.82771,
      "v": 14070
    },
    "EL523": {
      "%": 91.71566,
      "v": 51480
    },
    "Municipality of Pylea": {
      "%": 72.2807,
      "v": 6180
    },
    "EL521": {
      "%": 87.77519,
      "v": 82930
    },
    "Municipality of Salamina": {
      "%": 84.84006,
      "v": 12200
    },
    "Rest of Prefecture East Attiki": {
      "%": 76.42124,
      "v": 69230
    },
    "EL515": {
      "%": 85.48437,
      "v": 83920
    },
    "Municipality of Stavroupoli": {
      "%": 85.99148,
      "v": 18170
    },
    "EL514": {
      "%": 88.06489,
      "v": 60800
    },
    "Municipality of Sykees": {
      "%": 84.1627,
      "v": 19450
    },
    "EL413": {
      "%": 82.06048,
      "v": 32020
    },
    "EL513": {
      "%": 91.95764,
      "v": 72950
    },
    "Municipality of Thermaikos": {
      "%": 80.0,
      "v": 2000
    },
    "EL653": {
      "%": 87.99766,
      "v": 165110
    },
    "Municipality of Voula": {
      "%": 42.41532,
      "v": 2880
    },
    "Municipality of Eleftherio-Kordelio": {
      "%": 87.48603,
      "v": 7830
    },
    "Municipality of Abelokipi": {
      "%": 80.52782,
      "v": 22580
    },
    "Municipality of Elefsina": {
      "%": 83.72257,
      "v": 11830
    },
    "Municipality of Acharnes": {
      "%": 85.90726,
      "v": 23530
    },
    "Municipality of Echedoro": {
      "%": 90.81456,
      "v": 10480
    },
    "Municipality of Aegaleo": {
      "%": 79.10423,
      "v": 48040
    },
    "EL511": {
      "%": 88.7394,
      "v": 91020
    },
    "Municipality of Dafni": {
      "%": 68.91367,
      "v": 14210
    },
    "Municipality of Aghia Paraskevi": {
      "%": 50.86026,
      "v": 12120
    },
    "Municipality of Cholargos": {
      "%": 39.87837,
      "v": 9180
    },
    "Municipality of Aghia Varvara": {
      "%": 85.77566,
      "v": 17970
    },
    "Municipality of Thessaloniki": {
      "%": 57.14427,
      "v": 173810
    },
    "Municipality of Chalandri": {
      "%": 51.89298,
      "v": 20560
    },
    "Municipality of Aghii Anargyri": {
      "%": 77.08516,
      "v": 17560
    },
    "Municipality of Chaidari": {
      "%": 74.66618,
      "v": 20690
    },
    "Municipality of Aghios Dimitrios": {
      "%": 78.40451,
      "v": 29190
    },
    "Municipality of Athens": {
      "%": 49.84764,
      "v": 335340
    },
    "Municipality of Alimos": {
      "%": 52.60496,
      "v": 10400
    },
    "EL512": {
      "%": 89.85461,
      "v": 55620
    },
    "Municipality of Aspropyrgos": {
      "%": 86.42857,
      "v": 7260
    },
    "Municipality of Zografos": {
      "%": 49.98424,
      "v": 31720
    },
    "Municipality of Megara": {
      "%": 87.9056,
      "v": 11920
    }
  }
}