{
  "original_file": "Greece_1981.csv",
  "year": 1981,
  "country": "GR",
  "var": "ed_isced_3to5_m",
  "data": {
    "EL621": {
      "%": 6.584723,
      "v": 750
    },
    "Municipality of Korydallos": {
      "%": 21.57136,
      "v": 4640
    },
    "EL622": {
      "%": 9.694172,
      "v": 3360
    },
    "Municipality of Koropi": {
      "%": 11.99144,
      "v": 560
    },
    "EL623": {
      "%": 12.14713,
      "v": 1420
    },
    "EL432": {
      "%": 10.13431,
      "v": 2490
    },
    "Municipality of Kifissia": {
      "%": 26.89721,
      "v": 2800
    },
    "EL624": {
      "%": 6.979695,
      "v": 550
    },
    "EL412": {
      "%": 11.53593,
      "v": 1750
    },
    "Municipality of Kessariani": {
      "%": 25.07375,
      "v": 2550
    },
    "EL631": {
      "%": 7.555315,
      "v": 5600
    },
    "Municipality of Vyron": {
      "%": 29.52428,
      "v": 6020
    },
    "Municipality of Keratsini": {
      "%": 16.20818,
      "v": 4360
    },
    "EL632": {
      "%": 16.8556,
      "v": 15910
    },
    "Municipality of Kamatero": {
      "%": 11.04869,
      "v": 590
    },
    "EL633": {
      "%": 8.448951,
      "v": 4750
    },
    "Municipality of Kallithea": {
      "%": 32.16615,
      "v": 13320
    },
    "EL641": {
      "%": 10.56269,
      "v": 4280
    },
    "EL433": {
      "%": 8.791725,
      "v": 1870
    },
    "Municipality of Kalamaria": {
      "%": 20.39058,
      "v": 3550
    },
    "EL642": {
      "%": 9.71034,
      "v": 6470
    },
    "EL411": {
      "%": 8.612565,
      "v": 3290
    },
    "Municipality of Iraklio": {
      "%": 27.22309,
      "v": 3490
    },
    "EL643": {
      "%": 9.090909,
      "v": 820
    },
    "Municipality of Vrilissia": {
      "%": 31.1284,
      "v": 800
    },
    "Municipality of Ilioupoli": {
      "%": 26.16633,
      "v": 6450
    },
    "EL644": {
      "%": 11.39285,
      "v": 6470
    },
    "Municipality of Ilio (Nea Liossia)": {
      "%": 14.91194,
      "v": 3810
    },
    "EL645": {
      "%": 10.81967,
      "v": 1650
    },
    "Municipality of Glyfada": {
      "%": 31.36054,
      "v": 4610
    },
    "EL651": {
      "%": 9.664335,
      "v": 6910
    },
    "EL434": {
      "%": 13.87051,
      "v": 5870
    },
    "Municipality of Galatsi": {
      "%": 23.69318,
      "v": 4170
    },
    "EL652": {
      "%": 13.04348,
      "v": 5580
    },
    "Rest of Prefecture Pireas": {
      "%": 12.86048,
      "v": 3300
    },
    "Municipality of Evosmo": {
      "%": 9.440176,
      "v": 860
    },
    "Municipality of Ano Liossia": {
      "%": 7.734807,
      "v": 420
    },
    "Municipality of Argyroupoli": {
      "%": 22.46544,
      "v": 1950
    },
    "Municipality of Amaroussio": {
      "%": 29.0,
      "v": 4640
    },
    "EL613": {
      "%": 14.01474,
      "v": 8940
    },
    "Municipality of Metamorfossi": {
      "%": 14.01274,
      "v": 880
    },
    "EL612": {
      "%": 12.42181,
      "v": 11120
    },
    "Municipality of Moschato": {
      "%": 25.97577,
      "v": 1930
    },
    "EL431": {
      "%": 11.48822,
      "v": 8970
    },
    "EL611": {
      "%": 7.056518,
      "v": 6480
    },
    "Municipality of Nea Ionia": {
      "%": 19.88473,
      "v": 4140
    },
    "EL543": {
      "%": 11.76238,
      "v": 5940
    },
    "Municipality of Nea Philadelfia": {
      "%": 25.77434,
      "v": 2330
    },
    "EL542": {
      "%": 7.572541,
      "v": 1070
    },
    "Municipality of Nea Smyrni": {
      "%": 36.90525,
      "v": 8920
    },
    "Rest of Department Thessaloniki": {
      "%": 8.824447,
      "v": 5660
    },
    "EL541": {
      "%": 7.524375,
      "v": 3550
    },
    "Municipality of Neapoli": {
      "%": 16.65191,
      "v": 1880
    },
    "EL533": {
      "%": 8.936403,
      "v": 1630
    },
    "Municipality of Nikea": {
      "%": 18.2206,
      "v": 5980
    },
    "EL422": {
      "%": 8.898944,
      "v": 2950
    },
    "EL532": {
      "%": 6.223404,
      "v": 1170
    },
    "Municipality of Paleo Faliro": {
      "%": 34.43051,
      "v": 6590
    },
    "EL531": {
      "%": 9.707676,
      "v": 6210
    },
    "Municipality of Perama": {
      "%": 13.2005,
      "v": 1060
    },
    "EL527": {
      "%": 7.174582,
      "v": 2100
    },
    "Municipality of Peristeri": {
      "%": 16.45057,
      "v": 8120
    },
    "Rest of Prefecture Athens": {
      "%": 26.04213,
      "v": 11620
    },
    "EL526": {
      "%": 6.883532,
      "v": 4740
    },
    "Municipality of Petroupoli": {
      "%": 19.35829,
      "v": 1810
    },
    "Rest of Prefecture West Attiki": {
      "%": 12.48677,
      "v": 1180
    },
    "EL525": {
      "%": 8.326464,
      "v": 3030
    },
    "Municipality of Pireas": {
      "%": 28.46949,
      "v": 19550
    },
    "EL421": {
      "%": 12.20429,
      "v": 5520
    },
    "EL524": {
      "%": 7.801569,
      "v": 3680
    },
    "Municipality of Polichni": {
      "%": 10.34031,
      "v": 790
    },
    "EL523": {
      "%": 7.426661,
      "v": 2000
    },
    "Municipality of Pylea": {
      "%": 22.06573,
      "v": 940
    },
    "EL521": {
      "%": 10.08734,
      "v": 4620
    },
    "Municipality of Salamina": {
      "%": 14.92958,
      "v": 1060
    },
    "Rest of Prefecture East Attiki": {
      "%": 16.39743,
      "v": 7410
    },
    "EL515": {
      "%": 11.02209,
      "v": 5090
    },
    "Municipality of Stavroupoli": {
      "%": 12.9,
      "v": 1290
    },
    "EL514": {
      "%": 8.949298,
      "v": 2930
    },
    "Municipality of Sykees": {
      "%": 13.70968,
      "v": 1530
    },
    "EL413": {
      "%": 16.63124,
      "v": 3130
    },
    "EL513": {
      "%": 5.567227,
      "v": 2120
    },
    "Municipality of Thermaikos": {
      "%": 12.71186,
      "v": 150
    },
    "EL653": {
      "%": 10.08468,
      "v": 9170
    },
    "Municipality of Voula": {
      "%": 30.99042,
      "v": 970
    },
    "Municipality of Eleftherio-Kordelio": {
      "%": 12.93303,
      "v": 560
    },
    "Municipality of Abelokipi": {
      "%": 17.8493,
      "v": 2440
    },
    "Municipality of Elefsina": {
      "%": 13.19943,
      "v": 920
    },
    "Municipality of Acharnes": {
      "%": 12.12121,
      "v": 1640
    },
    "Municipality of Echedoro": {
      "%": 7.95053,
      "v": 450
    },
    "Municipality of Aegaleo": {
      "%": 18.87173,
      "v": 5620
    },
    "EL511": {
      "%": 7.824505,
      "v": 3870
    },
    "Municipality of Dafni": {
      "%": 25.72314,
      "v": 2490
    },
    "Municipality of Aghia Paraskevi": {
      "%": 32.26095,
      "v": 3610
    },
    "Municipality of Cholargos": {
      "%": 33.33333,
      "v": 3500
    },
    "Municipality of Aghia Varvara": {
      "%": 12.97561,
      "v": 1330
    },
    "Municipality of Thessaloniki": {
      "%": 32.23422,
      "v": 45360
    },
    "Municipality of Chalandri": {
      "%": 29.12,
      "v": 5460
    },
    "Municipality of Aghii Anargyri": {
      "%": 18.3227,
      "v": 2010
    },
    "Municipality of Chaidari": {
      "%": 21.48094,
      "v": 2930
    },
    "Municipality of Aghios Dimitrios": {
      "%": 17.77899,
      "v": 3250
    },
    "Municipality of Athens": {
      "%": 32.76915,
      "v": 100870
    },
    "Municipality of Alimos": {
      "%": 35.87629,
      "v": 3480
    },
    "EL512": {
      "%": 8.049849,
      "v": 2390
    },
    "Municipality of Aspropyrgos": {
      "%": 12.62136,
      "v": 520
    },
    "Municipality of Zografos": {
      "%": 34.84193,
      "v": 10470
    },
    "Municipality of Megara": {
      "%": 10.30928,
      "v": 700
    }
  }
}