{
  "original_file": "Greece_1981.csv",
  "year": 1981,
  "country": "GR",
  "var": "ed_isced_0to2_f",
  "data": {
    "EL621": {
      "%": 90.37952,
      "v": 10240
    },
    "Municipality of Korydallos": {
      "%": 79.55244,
      "v": 18130
    },
    "EL622": {
      "%": 89.17278,
      "v": 35250
    },
    "Municipality of Koropi": {
      "%": 82.62712,
      "v": 3900
    },
    "EL623": {
      "%": 86.03532,
      "v": 10720
    },
    "EL432": {
      "%": 87.75056,
      "v": 23640
    },
    "Municipality of Kifissia": {
      "%": 50.04205,
      "v": 5950
    },
    "EL624": {
      "%": 91.39535,
      "v": 7860
    },
    "EL412": {
      "%": 89.78696,
      "v": 14330
    },
    "Municipality of Kessariani": {
      "%": 69.34673,
      "v": 8280
    },
    "EL631": {
      "%": 91.69961,
      "v": 74240
    },
    "Municipality of Vyron": {
      "%": 67.54685,
      "v": 15860
    },
    "Municipality of Keratsini": {
      "%": 84.07576,
      "v": 23970
    },
    "EL632": {
      "%": 81.32628,
      "v": 79960
    },
    "Municipality of Kamatero": {
      "%": 91.71171,
      "v": 5090
    },
    "EL633": {
      "%": 90.26185,
      "v": 52740
    },
    "Municipality of Kallithea": {
      "%": 60.61817,
      "v": 28830
    },
    "EL641": {
      "%": 88.32205,
      "v": 36530
    },
    "EL433": {
      "%": 88.05195,
      "v": 20340
    },
    "Municipality of Kalamaria": {
      "%": 72.66402,
      "v": 14620
    },
    "EL642": {
      "%": 89.39587,
      "v": 62890
    },
    "EL411": {
      "%": 90.48874,
      "v": 37770
    },
    "Municipality of Iraklio": {
      "%": 68.33334,
      "v": 9430
    },
    "EL643": {
      "%": 92.02975,
      "v": 8660
    },
    "Municipality of Vrilissia": {
      "%": 61.67247,
      "v": 1770
    },
    "Municipality of Ilioupoli": {
      "%": 69.40075,
      "v": 18530
    },
    "EL644": {
      "%": 89.13115,
      "v": 53960
    },
    "Municipality of Ilio (Nea Liossia)": {
      "%": 83.1936,
      "v": 21830
    },
    "EL645": {
      "%": 90.52369,
      "v": 14520
    },
    "Municipality of Glyfada": {
      "%": 61.77945,
      "v": 9860
    },
    "EL651": {
      "%": 88.9271,
      "v": 64650
    },
    "EL434": {
      "%": 83.03748,
      "v": 37890
    },
    "Municipality of Galatsi": {
      "%": 69.5879,
      "v": 13340
    },
    "EL652": {
      "%": 86.56163,
      "v": 37360
    },
    "Rest of Prefecture Pireas": {
      "%": 85.88279,
      "v": 23300
    },
    "Municipality of Evosmo": {
      "%": 91.58679,
      "v": 8600
    },
    "Municipality of Ano Liossia": {
      "%": 92.56637,
      "v": 5230
    },
    "Municipality of Argyroupoli": {
      "%": 75.3862,
      "v": 7320
    },
    "Municipality of Amaroussio": {
      "%": 56.60066,
      "v": 10290
    },
    "EL613": {
      "%": 84.957,
      "v": 60260
    },
    "Municipality of Metamorfossi": {
      "%": 84.93353,
      "v": 5750
    },
    "EL612": {
      "%": 86.40286,
      "v": 82100
    },
    "Municipality of Moschato": {
      "%": 71.07062,
      "v": 6240
    },
    "EL431": {
      "%": 84.93037,
      "v": 71970
    },
    "EL611": {
      "%": 91.36414,
      "v": 90350
    },
    "Municipality of Nea Ionia": {
      "%": 77.51776,
      "v": 18550
    },
    "EL543": {
      "%": 86.05585,
      "v": 47150
    },
    "Municipality of Nea Philadelfia": {
      "%": 71.21514,
      "v": 7150
    },
    "EL542": {
      "%": 93.11897,
      "v": 14480
    },
    "Municipality of Nea Smyrni": {
      "%": 48.57042,
      "v": 13760
    },
    "Rest of Department Thessaloniki": {
      "%": 90.19021,
      "v": 60220
    },
    "EL541": {
      "%": 92.08521,
      "v": 47120
    },
    "Municipality of Neapoli": {
      "%": 81.62291,
      "v": 10260
    },
    "EL533": {
      "%": 89.09455,
      "v": 17810
    },
    "Municipality of Nikea": {
      "%": 83.01993,
      "v": 29580
    },
    "EL422": {
      "%": 89.9938,
      "v": 29050
    },
    "EL532": {
      "%": 90.15492,
      "v": 18040
    },
    "Municipality of Paleo Faliro": {
      "%": 53.08871,
      "v": 11430
    },
    "EL531": {
      "%": 89.4824,
      "v": 59470
    },
    "Municipality of Perama": {
      "%": 87.08891,
      "v": 7150
    },
    "EL527": {
      "%": 91.48427,
      "v": 26750
    },
    "Municipality of Peristeri": {
      "%": 83.66,
      "v": 43110
    },
    "Rest of Prefecture Athens": {
      "%": 55.44477,
      "v": 28360
    },
    "EL526": {
      "%": 91.56725,
      "v": 67540
    },
    "Municipality of Petroupoli": {
      "%": 80.31968,
      "v": 8040
    },
    "Rest of Prefecture West Attiki": {
      "%": 88.07532,
      "v": 8420
    },
    "EL525": {
      "%": 89.10714,
      "v": 34930
    },
    "Municipality of Pireas": {
      "%": 69.64053,
      "v": 53470
    },
    "EL421": {
      "%": 86.24528,
      "v": 41070
    },
    "EL524": {
      "%": 91.37444,
      "v": 45340
    },
    "Municipality of Polichni": {
      "%": 88.90215,
      "v": 7450
    },
    "EL523": {
      "%": 93.63013,
      "v": 27340
    },
    "Municipality of Pylea": {
      "%": 75.75758,
      "v": 3250
    },
    "EL521": {
      "%": 89.37962,
      "v": 43510
    },
    "Municipality of Salamina": {
      "%": 88.18681,
      "v": 6420
    },
    "Rest of Prefecture East Attiki": {
      "%": 78.65639,
      "v": 35710
    },
    "EL515": {
      "%": 87.18984,
      "v": 45330
    },
    "Municipality of Stavroupoli": {
      "%": 87.062,
      "v": 9690
    },
    "EL514": {
      "%": 89.146,
      "v": 32360
    },
    "Municipality of Sykees": {
      "%": 85.6067,
      "v": 10230
    },
    "EL413": {
      "%": 85.79208,
      "v": 17330
    },
    "EL513": {
      "%": 93.23637,
      "v": 38460
    },
    "Municipality of Thermaikos": {
      "%": 79.54546,
      "v": 1050
    },
    "EL653": {
      "%": 90.23785,
      "v": 87260
    },
    "Municipality of Voula": {
      "%": 45.35519,
      "v": 1660
    },
    "Municipality of Eleftherio-Kordelio": {
      "%": 90.90909,
      "v": 4200
    },
    "Municipality of Abelokipi": {
      "%": 82.74182,
      "v": 11890
    },
    "Municipality of Elefsina": {
      "%": 84.21788,
      "v": 6030
    },
    "Municipality of Acharnes": {
      "%": 87.30159,
      "v": 12100
    },
    "Municipality of Echedoro": {
      "%": 92.00681,
      "v": 5410
    },
    "Municipality of Aegaleo": {
      "%": 81.97092,
      "v": 25370
    },
    "EL511": {
      "%": 89.83242,
      "v": 47710
    },
    "Municipality of Dafni": {
      "%": 71.84644,
      "v": 7860
    },
    "Municipality of Aghia Paraskevi": {
      "%": 54.43038,
      "v": 6880
    },
    "Municipality of Cholargos": {
      "%": 43.29073,
      "v": 5420
    },
    "Municipality of Aghia Varvara": {
      "%": 87.10281,
      "v": 9320
    },
    "Municipality of Thessaloniki": {
      "%": 60.84802,
      "v": 99450
    },
    "Municipality of Chalandri": {
      "%": 55.3426,
      "v": 11550
    },
    "Municipality of Aghii Anargyri": {
      "%": 79.42422,
      "v": 9380
    },
    "Municipality of Chaidari": {
      "%": 77.39872,
      "v": 10890
    },
    "Municipality of Aghios Dimitrios": {
      "%": 79.63061,
      "v": 15090
    },
    "Municipality of Athens": {
      "%": 52.94182,
      "v": 193190
    },
    "Municipality of Alimos": {
      "%": 56.00795,
      "v": 5640
    },
    "EL512": {
      "%": 92.02111,
      "v": 29640
    },
    "Municipality of Aspropyrgos": {
      "%": 87.85046,
      "v": 3760
    },
    "Municipality of Zografos": {
      "%": 54.32505,
      "v": 18150
    },
    "Municipality of Megara": {
      "%": 89.51256,
      "v": 6060
    }
  }
}