{
  "original_file": "Greece_1981.csv",
  "year": 1981,
  "country": "GR",
  "var": "ed_isced_6to8_m_15to24",
  "data": {
    "Municipality of Voula": {
      "%": 2.2222223,
      "v": 10
    },
    "Municipality of Metamorfossi": {
      "%": 0.80645162,
      "v": 10
    },
    "EL524": {
      "%": 1.2987013,
      "v": 110
    },
    "Municipality of Neapoli": {
      "%": 2.5252526,
      "v": 50
    },
    "EL613": {
      "%": 1.691332,
      "v": 160
    },
    "EL543": {
      "%": 2.1818182,
      "v": 180
    },
    "EL612": {
      "%": 2.2944551,
      "v": 360
    },
    "EL527": {
      "%": 1.6826923,
      "v": 70
    },
    "Municipality of Ilio (Nea Liossia)": {
      "%": 2.1390374,
      "v": 120
    },
    "EL413": {
      "%": 1.3937283,
      "v": 40
    },
    "EL651": {
      "%": 1.0526316,
      "v": 110
    },
    "Municipality of Stavroupoli": {
      "%": 3.2432432,
      "v": 60
    },
    "Rest of Prefecture East Attiki": {
      "%": 2.3154848,
      "v": 160
    },
    "Municipality of Thermaikos": {
      "%": 0.0,
      "v": 0
    },
    "Municipality of Galatsi": {
      "%": 1.9933555,
      "v": 60
    },
    "Municipality of Athens": {
      "%": 3.7057939,
      "v": 1970
    },
    "Municipality of Aghios Dimitrios": {
      "%": 2.4324324,
      "v": 90
    },
    "EL641": {
      "%": 2.2354693,
      "v": 150
    },
    "EL411": {
      "%": 1.9027485,
      "v": 90
    },
    "EL421": {
      "%": 1.6688062,
      "v": 130
    },
    "Municipality of Zografos": {
      "%": 4.3029261,
      "v": 250
    },
    "EL652": {
      "%": 1.060606,
      "v": 70
    },
    "Municipality of Cholargos": {
      "%": 5.6338029,
      "v": 80
    },
    "Municipality of Thessaloniki": {
      "%": 2.405149,
      "v": 710
    },
    "Municipality of Amaroussio": {
      "%": 3.3834586,
      "v": 90
    },
    "Municipality of Aspropyrgos": {
      "%": 0.0,
      "v": 0
    },
    "Municipality of Petroupoli": {
      "%": 0.54644811,
      "v": 10
    },
    "Municipality of Nikea": {
      "%": 1.1925043,
      "v": 70
    },
    "Municipality of Abelokipi": {
      "%": 2.1818182,
      "v": 60
    },
    "EL512": {
      "%": 1.9469026,
      "v": 110
    },
    "EL523": {
      "%": 0.90909094,
      "v": 40
    },
    "EL542": {
      "%": 1.9455253,
      "v": 50
    },
    "Municipality of Paleo Faliro": {
      "%": 2.4911032,
      "v": 70
    },
    "EL541": {
      "%": 1.0973936,
      "v": 80
    },
    "EL631": {
      "%": 0.66030812,
      "v": 90
    },
    "EL533": {
      "%": 0.58309036,
      "v": 20
    },
    "EL531": {
      "%": 2.4344568,
      "v": 260
    },
    "Municipality of Salamina": {
      "%": 0.0,
      "v": 0
    },
    "EL623": {
      "%": 1.2820513,
      "v": 20
    },
    "Municipality of Perama": {
      "%": 2.4691358,
      "v": 40
    },
    "Rest of Department Thessaloniki": {
      "%": 1.1225444,
      "v": 120
    },
    "EL633": {
      "%": 0.97613883,
      "v": 90
    },
    "Municipality of Dafni": {
      "%": 1.910828,
      "v": 30
    },
    "Municipality of Ano Liossia": {
      "%": 1.9607843,
      "v": 20
    },
    "Municipality of Polichni": {
      "%": 3.7267082,
      "v": 60
    },
    "Municipality of Nea Philadelfia": {
      "%": 0.71942449,
      "v": 10
    },
    "EL621": {
      "%": 2.1857924,
      "v": 40
    },
    "Municipality of Kalamaria": {
      "%": 3.3088236,
      "v": 90
    },
    "Municipality of Argyroupoli": {
      "%": 1.4184397,
      "v": 20
    },
    "Municipality of Pylea": {
      "%": 3.2967033,
      "v": 30
    },
    "Municipality of Iraklio": {
      "%": 2.8301888,
      "v": 60
    },
    "Municipality of Megara": {
      "%": 1.5384616,
      "v": 20
    },
    "Municipality of Koropi": {
      "%": 0.0,
      "v": 0
    },
    "EL643": {
      "%": 1.8518518,
      "v": 30
    },
    "Municipality of Kessariani": {
      "%": 4.0,
      "v": 70
    },
    "EL645": {
      "%": 3.3492823,
      "v": 70
    },
    "Municipality of Kifissia": {
      "%": 2.4539878,
      "v": 40
    },
    "EL624": {
      "%": 2.173913,
      "v": 20
    },
    "EL642": {
      "%": 1.6494845,
      "v": 160
    },
    "EL611": {
      "%": 1.3533834,
      "v": 180
    },
    "Municipality of Sykees": {
      "%": 1.4925373,
      "v": 30
    },
    "Municipality of Aghii Anargyri": {
      "%": 2.3923445,
      "v": 50
    },
    "EL622": {
      "%": 1.0288066,
      "v": 50
    },
    "Municipality of Moschato": {
      "%": 3.2,
      "v": 40
    },
    "Municipality of Evosmo": {
      "%": 1.6574585,
      "v": 30
    },
    "EL644": {
      "%": 2.3809524,
      "v": 210
    },
    "Municipality of Peristeri": {
      "%": 2.0768433,
      "v": 200
    },
    "Municipality of Acharnes": {
      "%": 1.1450381,
      "v": 30
    },
    "EL514": {
      "%": 1.7482518,
      "v": 100
    },
    "Rest of Prefecture Athens": {
      "%": 2.6063101,
      "v": 190
    },
    "EL432": {
      "%": 4.0,
      "v": 130
    },
    "Rest of Prefecture Pireas": {
      "%": 0.51546389,
      "v": 20
    },
    "Municipality of Echedoro": {
      "%": 2.7522936,
      "v": 30
    },
    "EL433": {
      "%": 1.0344827,
      "v": 30
    },
    "EL513": {
      "%": 0.73746312,
      "v": 50
    },
    "Municipality of Kallithea": {
      "%": 2.2160666,
      "v": 160
    },
    "EL521": {
      "%": 1.2784091,
      "v": 90
    },
    "EL632": {
      "%": 2.0905924,
      "v": 360
    },
    "EL526": {
      "%": 0.99728012,
      "v": 110
    },
    "Municipality of Nea Smyrni": {
      "%": 2.4324324,
      "v": 90
    },
    "Municipality of Aegaleo": {
      "%": 2.24,
      "v": 140
    },
    "EL525": {
      "%": 2.6706231,
      "v": 180
    },
    "Municipality of Korydallos": {
      "%": 1.6216216,
      "v": 60
    },
    "Municipality of Aghia Paraskevi": {
      "%": 3.5714285,
      "v": 70
    },
    "EL422": {
      "%": 0.66371679,
      "v": 30
    },
    "Municipality of Nea Ionia": {
      "%": 3.0379746,
      "v": 120
    },
    "Municipality of Vrilissia": {
      "%": 0.0,
      "v": 0
    },
    "Municipality of Ilioupoli": {
      "%": 1.8058691,
      "v": 80
    },
    "EL431": {
      "%": 1.5444015,
      "v": 200
    },
    "EL434": {
      "%": 2.5518341,
      "v": 160
    },
    "Municipality of Eleftherio-Kordelio": {
      "%": 0.0,
      "v": 0
    },
    "Municipality of Pireas": {
      "%": 2.4713151,
      "v": 280
    },
    "Municipality of Glyfada": {
      "%": 3.9647577,
      "v": 90
    },
    "Municipality of Vyron": {
      "%": 2.346041,
      "v": 80
    },
    "Municipality of Aghia Varvara": {
      "%": 1.2820513,
      "v": 30
    },
    "EL515": {
      "%": 1.7615176,
      "v": 130
    },
    "Municipality of Keratsini": {
      "%": 0.804829,
      "v": 40
    },
    "Rest of Prefecture West Attiki": {
      "%": 0.625,
      "v": 10
    },
    "Municipality of Chalandri": {
      "%": 4.347826,
      "v": 120
    },
    "Municipality of Elefsina": {
      "%": 3.5714285,
      "v": 50
    },
    "Municipality of Kamatero": {
      "%": 0.89285713,
      "v": 10
    },
    "EL653": {
      "%": 1.6313213,
      "v": 200
    },
    "Municipality of Chaidari": {
      "%": 2.4590163,
      "v": 60
    },
    "Municipality of Alimos": {
      "%": 4.7619047,
      "v": 90
    },
    "EL532": {
      "%": 1.6181229,
      "v": 50
    },
    "EL511": {
      "%": 2.4579561,
      "v": 190
    },
    "EL412": {
      "%": 1.7647059,
      "v": 30
    }
  }
}