{
  "original_file": "Greece_1981.csv",
  "year": 1981,
  "country": "GR",
  "var": "ed_isced_0to2_m",
  "data": {
    "EL621": {
      "%": 90.518,
      "v": 10310
    },
    "Municipality of Korydallos": {
      "%": 72.61739,
      "v": 15620
    },
    "EL622": {
      "%": 85.19907,
      "v": 29530
    },
    "Municipality of Koropi": {
      "%": 80.94218,
      "v": 3780
    },
    "EL623": {
      "%": 82.63473,
      "v": 9660
    },
    "EL432": {
      "%": 83.55718,
      "v": 20530
    },
    "Municipality of Kifissia": {
      "%": 43.03554,
      "v": 4480
    },
    "EL624": {
      "%": 88.19797,
      "v": 6950
    },
    "EL412": {
      "%": 83.45419,
      "v": 12660
    },
    "Municipality of Kessariani": {
      "%": 64.11013,
      "v": 6520
    },
    "EL631": {
      "%": 88.50513,
      "v": 65600
    },
    "Municipality of Vyron": {
      "%": 58.60716,
      "v": 11950
    },
    "Municipality of Keratsini": {
      "%": 79.73978,
      "v": 21450
    },
    "EL632": {
      "%": 76.80898,
      "v": 72500
    },
    "Municipality of Kamatero": {
      "%": 87.26591,
      "v": 4660
    },
    "EL633": {
      "%": 87.69122,
      "v": 49300
    },
    "Municipality of Kallithea": {
      "%": 53.90002,
      "v": 22320
    },
    "EL641": {
      "%": 84.55084,
      "v": 34260
    },
    "EL433": {
      "%": 85.89563,
      "v": 18270
    },
    "Municipality of Kalamaria": {
      "%": 68.06433,
      "v": 11850
    },
    "EL642": {
      "%": 85.29191,
      "v": 56830
    },
    "EL411": {
      "%": 86.41361,
      "v": 33010
    },
    "Municipality of Iraklio": {
      "%": 59.90639,
      "v": 7680
    },
    "EL643": {
      "%": 85.25499,
      "v": 7690
    },
    "Municipality of Vrilissia": {
      "%": 50.97276,
      "v": 1310
    },
    "Municipality of Ilioupoli": {
      "%": 63.286,
      "v": 15600
    },
    "EL644": {
      "%": 83.4654,
      "v": 47400
    },
    "Municipality of Ilio (Nea Liossia)": {
      "%": 80.78278,
      "v": 20640
    },
    "EL645": {
      "%": 84.52459,
      "v": 12890
    },
    "Municipality of Glyfada": {
      "%": 53.19728,
      "v": 7820
    },
    "EL651": {
      "%": 85.35664,
      "v": 61030
    },
    "EL434": {
      "%": 79.77316,
      "v": 33760
    },
    "Municipality of Galatsi": {
      "%": 66.42046,
      "v": 11690
    },
    "EL652": {
      "%": 81.7438,
      "v": 34970
    },
    "Rest of Prefecture Pireas": {
      "%": 82.81372,
      "v": 21250
    },
    "Municipality of Evosmo": {
      "%": 88.03513,
      "v": 8020
    },
    "Municipality of Ano Liossia": {
      "%": 90.05525,
      "v": 4890
    },
    "Municipality of Argyroupoli": {
      "%": 69.58525,
      "v": 6040
    },
    "Municipality of Amaroussio": {
      "%": 50.1875,
      "v": 8030
    },
    "EL613": {
      "%": 79.90281,
      "v": 50970
    },
    "Municipality of Metamorfossi": {
      "%": 82.48408,
      "v": 5180
    },
    "EL612": {
      "%": 81.89231,
      "v": 73310
    },
    "Municipality of Moschato": {
      "%": 64.60296,
      "v": 4800
    },
    "EL431": {
      "%": 82.94057,
      "v": 64760
    },
    "EL611": {
      "%": 88.94697,
      "v": 81680
    },
    "Municipality of Nea Ionia": {
      "%": 74.39961,
      "v": 15490
    },
    "EL543": {
      "%": 81.34653,
      "v": 41080
    },
    "Municipality of Nea Philadelfia": {
      "%": 63.93805,
      "v": 5780
    },
    "EL542": {
      "%": 87.82732,
      "v": 12410
    },
    "Municipality of Nea Smyrni": {
      "%": 40.9185,
      "v": 9890
    },
    "Rest of Department Thessaloniki": {
      "%": 88.05737,
      "v": 56480
    },
    "EL541": {
      "%": 87.83382,
      "v": 41440
    },
    "Municipality of Neapoli": {
      "%": 78.38795,
      "v": 8850
    },
    "EL533": {
      "%": 86.78728,
      "v": 15830
    },
    "Municipality of Nikea": {
      "%": 78.12309,
      "v": 25640
    },
    "EL422": {
      "%": 87.02866,
      "v": 28850
    },
    "EL532": {
      "%": 89.68085,
      "v": 16860
    },
    "Municipality of Paleo Faliro": {
      "%": 45.55904,
      "v": 8720
    },
    "EL531": {
      "%": 85.21181,
      "v": 54510
    },
    "Municipality of Perama": {
      "%": 83.43711,
      "v": 6700
    },
    "EL527": {
      "%": 89.03314,
      "v": 26060
    },
    "Municipality of Peristeri": {
      "%": 79.05186,
      "v": 39020
    },
    "Rest of Prefecture Athens": {
      "%": 48.94666,
      "v": 21840
    },
    "EL526": {
      "%": 89.34069,
      "v": 61520
    },
    "Municipality of Petroupoli": {
      "%": 76.36364,
      "v": 7140
    },
    "Rest of Prefecture West Attiki": {
      "%": 84.44444,
      "v": 7980
    },
    "EL525": {
      "%": 86.53476,
      "v": 31490
    },
    "Municipality of Pireas": {
      "%": 61.04558,
      "v": 41920
    },
    "EL421": {
      "%": 80.61021,
      "v": 36460
    },
    "EL524": {
      "%": 88.89124,
      "v": 41930
    },
    "Municipality of Polichni": {
      "%": 86.64922,
      "v": 6620
    },
    "EL523": {
      "%": 89.63981,
      "v": 24140
    },
    "Municipality of Pylea": {
      "%": 68.77934,
      "v": 2930
    },
    "EL521": {
      "%": 86.06987,
      "v": 39420
    },
    "Municipality of Salamina": {
      "%": 81.40845,
      "v": 5780
    },
    "Rest of Prefecture East Attiki": {
      "%": 74.1757,
      "v": 33520
    },
    "EL515": {
      "%": 83.56432,
      "v": 38590
    },
    "Municipality of Stavroupoli": {
      "%": 84.8,
      "v": 8480
    },
    "EL514": {
      "%": 86.86622,
      "v": 28440
    },
    "Municipality of Sykees": {
      "%": 82.61649,
      "v": 9220
    },
    "EL413": {
      "%": 78.05526,
      "v": 14690
    },
    "EL513": {
      "%": 90.57248,
      "v": 34490
    },
    "Municipality of Thermaikos": {
      "%": 80.50848,
      "v": 950
    },
    "EL653": {
      "%": 85.61531,
      "v": 77850
    },
    "Municipality of Voula": {
      "%": 38.97763,
      "v": 1220
    },
    "Municipality of Eleftherio-Kordelio": {
      "%": 83.83372,
      "v": 3630
    },
    "Municipality of Abelokipi": {
      "%": 78.20044,
      "v": 10690
    },
    "Municipality of Elefsina": {
      "%": 83.21378,
      "v": 5800
    },
    "Municipality of Acharnes": {
      "%": 84.47894,
      "v": 11430
    },
    "Municipality of Echedoro": {
      "%": 89.57597,
      "v": 5070
    },
    "Municipality of Aegaleo": {
      "%": 76.12492,
      "v": 22670
    },
    "EL511": {
      "%": 87.56571,
      "v": 43310
    },
    "Municipality of Dafni": {
      "%": 65.59917,
      "v": 6350
    },
    "Municipality of Aghia Paraskevi": {
      "%": 46.82753,
      "v": 5240
    },
    "Municipality of Cholargos": {
      "%": 35.80952,
      "v": 3760
    },
    "Municipality of Aghia Varvara": {
      "%": 84.39024,
      "v": 8650
    },
    "Municipality of Thessaloniki": {
      "%": 52.84253,
      "v": 74360
    },
    "Municipality of Chalandri": {
      "%": 48.05333,
      "v": 9010
    },
    "Municipality of Aghii Anargyri": {
      "%": 74.567,
      "v": 8180
    },
    "Municipality of Chaidari": {
      "%": 71.8475,
      "v": 9800
    },
    "Municipality of Aghios Dimitrios": {
      "%": 77.13348,
      "v": 14100
    },
    "Municipality of Athens": {
      "%": 46.17958,
      "v": 142150
    },
    "Municipality of Alimos": {
      "%": 49.07217,
      "v": 4760
    },
    "EL512": {
      "%": 87.50421,
      "v": 25980
    },
    "Municipality of Aspropyrgos": {
      "%": 84.95145,
      "v": 3500
    },
    "Municipality of Zografos": {
      "%": 45.15807,
      "v": 13570
    },
    "Municipality of Megara": {
      "%": 86.30339,
      "v": 5860
    }
  }
}