{
  "original_file": "Greece_1981.csv",
  "year": 1981,
  "country": "GR",
  "var": "ed_isced_6to8_f",
  "data": {
    "EL621": {
      "%": 3.265666,
      "v": 370
    },
    "Municipality of Korydallos": {
      "%": 3.071523,
      "v": 700
    },
    "EL622": {
      "%": 2.706805,
      "v": 1070
    },
    "Municipality of Koropi": {
      "%": 2.754237,
      "v": 130
    },
    "EL623": {
      "%": 2.327448,
      "v": 290
    },
    "EL432": {
      "%": 3.043801,
      "v": 820
    },
    "Municipality of Kifissia": {
      "%": 10.68124,
      "v": 1270
    },
    "EL624": {
      "%": 2.906977,
      "v": 250
    },
    "EL412": {
      "%": 2.130326,
      "v": 340
    },
    "Municipality of Kessariani": {
      "%": 6.532663,
      "v": 780
    },
    "EL631": {
      "%": 2.186265,
      "v": 1770
    },
    "Municipality of Vyron": {
      "%": 6.005111,
      "v": 1410
    },
    "Municipality of Keratsini": {
      "%": 1.578394,
      "v": 450
    },
    "EL632": {
      "%": 3.773393,
      "v": 3710
    },
    "Municipality of Kamatero": {
      "%": 1.081081,
      "v": 60
    },
    "EL633": {
      "%": 2.259114,
      "v": 1320
    },
    "Municipality of Kallithea": {
      "%": 6.917578,
      "v": 3290
    },
    "EL641": {
      "%": 2.490329,
      "v": 1030
    },
    "EL433": {
      "%": 2.770563,
      "v": 640
    },
    "Municipality of Kalamaria": {
      "%": 5.467197,
      "v": 1100
    },
    "EL642": {
      "%": 2.075338,
      "v": 1460
    },
    "EL411": {
      "%": 2.012458,
      "v": 840
    },
    "Municipality of Iraklio": {
      "%": 7.028986,
      "v": 970
    },
    "EL643": {
      "%": 2.550478,
      "v": 240
    },
    "Municipality of Vrilissia": {
      "%": 7.665505,
      "v": 220
    },
    "Municipality of Ilioupoli": {
      "%": 4.344569,
      "v": 1160
    },
    "EL644": {
      "%": 2.560291,
      "v": 1550
    },
    "Municipality of Ilio (Nea Liossia)": {
      "%": 2.019817,
      "v": 530
    },
    "EL645": {
      "%": 1.745636,
      "v": 280
    },
    "Municipality of Glyfada": {
      "%": 6.265664,
      "v": 1000
    },
    "EL651": {
      "%": 2.448418,
      "v": 1780
    },
    "EL434": {
      "%": 3.76945,
      "v": 1720
    },
    "Municipality of Galatsi": {
      "%": 5.477308,
      "v": 1050
    },
    "EL652": {
      "%": 2.942539,
      "v": 1270
    },
    "Rest of Prefecture Pireas": {
      "%": 2.285293,
      "v": 620
    },
    "Municipality of Evosmo": {
      "%": 0.8519702,
      "v": 80
    },
    "Municipality of Ano Liossia": {
      "%": 1.061947,
      "v": 60
    },
    "Municipality of Argyroupoli": {
      "%": 4.634398,
      "v": 450
    },
    "Municipality of Amaroussio": {
      "%": 9.515951,
      "v": 1730
    },
    "EL613": {
      "%": 3.214437,
      "v": 2280
    },
    "Municipality of Metamorfossi": {
      "%": 1.920236,
      "v": 130
    },
    "EL612": {
      "%": 3.420333,
      "v": 3250
    },
    "Municipality of Moschato": {
      "%": 4.897494,
      "v": 430
    },
    "EL431": {
      "%": 3.658249,
      "v": 3100
    },
    "EL611": {
      "%": 2.234806,
      "v": 2210
    },
    "Municipality of Nea Ionia": {
      "%": 3.677392,
      "v": 880
    },
    "EL543": {
      "%": 3.595547,
      "v": 1970
    },
    "Municipality of Nea Philadelfia": {
      "%": 3.984064,
      "v": 400
    },
    "EL542": {
      "%": 1.92926,
      "v": 300
    },
    "Municipality of Nea Smyrni": {
      "%": 10.51888,
      "v": 2980
    },
    "Rest of Department Thessaloniki": {
      "%": 1.976936,
      "v": 1320
    },
    "EL541": {
      "%": 2.67735,
      "v": 1370
    },
    "Municipality of Neapoli": {
      "%": 3.420843,
      "v": 430
    },
    "EL533": {
      "%": 3.001501,
      "v": 600
    },
    "Municipality of Nikea": {
      "%": 2.076901,
      "v": 740
    },
    "EL422": {
      "%": 1.889715,
      "v": 610
    },
    "EL532": {
      "%": 3.048476,
      "v": 610
    },
    "Municipality of Paleo Faliro": {
      "%": 7.663725,
      "v": 1650
    },
    "EL531": {
      "%": 2.618116,
      "v": 1740
    },
    "Municipality of Perama": {
      "%": 2.314251,
      "v": 190
    },
    "EL527": {
      "%": 2.359781,
      "v": 690
    },
    "Municipality of Peristeri": {
      "%": 2.503396,
      "v": 1290
    },
    "Rest of Prefecture Athens": {
      "%": 10.83089,
      "v": 5540
    },
    "EL526": {
      "%": 2.291215,
      "v": 1690
    },
    "Municipality of Petroupoli": {
      "%": 3.496504,
      "v": 350
    },
    "Rest of Prefecture West Attiki": {
      "%": 2.301255,
      "v": 220
    },
    "EL525": {
      "%": 3.035714,
      "v": 1190
    },
    "Municipality of Pireas": {
      "%": 4.779891,
      "v": 3670
    },
    "EL421": {
      "%": 2.708946,
      "v": 1290
    },
    "EL524": {
      "%": 2.136235,
      "v": 1060
    },
    "Municipality of Polichni": {
      "%": 1.551313,
      "v": 130
    },
    "EL523": {
      "%": 1.643836,
      "v": 480
    },
    "Municipality of Pylea": {
      "%": 3.729604,
      "v": 160
    },
    "EL521": {
      "%": 2.280197,
      "v": 1110
    },
    "Municipality of Salamina": {
      "%": 1.510989,
      "v": 110
    },
    "Rest of Prefecture East Attiki": {
      "%": 3.986784,
      "v": 1810
    },
    "EL515": {
      "%": 3.077515,
      "v": 1600
    },
    "Municipality of Stavroupoli": {
      "%": 1.97664,
      "v": 220
    },
    "EL514": {
      "%": 2.561984,
      "v": 930
    },
    "Municipality of Sykees": {
      "%": 1.589958,
      "v": 190
    },
    "EL413": {
      "%": 1.683168,
      "v": 340
    },
    "EL513": {
      "%": 1.6,
      "v": 660
    },
    "Municipality of Thermaikos": {
      "%": 5.30303,
      "v": 70
    },
    "EL653": {
      "%": 1.985522,
      "v": 1920
    },
    "Municipality of Voula": {
      "%": 12.02186,
      "v": 440
    },
    "Municipality of Eleftherio-Kordelio": {
      "%": 0.6493506,
      "v": 30
    },
    "Municipality of Abelokipi": {
      "%": 2.713988,
      "v": 390
    },
    "Municipality of Elefsina": {
      "%": 1.536313,
      "v": 110
    },
    "Municipality of Acharnes": {
      "%": 1.875902,
      "v": 260
    },
    "Municipality of Echedoro": {
      "%": 2.210884,
      "v": 130
    },
    "Municipality of Aegaleo": {
      "%": 2.714055,
      "v": 840
    },
    "EL511": {
      "%": 2.598381,
      "v": 1380
    },
    "Municipality of Dafni": {
      "%": 3.564899,
      "v": 390
    },
    "Municipality of Aghia Paraskevi": {
      "%": 13.13291,
      "v": 1660
    },
    "Municipality of Cholargos": {
      "%": 12.77955,
      "v": 1600
    },
    "Municipality of Aghia Varvara": {
      "%": 1.308411,
      "v": 140
    },
    "Municipality of Thessaloniki": {
      "%": 9.09814,
      "v": 14870
    },
    "Municipality of Chalandri": {
      "%": 11.16435,
      "v": 2330
    },
    "Municipality of Aghii Anargyri": {
      "%": 2.709568,
      "v": 320
    },
    "Municipality of Chaidari": {
      "%": 2.985075,
      "v": 420
    },
    "Municipality of Aghios Dimitrios": {
      "%": 2.849604,
      "v": 540
    },
    "Municipality of Athens": {
      "%": 10.53136,
      "v": 38430
    },
    "Municipality of Alimos": {
      "%": 8.440913,
      "v": 850
    },
    "EL512": {
      "%": 2.359516,
      "v": 760
    },
    "Municipality of Aspropyrgos": {
      "%": 1.869159,
      "v": 80
    },
    "Municipality of Zografos": {
      "%": 10.65549,
      "v": 3560
    },
    "Municipality of Megara": {
      "%": 1.329394,
      "v": 90
    }
  }
}