{
  "original_file": "Greece_2011.csv",
  "year": 2011,
  "country": "GR",
  "var": "ed_isced_6to8_m_45to54",
  "data": {
    "Municipality of Pireas": {
      "%": 15.562249,
      "v": 1550
    },
    "Municipality of Alimos": {
      "%": 28.86598,
      "v": 840
    },
    "Municipality of Nea Philadelfia": {
      "%": 11.842105,
      "v": 180
    },
    "EL513": {
      "%": 10.671937,
      "v": 810
    },
    "Municipality of Perama": {
      "%": 5.8536587,
      "v": 120
    },
    "Municipality of Thessaloniki": {
      "%": 27.450981,
      "v": 4760
    },
    "EL632": {
      "%": 15.55674,
      "v": 2920
    },
    "Rest of Department Thessaloniki": {
      "%": 19.369576,
      "v": 4240
    },
    "Municipality of Athens": {
      "%": 25.113935,
      "v": 10470
    },
    "EL652": {
      "%": 12.460402,
      "v": 1180
    },
    "Municipality of Neapoli": {
      "%": 16.969696,
      "v": 280
    },
    "EL631": {
      "%": 10.926049,
      "v": 1640
    },
    "Municipality of Cholargos": {
      "%": 52.406418,
      "v": 980
    },
    "EL651": {
      "%": 12.4613,
      "v": 1610
    },
    "Municipality of Vyron": {
      "%": 22.572178,
      "v": 860
    },
    "Municipality of Pylea": {
      "%": 34.545456,
      "v": 760
    },
    "EL411": {
      "%": 13.861386,
      "v": 840
    },
    "Municipality of Iraklio": {
      "%": 28.915663,
      "v": 960
    },
    "EL533": {
      "%": 14.092141,
      "v": 520
    },
    "EL422": {
      "%": 9.5121956,
      "v": 780
    },
    "Municipality of Kallithea": {
      "%": 20.39801,
      "v": 1230
    },
    "Municipality of Kalamaria": {
      "%": 33.443165,
      "v": 2030
    },
    "EL525": {
      "%": 13.652695,
      "v": 1140
    },
    "EL433": {
      "%": 12.981745,
      "v": 640
    },
    "Municipality of Petroupoli": {
      "%": 15.441176,
      "v": 630
    },
    "Municipality of Aghii Anargyri": {
      "%": 13.513514,
      "v": 350
    },
    "EL622": {
      "%": 13.612565,
      "v": 1040
    },
    "EL524": {
      "%": 10.368217,
      "v": 1070
    },
    "Municipality of Glyfada": {
      "%": 33.459358,
      "v": 1770
    },
    "Municipality of Dafni": {
      "%": 27.450981,
      "v": 420
    },
    "Municipality of Galatsi": {
      "%": 20.263159,
      "v": 770
    },
    "Municipality of Chalandri": {
      "%": 41.618496,
      "v": 2160
    },
    "Municipality of Sykees": {
      "%": 16.666666,
      "v": 420
    },
    "EL511": {
      "%": 11.938663,
      "v": 1090
    },
    "Municipality of Acharnes": {
      "%": 10.802919,
      "v": 740
    },
    "Municipality of Kamatero": {
      "%": 12.745098,
      "v": 260
    },
    "Municipality of Chaidari": {
      "%": 20.987654,
      "v": 680
    },
    "Municipality of Ilioupoli": {
      "%": 26.703499,
      "v": 1450
    },
    "Rest of Prefecture West Attiki": {
      "%": 7.8498292,
      "v": 230
    },
    "Municipality of Aghia Varvara": {
      "%": 11.413043,
      "v": 210
    },
    "EL642": {
      "%": 10.347271,
      "v": 1460
    },
    "EL515": {
      "%": 14.358974,
      "v": 1400
    },
    "Municipality of Aghios Dimitrios": {
      "%": 19.135803,
      "v": 930
    },
    "Municipality of Moschato": {
      "%": 17.714285,
      "v": 310
    },
    "EL653": {
      "%": 10.192526,
      "v": 1800
    },
    "EL434": {
      "%": 15.314494,
      "v": 1680
    },
    "EL612": {
      "%": 15.423729,
      "v": 2730
    },
    "Municipality of Stavroupoli": {
      "%": 12.979351,
      "v": 440
    },
    "EL521": {
      "%": 14.145811,
      "v": 1300
    },
    "EL613": {
      "%": 15.845337,
      "v": 2090
    },
    "EL432": {
      "%": 9.5238094,
      "v": 460
    },
    "Municipality of Nea Ionia": {
      "%": 16.956522,
      "v": 780
    },
    "EL611": {
      "%": 14.119091,
      "v": 2300
    },
    "EL512": {
      "%": 12.466844,
      "v": 940
    },
    "Municipality of Nikea": {
      "%": 12.969283,
      "v": 760
    },
    "Municipality of Eleftherio-Kordelio": {
      "%": 15.591398,
      "v": 290
    },
    "EL633": {
      "%": 6.8837209,
      "v": 740
    },
    "EL523": {
      "%": 9.3145866,
      "v": 530
    },
    "Municipality of Thermaikos": {
      "%": 23.502304,
      "v": 510
    },
    "EL645": {
      "%": 13.261649,
      "v": 370
    },
    "Municipality of Ano Liossia": {
      "%": 5.6338029,
      "v": 120
    },
    "Municipality of Abelokipi": {
      "%": 14.179105,
      "v": 380
    },
    "Municipality of Aegaleo": {
      "%": 13.849287,
      "v": 680
    },
    "EL532": {
      "%": 11.204482,
      "v": 400
    },
    "Municipality of Megara": {
      "%": 8.139535,
      "v": 140
    },
    "Municipality of Peristeri": {
      "%": 12.609971,
      "v": 1290
    },
    "EL421": {
      "%": 12.627119,
      "v": 1490
    },
    "EL643": {
      "%": 8.8435373,
      "v": 130
    },
    "Municipality of Koropi": {
      "%": 15.957447,
      "v": 300
    },
    "Municipality of Polichni": {
      "%": 14.041096,
      "v": 410
    },
    "Rest of Prefecture East Attiki": {
      "%": 27.117117,
      "v": 6020
    },
    "Rest of Prefecture Pireas": {
      "%": 10.53719,
      "v": 510
    },
    "EL623": {
      "%": 10.283688,
      "v": 290
    },
    "Municipality of Echedoro": {
      "%": 10.294118,
      "v": 210
    },
    "Municipality of Keratsini": {
      "%": 8.8122606,
      "v": 460
    },
    "Municipality of Nea Smyrni": {
      "%": 39.473682,
      "v": 1950
    },
    "Municipality of Paleo Faliro": {
      "%": 35.123043,
      "v": 1570
    },
    "Municipality of Zografos": {
      "%": 27.84091,
      "v": 980
    },
    "EL543": {
      "%": 18.829268,
      "v": 1930
    },
    "EL541": {
      "%": 14.637002,
      "v": 1250
    },
    "EL514": {
      "%": 12.519084,
      "v": 820
    },
    "Municipality of Kessariani": {
      "%": 22.155689,
      "v": 370
    },
    "Municipality of Aghia Paraskevi": {
      "%": 46.027397,
      "v": 1680
    },
    "EL641": {
      "%": 8.7378645,
      "v": 720
    },
    "Municipality of Elefsina": {
      "%": 14.705882,
      "v": 250
    },
    "Rest of Prefecture Athens": {
      "%": 43.456375,
      "v": 5180
    },
    "Municipality of Evosmo": {
      "%": 10.735586,
      "v": 540
    },
    "Municipality of Amaroussio": {
      "%": 42.093021,
      "v": 1810
    },
    "EL412": {
      "%": 9.8113203,
      "v": 260
    },
    "EL621": {
      "%": 13.442623,
      "v": 410
    },
    "EL624": {
      "%": 15.337423,
      "v": 250
    },
    "EL531": {
      "%": 13.769752,
      "v": 1830
    },
    "Municipality of Ilio (Nea Liossia)": {
      "%": 13.028169,
      "v": 740
    },
    "Municipality of Vrilissia": {
      "%": 54.773869,
      "v": 1090
    },
    "EL644": {
      "%": 14.298402,
      "v": 1610
    },
    "EL413": {
      "%": 12.374582,
      "v": 370
    },
    "Municipality of Voula": {
      "%": 50.0,
      "v": 980
    },
    "Municipality of Aspropyrgos": {
      "%": 3.9800994,
      "v": 80
    },
    "EL542": {
      "%": 10.13986,
      "v": 290
    },
    "Municipality of Salamina": {
      "%": 10.606061,
      "v": 210
    },
    "Municipality of Korydallos": {
      "%": 15.538847,
      "v": 620
    },
    "EL431": {
      "%": 15.426696,
      "v": 2820
    },
    "Municipality of Argyroupoli": {
      "%": 24.050632,
      "v": 570
    },
    "EL527": {
      "%": 11.212121,
      "v": 740
    },
    "Municipality of Kifissia": {
      "%": 56.040268,
      "v": 1670
    },
    "EL526": {
      "%": 11.838791,
      "v": 1410
    },
    "Municipality of Metamorfossi": {
      "%": 13.744076,
      "v": 290
    }
  }
}