{
  "original_file": "Greece_2011.csv",
  "year": 2011,
  "country": "GR",
  "var": "ed_isced_6to8_35to44",
  "data": {
    "Municipality of Pireas": {
      "%": 20.92145,
      "v": 5540
    },
    "Municipality of Alimos": {
      "%": 35.915493,
      "v": 2550
    },
    "Municipality of Nea Philadelfia": {
      "%": 19.852942,
      "v": 810
    },
    "EL513": {
      "%": 14.989733,
      "v": 2190
    },
    "Municipality of Perama": {
      "%": 7.9404469,
      "v": 320
    },
    "Municipality of Thessaloniki": {
      "%": 30.11022,
      "v": 12020
    },
    "EL632": {
      "%": 18.19832,
      "v": 8020
    },
    "Rest of Department Thessaloniki": {
      "%": 19.811865,
      "v": 10320
    },
    "Municipality of Athens": {
      "%": 25.176653,
      "v": 26010
    },
    "EL652": {
      "%": 13.441373,
      "v": 2820
    },
    "Municipality of Neapoli": {
      "%": 15.037594,
      "v": 600
    },
    "EL631": {
      "%": 11.32905,
      "v": 3350
    },
    "Municipality of Cholargos": {
      "%": 51.422321,
      "v": 2350
    },
    "EL651": {
      "%": 12.51938,
      "v": 3230
    },
    "Municipality of Vyron": {
      "%": 27.685493,
      "v": 2500
    },
    "Municipality of Pylea": {
      "%": 44.585987,
      "v": 2800
    },
    "EL411": {
      "%": 15.880721,
      "v": 2290
    },
    "Municipality of Iraklio": {
      "%": 30.419161,
      "v": 2540
    },
    "EL533": {
      "%": 13.458755,
      "v": 930
    },
    "EL422": {
      "%": 11.795961,
      "v": 2220
    },
    "Municipality of Kallithea": {
      "%": 23.963457,
      "v": 3410
    },
    "Municipality of Kalamaria": {
      "%": 35.653316,
      "v": 5430
    },
    "EL525": {
      "%": 14.504219,
      "v": 2750
    },
    "EL433": {
      "%": 14.252518,
      "v": 1840
    },
    "Municipality of Petroupoli": {
      "%": 18.876612,
      "v": 2050
    },
    "Municipality of Aghii Anargyri": {
      "%": 16.876122,
      "v": 940
    },
    "EL622": {
      "%": 12.111185,
      "v": 1830
    },
    "EL524": {
      "%": 12.026276,
      "v": 2380
    },
    "Municipality of Glyfada": {
      "%": 32.810272,
      "v": 4600
    },
    "Municipality of Dafni": {
      "%": 18.10585,
      "v": 650
    },
    "Municipality of Galatsi": {
      "%": 23.144104,
      "v": 2120
    },
    "Municipality of Chalandri": {
      "%": 47.884941,
      "v": 5660
    },
    "Municipality of Sykees": {
      "%": 21.57165,
      "v": 1400
    },
    "EL511": {
      "%": 18.057829,
      "v": 3310
    },
    "Municipality of Acharnes": {
      "%": 9.3877554,
      "v": 1610
    },
    "Municipality of Kamatero": {
      "%": 13.250518,
      "v": 640
    },
    "Municipality of Chaidari": {
      "%": 20.314548,
      "v": 1550
    },
    "Municipality of Ilioupoli": {
      "%": 25.429272,
      "v": 3110
    },
    "Rest of Prefecture West Attiki": {
      "%": 10.401189,
      "v": 700
    },
    "Municipality of Aghia Varvara": {
      "%": 10.677083,
      "v": 410
    },
    "EL642": {
      "%": 11.586122,
      "v": 3740
    },
    "EL515": {
      "%": 13.788028,
      "v": 2810
    },
    "Municipality of Aghios Dimitrios": {
      "%": 22.536348,
      "v": 2790
    },
    "Municipality of Moschato": {
      "%": 22.942644,
      "v": 920
    },
    "EL653": {
      "%": 11.768331,
      "v": 3820
    },
    "EL434": {
      "%": 14.77649,
      "v": 3570
    },
    "EL612": {
      "%": 19.030304,
      "v": 7850
    },
    "Municipality of Stavroupoli": {
      "%": 14.763231,
      "v": 1060
    },
    "EL521": {
      "%": 13.062622,
      "v": 2670
    },
    "EL613": {
      "%": 17.671093,
      "v": 5190
    },
    "EL432": {
      "%": 12.169312,
      "v": 1380
    },
    "Municipality of Nea Ionia": {
      "%": 19.521179,
      "v": 2120
    },
    "EL611": {
      "%": 15.872058,
      "v": 5260
    },
    "EL512": {
      "%": 13.890635,
      "v": 2210
    },
    "Municipality of Nikea": {
      "%": 13.343108,
      "v": 1820
    },
    "Municipality of Eleftherio-Kordelio": {
      "%": 10.085837,
      "v": 470
    },
    "EL633": {
      "%": 10.607434,
      "v": 2340
    },
    "EL523": {
      "%": 10.174152,
      "v": 1110
    },
    "Municipality of Thermaikos": {
      "%": 25.910931,
      "v": 1280
    },
    "EL645": {
      "%": 12.849162,
      "v": 690
    },
    "Municipality of Ano Liossia": {
      "%": 6.5259118,
      "v": 340
    },
    "Municipality of Abelokipi": {
      "%": 14.490161,
      "v": 810
    },
    "Municipality of Aegaleo": {
      "%": 15.096154,
      "v": 1570
    },
    "EL532": {
      "%": 15.967524,
      "v": 1180
    },
    "Municipality of Megara": {
      "%": 10.772834,
      "v": 460
    },
    "Municipality of Peristeri": {
      "%": 13.425129,
      "v": 3120
    },
    "EL421": {
      "%": 12.354838,
      "v": 3830
    },
    "EL643": {
      "%": 7.7669902,
      "v": 160
    },
    "Municipality of Koropi": {
      "%": 14.675053,
      "v": 700
    },
    "Municipality of Polichni": {
      "%": 12.552892,
      "v": 890
    },
    "Rest of Prefecture East Attiki": {
      "%": 27.31122,
      "v": 15480
    },
    "Rest of Prefecture Pireas": {
      "%": 10.530896,
      "v": 1210
    },
    "EL623": {
      "%": 16.496599,
      "v": 970
    },
    "Municipality of Echedoro": {
      "%": 9.8360653,
      "v": 480
    },
    "Municipality of Keratsini": {
      "%": 12.125863,
      "v": 1580
    },
    "Municipality of Nea Smyrni": {
      "%": 38.256229,
      "v": 4300
    },
    "Municipality of Paleo Faliro": {
      "%": 34.953465,
      "v": 3380
    },
    "Municipality of Zografos": {
      "%": 31.552917,
      "v": 3190
    },
    "EL543": {
      "%": 22.1875,
      "v": 4970
    },
    "EL541": {
      "%": 16.940889,
      "v": 2780
    },
    "EL514": {
      "%": 12.937595,
      "v": 1700
    },
    "Municipality of Kessariani": {
      "%": 25.060242,
      "v": 1040
    },
    "Municipality of Aghia Paraskevi": {
      "%": 46.963123,
      "v": 4330
    },
    "EL641": {
      "%": 9.9599314,
      "v": 1740
    },
    "Municipality of Elefsina": {
      "%": 13.101604,
      "v": 490
    },
    "Rest of Prefecture Athens": {
      "%": 42.930855,
      "v": 12480
    },
    "Municipality of Evosmo": {
      "%": 14.680711,
      "v": 2230
    },
    "Municipality of Amaroussio": {
      "%": 45.546219,
      "v": 5420
    },
    "EL412": {
      "%": 15.873015,
      "v": 900
    },
    "EL621": {
      "%": 9.7791796,
      "v": 620
    },
    "EL624": {
      "%": 14.864865,
      "v": 440
    },
    "EL531": {
      "%": 13.766435,
      "v": 3560
    },
    "Municipality of Ilio (Nea Liossia)": {
      "%": 15.488215,
      "v": 2300
    },
    "Municipality of Vrilissia": {
      "%": 54.03846,
      "v": 2810
    },
    "EL644": {
      "%": 14.672489,
      "v": 3360
    },
    "EL413": {
      "%": 16.553596,
      "v": 1220
    },
    "Municipality of Voula": {
      "%": 49.567101,
      "v": 2290
    },
    "Municipality of Aspropyrgos": {
      "%": 6.1320753,
      "v": 260
    },
    "EL542": {
      "%": 12.738853,
      "v": 800
    },
    "Municipality of Salamina": {
      "%": 11.158798,
      "v": 520
    },
    "Municipality of Korydallos": {
      "%": 12.328767,
      "v": 1170
    },
    "EL431": {
      "%": 15.482924,
      "v": 7390
    },
    "Municipality of Argyroupoli": {
      "%": 22.73476,
      "v": 1380
    },
    "EL527": {
      "%": 11.456429,
      "v": 1880
    },
    "Municipality of Kifissia": {
      "%": 52.748692,
      "v": 4030
    },
    "EL526": {
      "%": 14.022141,
      "v": 3420
    },
    "Municipality of Metamorfossi": {
      "%": 15.845071,
      "v": 900
    }
  }
}