{
  "original_file": "Greece_2011.csv",
  "year": 2011,
  "country": "GR",
  "var": "ed_isced_6to8_f",
  "data": {
    "Municipality of Pireas": {
      "%": 14.677289,
      "v": 10870
    },
    "Municipality of Alimos": {
      "%": 24.381254,
      "v": 4630
    },
    "Municipality of Nea Philadelfia": {
      "%": 15.452151,
      "v": 1760
    },
    "EL513": {
      "%": 7.8647108,
      "v": 3860
    },
    "Municipality of Perama": {
      "%": 6.445837,
      "v": 720
    },
    "Municipality of Thessaloniki": {
      "%": 21.976776,
      "v": 32930
    },
    "EL632": {
      "%": 12.552301,
      "v": 16500
    },
    "Rest of Department Thessaloniki": {
      "%": 13.980115,
      "v": 18560
    },
    "Municipality of Athens": {
      "%": 20.504274,
      "v": 62130
    },
    "EL652": {
      "%": 9.8652554,
      "v": 6150
    },
    "Municipality of Neapoli": {
      "%": 9.960784,
      "v": 1270
    },
    "EL631": {
      "%": 8.3595152,
      "v": 7450
    },
    "Municipality of Cholargos": {
      "%": 34.867977,
      "v": 5150
    },
    "EL651": {
      "%": 9.0813789,
      "v": 6930
    },
    "Municipality of Vyron": {
      "%": 19.832909,
      "v": 5460
    },
    "Municipality of Pylea": {
      "%": 30.286114,
      "v": 4340
    },
    "EL411": {
      "%": 10.758777,
      "v": 4750
    },
    "Municipality of Iraklio": {
      "%": 22.969315,
      "v": 5090
    },
    "EL533": {
      "%": 10.37037,
      "v": 2240
    },
    "EL422": {
      "%": 10.024803,
      "v": 4850
    },
    "Municipality of Kallithea": {
      "%": 16.055143,
      "v": 7570
    },
    "Municipality of Kalamaria": {
      "%": 25.048496,
      "v": 10330
    },
    "EL525": {
      "%": 9.9605341,
      "v": 5300
    },
    "EL433": {
      "%": 10.957747,
      "v": 3890
    },
    "Municipality of Petroupoli": {
      "%": 14.585811,
      "v": 3680
    },
    "Municipality of Aghii Anargyri": {
      "%": 12.594632,
      "v": 1830
    },
    "EL622": {
      "%": 8.7462301,
      "v": 4060
    },
    "EL524": {
      "%": 7.4789915,
      "v": 4450
    },
    "Municipality of Glyfada": {
      "%": 24.038954,
      "v": 9380
    },
    "Municipality of Dafni": {
      "%": 15.944881,
      "v": 1620
    },
    "Municipality of Galatsi": {
      "%": 17.223064,
      "v": 4540
    },
    "Municipality of Chalandri": {
      "%": 30.773739,
      "v": 10500
    },
    "Municipality of Sykees": {
      "%": 14.190822,
      "v": 2350
    },
    "EL511": {
      "%": 10.148634,
      "v": 6350
    },
    "Municipality of Acharnes": {
      "%": 7.6885042,
      "v": 3110
    },
    "Municipality of Kamatero": {
      "%": 8.9614744,
      "v": 1070
    },
    "Municipality of Chaidari": {
      "%": 16.070528,
      "v": 3190
    },
    "Municipality of Ilioupoli": {
      "%": 19.514286,
      "v": 6830
    },
    "Rest of Prefecture West Attiki": {
      "%": 8.3097792,
      "v": 1470
    },
    "Municipality of Aghia Varvara": {
      "%": 8.9577951,
      "v": 1040
    },
    "EL642": {
      "%": 9.4277248,
      "v": 8270
    },
    "EL515": {
      "%": 9.4529028,
      "v": 5650
    },
    "Municipality of Aghios Dimitrios": {
      "%": 15.957101,
      "v": 4910
    },
    "Municipality of Moschato": {
      "%": 17.214533,
      "v": 1990
    },
    "EL653": {
      "%": 9.1835756,
      "v": 9550
    },
    "EL434": {
      "%": 12.408189,
      "v": 7940
    },
    "EL612": {
      "%": 12.25921,
      "v": 14510
    },
    "Municipality of Stavroupoli": {
      "%": 10.478128,
      "v": 2060
    },
    "EL521": {
      "%": 8.8096046,
      "v": 5210
    },
    "EL613": {
      "%": 12.346951,
      "v": 10790
    },
    "EL432": {
      "%": 9.7090445,
      "v": 3070
    },
    "Municipality of Nea Ionia": {
      "%": 15.171724,
      "v": 4550
    },
    "EL611": {
      "%": 9.7024212,
      "v": 10140
    },
    "EL512": {
      "%": 9.6336203,
      "v": 4470
    },
    "Municipality of Nikea": {
      "%": 9.2999744,
      "v": 3680
    },
    "Municipality of Eleftherio-Kordelio": {
      "%": 10.281195,
      "v": 1170
    },
    "EL633": {
      "%": 7.0568762,
      "v": 4690
    },
    "EL523": {
      "%": 7.4853802,
      "v": 2560
    },
    "Municipality of Thermaikos": {
      "%": 18.246235,
      "v": 2060
    },
    "EL645": {
      "%": 9.7947216,
      "v": 1670
    },
    "Municipality of Ano Liossia": {
      "%": 5.20362,
      "v": 690
    },
    "Municipality of Abelokipi": {
      "%": 11.079545,
      "v": 1950
    },
    "Municipality of Aegaleo": {
      "%": 10.558214,
      "v": 3310
    },
    "EL532": {
      "%": 8.5858583,
      "v": 1870
    },
    "Municipality of Megara": {
      "%": 8.3989506,
      "v": 960
    },
    "Municipality of Peristeri": {
      "%": 10.549559,
      "v": 6450
    },
    "EL421": {
      "%": 9.9653711,
      "v": 7770
    },
    "EL643": {
      "%": 6.067678,
      "v": 520
    },
    "Municipality of Koropi": {
      "%": 10.551948,
      "v": 1300
    },
    "Municipality of Polichni": {
      "%": 10.208955,
      "v": 1710
    },
    "Rest of Prefecture East Attiki": {
      "%": 19.566792,
      "v": 27010
    },
    "Rest of Prefecture Pireas": {
      "%": 7.0337367,
      "v": 2210
    },
    "EL623": {
      "%": 12.233719,
      "v": 2010
    },
    "Municipality of Echedoro": {
      "%": 9.0157156,
      "v": 1090
    },
    "Municipality of Keratsini": {
      "%": 8.4781303,
      "v": 2830
    },
    "Municipality of Nea Smyrni": {
      "%": 27.784256,
      "v": 9530
    },
    "Municipality of Paleo Faliro": {
      "%": 23.976608,
      "v": 7380
    },
    "Municipality of Zografos": {
      "%": 23.668638,
      "v": 8000
    },
    "EL543": {
      "%": 14.224555,
      "v": 10300
    },
    "EL541": {
      "%": 10.014701,
      "v": 5450
    },
    "EL514": {
      "%": 8.5503569,
      "v": 3710
    },
    "Municipality of Kessariani": {
      "%": 19.256756,
      "v": 2280
    },
    "Municipality of Aghia Paraskevi": {
      "%": 35.171387,
      "v": 9440
    },
    "EL641": {
      "%": 7.7004666,
      "v": 3630
    },
    "Municipality of Elefsina": {
      "%": 9.2702169,
      "v": 940
    },
    "Rest of Prefecture Athens": {
      "%": 29.698517,
      "v": 24430
    },
    "Municipality of Evosmo": {
      "%": 11.811024,
      "v": 3600
    },
    "Municipality of Amaroussio": {
      "%": 30.091743,
      "v": 9840
    },
    "EL412": {
      "%": 9.5628414,
      "v": 1750
    },
    "EL621": {
      "%": 7.5840979,
      "v": 1240
    },
    "EL624": {
      "%": 12.202689,
      "v": 1180
    },
    "EL531": {
      "%": 9.1898899,
      "v": 7090
    },
    "Municipality of Ilio (Nea Liossia)": {
      "%": 10.28921,
      "v": 3700
    },
    "Municipality of Vrilissia": {
      "%": 36.814426,
      "v": 4900
    },
    "EL644": {
      "%": 9.3823528,
      "v": 6380
    },
    "EL413": {
      "%": 11.503208,
      "v": 2510
    },
    "Municipality of Voula": {
      "%": 33.543308,
      "v": 4260
    },
    "Municipality of Aspropyrgos": {
      "%": 5.3135886,
      "v": 610
    },
    "EL542": {
      "%": 8.592514,
      "v": 1630
    },
    "Municipality of Salamina": {
      "%": 7.0545454,
      "v": 970
    },
    "Municipality of Korydallos": {
      "%": 10.131195,
      "v": 2780
    },
    "EL431": {
      "%": 11.78125,
      "v": 15080
    },
    "Municipality of Argyroupoli": {
      "%": 17.428198,
      "v": 2670
    },
    "EL527": {
      "%": 8.5784864,
      "v": 3820
    },
    "Municipality of Kifissia": {
      "%": 36.099392,
      "v": 7700
    },
    "EL526": {
      "%": 8.5032701,
      "v": 6630
    },
    "Municipality of Metamorfossi": {
      "%": 14.149444,
      "v": 1780
    }
  }
}