{
  "original_file": "Greece_2011.csv",
  "year": 2011,
  "country": "GR",
  "var": "ed_isced_3to5_m_35to44",
  "data": {
    "Municipality of Pireas": {
      "%": 60.882572,
      "v": 8140
    },
    "Municipality of Alimos": {
      "%": 56.645569,
      "v": 1790
    },
    "Municipality of Nea Philadelfia": {
      "%": 66.666664,
      "v": 1420
    },
    "EL513": {
      "%": 31.077349,
      "v": 2250
    },
    "Municipality of Perama": {
      "%": 65.841583,
      "v": 1330
    },
    "Municipality of Thessaloniki": {
      "%": 55.943691,
      "v": 10730
    },
    "EL632": {
      "%": 51.98877,
      "v": 11110
    },
    "Rest of Department Thessaloniki": {
      "%": 53.768456,
      "v": 13840
    },
    "Municipality of Athens": {
      "%": 55.657143,
      "v": 29220
    },
    "EL652": {
      "%": 53.270142,
      "v": 5620
    },
    "Municipality of Neapoli": {
      "%": 56.862743,
      "v": 1160
    },
    "EL631": {
      "%": 42.978447,
      "v": 6580
    },
    "Municipality of Cholargos": {
      "%": 43.961353,
      "v": 910
    },
    "EL651": {
      "%": 52.469135,
      "v": 6800
    },
    "Municipality of Vyron": {
      "%": 56.888889,
      "v": 2560
    },
    "Municipality of Pylea": {
      "%": 45.573769,
      "v": 1390
    },
    "EL411": {
      "%": 51.165981,
      "v": 3730
    },
    "Municipality of Iraklio": {
      "%": 57.487923,
      "v": 2380
    },
    "EL533": {
      "%": 53.521126,
      "v": 1900
    },
    "EL422": {
      "%": 51.844048,
      "v": 4920
    },
    "Municipality of Kallithea": {
      "%": 61.98225,
      "v": 4190
    },
    "Municipality of Kalamaria": {
      "%": 53.104359,
      "v": 4020
    },
    "EL525": {
      "%": 52.798309,
      "v": 5000
    },
    "EL433": {
      "%": 48.656715,
      "v": 3260
    },
    "Municipality of Petroupoli": {
      "%": 66.920151,
      "v": 3520
    },
    "Municipality of Aghii Anargyri": {
      "%": 63.986015,
      "v": 1830
    },
    "EL622": {
      "%": 50.953678,
      "v": 3740
    },
    "EL524": {
      "%": 42.100098,
      "v": 4290
    },
    "Municipality of Glyfada": {
      "%": 55.799374,
      "v": 3560
    },
    "Municipality of Dafni": {
      "%": 63.005779,
      "v": 1090
    },
    "Municipality of Galatsi": {
      "%": 67.84922,
      "v": 3060
    },
    "Municipality of Chalandri": {
      "%": 41.604477,
      "v": 2230
    },
    "Municipality of Sykees": {
      "%": 59.696968,
      "v": 1970
    },
    "EL511": {
      "%": 51.835373,
      "v": 4660
    },
    "Municipality of Acharnes": {
      "%": 59.63512,
      "v": 5230
    },
    "Municipality of Kamatero": {
      "%": 60.90535,
      "v": 1480
    },
    "Municipality of Chaidari": {
      "%": 65.633804,
      "v": 2330
    },
    "Municipality of Ilioupoli": {
      "%": 64.695946,
      "v": 3830
    },
    "Rest of Prefecture West Attiki": {
      "%": 56.321838,
      "v": 1960
    },
    "Municipality of Aghia Varvara": {
      "%": 60.674156,
      "v": 1080
    },
    "EL642": {
      "%": 50.149792,
      "v": 8370
    },
    "EL515": {
      "%": 44.990177,
      "v": 4580
    },
    "Municipality of Aghios Dimitrios": {
      "%": 64.080948,
      "v": 3800
    },
    "Municipality of Moschato": {
      "%": 66.836731,
      "v": 1310
    },
    "EL653": {
      "%": 49.128082,
      "v": 8170
    },
    "EL434": {
      "%": 55.833332,
      "v": 6700
    },
    "EL612": {
      "%": 51.805557,
      "v": 11190
    },
    "Municipality of Stavroupoli": {
      "%": 60.703812,
      "v": 2070
    },
    "EL521": {
      "%": 46.847721,
      "v": 4830
    },
    "EL613": {
      "%": 53.846153,
      "v": 8120
    },
    "EL432": {
      "%": 46.140652,
      "v": 2690
    },
    "Municipality of Nea Ionia": {
      "%": 60.405155,
      "v": 3280
    },
    "EL611": {
      "%": 47.584972,
      "v": 7980
    },
    "EL512": {
      "%": 36.653385,
      "v": 2760
    },
    "Municipality of Nikea": {
      "%": 65.29052,
      "v": 4270
    },
    "Municipality of Eleftherio-Kordelio": {
      "%": 67.410713,
      "v": 1510
    },
    "EL633": {
      "%": 38.360943,
      "v": 4400
    },
    "EL523": {
      "%": 52.592594,
      "v": 2840
    },
    "Municipality of Thermaikos": {
      "%": 58.407078,
      "v": 1320
    },
    "EL645": {
      "%": 52.788105,
      "v": 1420
    },
    "Municipality of Ano Liossia": {
      "%": 52.238808,
      "v": 1400
    },
    "Municipality of Abelokipi": {
      "%": 62.18182,
      "v": 1710
    },
    "Municipality of Aegaleo": {
      "%": 60.546875,
      "v": 3100
    },
    "EL532": {
      "%": 51.523544,
      "v": 1860
    },
    "Municipality of Megara": {
      "%": 44.954128,
      "v": 980
    },
    "Municipality of Peristeri": {
      "%": 61.310043,
      "v": 7020
    },
    "EL421": {
      "%": 52.380951,
      "v": 8030
    },
    "EL643": {
      "%": 45.918365,
      "v": 450
    },
    "Municipality of Koropi": {
      "%": 54.251011,
      "v": 1340
    },
    "Municipality of Polichni": {
      "%": 60.975609,
      "v": 2000
    },
    "Rest of Prefecture East Attiki": {
      "%": 54.311596,
      "v": 14990
    },
    "Rest of Prefecture Pireas": {
      "%": 54.280823,
      "v": 3170
    },
    "EL623": {
      "%": 50.161812,
      "v": 1550
    },
    "Municipality of Echedoro": {
      "%": 51.405624,
      "v": 1280
    },
    "Municipality of Keratsini": {
      "%": 67.350159,
      "v": 4270
    },
    "Municipality of Nea Smyrni": {
      "%": 54.720615,
      "v": 2840
    },
    "Municipality of Paleo Faliro": {
      "%": 56.81818,
      "v": 2500
    },
    "Municipality of Zografos": {
      "%": 56.175301,
      "v": 2820
    },
    "EL543": {
      "%": 53.91539,
      "v": 5990
    },
    "EL541": {
      "%": 49.384235,
      "v": 4010
    },
    "EL514": {
      "%": 53.869968,
      "v": 3480
    },
    "Municipality of Kessariani": {
      "%": 68.316833,
      "v": 1380
    },
    "Municipality of Aghia Paraskevi": {
      "%": 43.614456,
      "v": 1810
    },
    "EL641": {
      "%": 50.683491,
      "v": 4820
    },
    "Municipality of Elefsina": {
      "%": 53.125,
      "v": 1020
    },
    "Rest of Prefecture Athens": {
      "%": 46.931137,
      "v": 6270
    },
    "Municipality of Evosmo": {
      "%": 64.332893,
      "v": 4870
    },
    "Municipality of Amaroussio": {
      "%": 46.499104,
      "v": 2590
    },
    "EL412": {
      "%": 50.35461,
      "v": 1420
    },
    "EL621": {
      "%": 47.67802,
      "v": 1540
    },
    "EL624": {
      "%": 50.920246,
      "v": 830
    },
    "EL531": {
      "%": 63.559322,
      "v": 8250
    },
    "Municipality of Ilio (Nea Liossia)": {
      "%": 63.724136,
      "v": 4620
    },
    "Municipality of Vrilissia": {
      "%": 40.082645,
      "v": 970
    },
    "EL644": {
      "%": 57.228401,
      "v": 6690
    },
    "EL413": {
      "%": 57.734806,
      "v": 2090
    },
    "Municipality of Voula": {
      "%": 42.995171,
      "v": 890
    },
    "Municipality of Aspropyrgos": {
      "%": 46.222221,
      "v": 1040
    },
    "EL542": {
      "%": 58.012821,
      "v": 1810
    },
    "Municipality of Salamina": {
      "%": 60.454544,
      "v": 1330
    },
    "Municipality of Korydallos": {
      "%": 70.666664,
      "v": 3180
    },
    "EL431": {
      "%": 45.791245,
      "v": 10880
    },
    "Municipality of Argyroupoli": {
      "%": 65.140846,
      "v": 1850
    },
    "EL527": {
      "%": 49.36269,
      "v": 4260
    },
    "Municipality of Kifissia": {
      "%": 38.736263,
      "v": 1410
    },
    "EL526": {
      "%": 49.399521,
      "v": 6170
    },
    "Municipality of Metamorfossi": {
      "%": 64.561401,
      "v": 1840
    }
  }
}