{
  "original_file": "Greece_2011.csv",
  "year": 2011,
  "country": "GR",
  "var": "ed_isced_0to2_f",
  "data": {
    "Municipality of Pireas": {
      "%": 38.185257,
      "v": 28280
    },
    "Municipality of Alimos": {
      "%": 23.380726,
      "v": 4440
    },
    "Municipality of Nea Philadelfia": {
      "%": 38.1036,
      "v": 4340
    },
    "EL513": {
      "%": 66.911163,
      "v": 32840
    },
    "Municipality of Perama": {
      "%": 49.32856,
      "v": 5510
    },
    "Municipality of Thessaloniki": {
      "%": 32.508007,
      "v": 48710
    },
    "EL632": {
      "%": 45.720806,
      "v": 60100
    },
    "Rest of Department Thessaloniki": {
      "%": 45.887314,
      "v": 60920
    },
    "Municipality of Athens": {
      "%": 31.302597,
      "v": 94850
    },
    "EL652": {
      "%": 54.202759,
      "v": 33790
    },
    "Municipality of Neapoli": {
      "%": 48.07843,
      "v": 6130
    },
    "EL631": {
      "%": 62.421455,
      "v": 55630
    },
    "Municipality of Cholargos": {
      "%": 18.754232,
      "v": 2770
    },
    "EL651": {
      "%": 56.951908,
      "v": 43460
    },
    "Municipality of Vyron": {
      "%": 32.255722,
      "v": 8880
    },
    "Municipality of Pylea": {
      "%": 27.424982,
      "v": 3930
    },
    "EL411": {
      "%": 58.142696,
      "v": 25670
    },
    "Municipality of Iraklio": {
      "%": 29.422382,
      "v": 6520
    },
    "EL533": {
      "%": 58.240742,
      "v": 12580
    },
    "EL422": {
      "%": 53.596527,
      "v": 25930
    },
    "Municipality of Kallithea": {
      "%": 34.358429,
      "v": 16200
    },
    "Municipality of Kalamaria": {
      "%": 29.485935,
      "v": 12160
    },
    "EL525": {
      "%": 57.58316,
      "v": 30640
    },
    "EL433": {
      "%": 48.788731,
      "v": 17320
    },
    "Municipality of Petroupoli": {
      "%": 37.177963,
      "v": 9380
    },
    "Municipality of Aghii Anargyri": {
      "%": 39.779766,
      "v": 5780
    },
    "EL622": {
      "%": 55.773373,
      "v": 25890
    },
    "EL524": {
      "%": 62.974789,
      "v": 37470
    },
    "Municipality of Glyfada": {
      "%": 25.115326,
      "v": 9800
    },
    "Municipality of Dafni": {
      "%": 36.515747,
      "v": 3710
    },
    "Municipality of Galatsi": {
      "%": 35.432472,
      "v": 9340
    },
    "Municipality of Chalandri": {
      "%": 21.746777,
      "v": 7420
    },
    "Municipality of Sykees": {
      "%": 43.84058,
      "v": 7260
    },
    "EL511": {
      "%": 57.231899,
      "v": 35810
    },
    "Municipality of Acharnes": {
      "%": 45.834362,
      "v": 18540
    },
    "Municipality of Kamatero": {
      "%": 45.309883,
      "v": 5410
    },
    "Municipality of Chaidari": {
      "%": 36.826195,
      "v": 7310
    },
    "Municipality of Ilioupoli": {
      "%": 32.257141,
      "v": 11290
    },
    "Rest of Prefecture West Attiki": {
      "%": 54.437534,
      "v": 9630
    },
    "Municipality of Aghia Varvara": {
      "%": 52.713177,
      "v": 6120
    },
    "EL642": {
      "%": 55.950752,
      "v": 49080
    },
    "EL515": {
      "%": 55.52953,
      "v": 33190
    },
    "Municipality of Aghios Dimitrios": {
      "%": 37.53656,
      "v": 11550
    },
    "Municipality of Moschato": {
      "%": 31.487888,
      "v": 3640
    },
    "EL653": {
      "%": 58.245987,
      "v": 60570
    },
    "EL434": {
      "%": 46.491638,
      "v": 29750
    },
    "EL612": {
      "%": 53.37952,
      "v": 63180
    },
    "Municipality of Stavroupoli": {
      "%": 45.981689,
      "v": 9040
    },
    "EL521": {
      "%": 58.589787,
      "v": 34650
    },
    "EL613": {
      "%": 51.493305,
      "v": 45000
    },
    "EL432": {
      "%": 54.301075,
      "v": 17170
    },
    "Municipality of Nea Ionia": {
      "%": 38.779594,
      "v": 11630
    },
    "EL611": {
      "%": 63.697254,
      "v": 66570
    },
    "EL512": {
      "%": 64.181038,
      "v": 29780
    },
    "Municipality of Nikea": {
      "%": 46.954765,
      "v": 18580
    },
    "Municipality of Eleftherio-Kordelio": {
      "%": 43.057995,
      "v": 4900
    },
    "EL633": {
      "%": 62.789646,
      "v": 41730
    },
    "EL523": {
      "%": 61.16959,
      "v": 20920
    },
    "Municipality of Thermaikos": {
      "%": 32.152348,
      "v": 3630
    },
    "EL645": {
      "%": 56.129032,
      "v": 9570
    },
    "Municipality of Ano Liossia": {
      "%": 52.639519,
      "v": 6980
    },
    "Municipality of Abelokipi": {
      "%": 46.875,
      "v": 8250
    },
    "Municipality of Aegaleo": {
      "%": 45.07177,
      "v": 14130
    },
    "EL532": {
      "%": 58.080807,
      "v": 12650
    },
    "Municipality of Megara": {
      "%": 58.355206,
      "v": 6670
    },
    "Municipality of Peristeri": {
      "%": 45.305855,
      "v": 27700
    },
    "EL421": {
      "%": 50.724636,
      "v": 39550
    },
    "EL643": {
      "%": 68.144691,
      "v": 5840
    },
    "Municipality of Koropi": {
      "%": 43.262985,
      "v": 5330
    },
    "Municipality of Polichni": {
      "%": 45.194031,
      "v": 7570
    },
    "Rest of Prefecture East Attiki": {
      "%": 34.692844,
      "v": 47890
    },
    "Rest of Prefecture Pireas": {
      "%": 52.9599,
      "v": 16640
    },
    "EL623": {
      "%": 47.413269,
      "v": 7790
    },
    "Municipality of Echedoro": {
      "%": 53.680729,
      "v": 6490
    },
    "Municipality of Keratsini": {
      "%": 45.985619,
      "v": 15350
    },
    "Municipality of Nea Smyrni": {
      "%": 22.128281,
      "v": 7590
    },
    "Municipality of Paleo Faliro": {
      "%": 25.146198,
      "v": 7740
    },
    "Municipality of Zografos": {
      "%": 28.254438,
      "v": 9550
    },
    "EL543": {
      "%": 49.993095,
      "v": 36200
    },
    "EL541": {
      "%": 62.624035,
      "v": 34080
    },
    "EL514": {
      "%": 60.474762,
      "v": 26240
    },
    "Municipality of Kessariani": {
      "%": 34.375,
      "v": 4070
    },
    "Municipality of Aghia Paraskevi": {
      "%": 19.150522,
      "v": 5140
    },
    "EL641": {
      "%": 58.209587,
      "v": 27440
    },
    "Municipality of Elefsina": {
      "%": 48.619328,
      "v": 4930
    },
    "Rest of Prefecture Athens": {
      "%": 23.121809,
      "v": 19020
    },
    "Municipality of Evosmo": {
      "%": 39.107613,
      "v": 11920
    },
    "Municipality of Amaroussio": {
      "%": 21.834862,
      "v": 7140
    },
    "EL412": {
      "%": 55.136612,
      "v": 10090
    },
    "EL621": {
      "%": 55.535168,
      "v": 9080
    },
    "EL624": {
      "%": 55.429161,
      "v": 5360
    },
    "EL531": {
      "%": 56.876217,
      "v": 43880
    },
    "Municipality of Ilio (Nea Liossia)": {
      "%": 45.383759,
      "v": 16320
    },
    "Municipality of Vrilissia": {
      "%": 16.904583,
      "v": 2250
    },
    "EL644": {
      "%": 56.088234,
      "v": 38140
    },
    "EL413": {
      "%": 49.312557,
      "v": 10760
    },
    "Municipality of Voula": {
      "%": 17.952755,
      "v": 2280
    },
    "Municipality of Aspropyrgos": {
      "%": 56.445992,
      "v": 6480
    },
    "EL542": {
      "%": 61.412758,
      "v": 11650
    },
    "Municipality of Salamina": {
      "%": 56.872726,
      "v": 7820
    },
    "Municipality of Korydallos": {
      "%": 43.221573,
      "v": 11860
    },
    "EL431": {
      "%": 49.132813,
      "v": 62890
    },
    "Municipality of Argyroupoli": {
      "%": 32.04961,
      "v": 4910
    },
    "EL527": {
      "%": 57.534248,
      "v": 25620
    },
    "Municipality of Kifissia": {
      "%": 18.706047,
      "v": 3990
    },
    "EL526": {
      "%": 63.768116,
      "v": 49720
    },
    "Municipality of Metamorfossi": {
      "%": 38.632751,
      "v": 4860
    }
  }
}