{
  "original_file": "Ireland_1996.csv",
  "year": 1996,
  "country": "IE",
  "var": "ed_isced_0to2_m",
  "data": {
    "Carlow": {
      "%": 43.823921,
      "v": 6929
    },
    "Cavan": {
      "%": 44.970615,
      "v": 9183
    },
    "Clare": {
      "%": 38.512985,
      "v": 13763
    },
    "Cork": {
      "%": 41.770134,
      "v": 66341
    },
    "Donegal": {
      "%": 51.186127,
      "v": 24792
    },
    "Dublin City": {
      "%": 49.936966,
      "v": 91504
    },
    "Dublin County": {
      "%": 36.91581,
      "v": 75948
    },
    "Galway": {
      "%": 36.984062,
      "v": 26451
    },
    "Kerry": {
      "%": 41.831627,
      "v": 20308
    },
    "Kildare": {
      "%": 37.844631,
      "v": 18819
    },
    "Kilkenny": {
      "%": 41.134106,
      "v": 11766
    },
    "Laois": {
      "%": 42.754414,
      "v": 8621
    },
    "Leitrim": {
      "%": 41.75386,
      "v": 4190
    },
    "Limerick City and County": {
      "%": 41.752415,
      "v": 26213
    },
    "Longford": {
      "%": 44.331844,
      "v": 5162
    },
    "Louth": {
      "%": 51.044628,
      "v": 17420
    },
    "Mayo": {
      "%": 44.540833,
      "v": 18843
    },
    "Meath": {
      "%": 40.344479,
      "v": 16373
    },
    "Monaghan": {
      "%": 47.624683,
      "v": 9253
    },
    "Offaly": {
      "%": 47.041672,
      "v": 10487
    },
    "Roscommon": {
      "%": 40.484955,
      "v": 8248
    },
    "Sligo": {
      "%": 39.153313,
      "v": 8259
    },
    "Tipperary": {
      "%": 42.424957,
      "v": 21596
    },
    "Waterford City and County": {
      "%": 44.51561,
      "v": 15986
    },
    "Westmeath": {
      "%": 42.490253,
      "v": 10026
    },
    "Wexford": {
      "%": 48.854824,
      "v": 19155
    },
    "Wicklow": {
      "%": 41.949333,
      "v": 15830
    }
  }
}