{
  "original_file": "Ireland_1996.csv",
  "year": 1996,
  "country": "IE",
  "var": "ed_isced_3to5",
  "data": {
    "Carlow": {
      "%": 34.609982,
      "v": 10844
    },
    "Cavan": {
      "%": 31.924858,
      "v": 12610
    },
    "Clare": {
      "%": 37.901363,
      "v": 26736
    },
    "Cork": {
      "%": 35.932072,
      "v": 115822
    },
    "Donegal": {
      "%": 29.008202,
      "v": 28084
    },
    "Dublin City": {
      "%": 33.063076,
      "v": 130210
    },
    "Dublin County": {
      "%": 41.663754,
      "v": 179882
    },
    "Galway": {
      "%": 36.158161,
      "v": 52152
    },
    "Kerry": {
      "%": 34.34547,
      "v": 33074
    },
    "Kildare": {
      "%": 39.266277,
      "v": 38960
    },
    "Kilkenny": {
      "%": 37.268944,
      "v": 21130
    },
    "Laois": {
      "%": 34.988049,
      "v": 13758
    },
    "Leitrim": {
      "%": 32.243622,
      "v": 6194
    },
    "Limerick City and County": {
      "%": 36.040947,
      "v": 45630
    },
    "Longford": {
      "%": 33.318619,
      "v": 7548
    },
    "Louth": {
      "%": 33.024578,
      "v": 23032
    },
    "Mayo": {
      "%": 33.874844,
      "v": 28484
    },
    "Meath": {
      "%": 38.081974,
      "v": 30894
    },
    "Monaghan": {
      "%": 30.546007,
      "v": 11642
    },
    "Offaly": {
      "%": 33.461075,
      "v": 14756
    },
    "Roscommon": {
      "%": 35.64082,
      "v": 14138
    },
    "Sligo": {
      "%": 38.322376,
      "v": 16438
    },
    "Tipperary": {
      "%": 36.974991,
      "v": 37344
    },
    "Waterford City and County": {
      "%": 35.068253,
      "v": 25408
    },
    "Westmeath": {
      "%": 36.019257,
      "v": 17134
    },
    "Wexford": {
      "%": 33.139248,
      "v": 26010
    },
    "Wicklow": {
      "%": 38.423824,
      "v": 29624
    }
  }
}