{
  "original_file": "Ireland_1996.csv",
  "year": 1996,
  "country": "IE",
  "var": "ed_isced_3to5_f",
  "data": {
    "Carlow": {
      "%": 34.93332,
      "v": 5422
    },
    "Cavan": {
      "%": 33.04681,
      "v": 6305
    },
    "Clare": {
      "%": 38.40828,
      "v": 13368
    },
    "Cork": {
      "%": 35.41697,
      "v": 57911
    },
    "Donegal": {
      "%": 29.02499,
      "v": 14042
    },
    "Dublin City": {
      "%": 30.9164,
      "v": 65105
    },
    "Dublin County": {
      "%": 39.79444,
      "v": 89941
    },
    "Galway": {
      "%": 35.86154,
      "v": 26076
    },
    "Kerry": {
      "%": 34.63174,
      "v": 16537
    },
    "Kildare": {
      "%": 39.3591,
      "v": 19480
    },
    "Kilkenny": {
      "%": 37.60857,
      "v": 10565
    },
    "Laois": {
      "%": 35.90667,
      "v": 6879
    },
    "Leitrim": {
      "%": 33.75477,
      "v": 3097
    },
    "Limerick City and County": {
      "%": 35.74674,
      "v": 22815
    },
    "Longford": {
      "%": 34.27793,
      "v": 3774
    },
    "Louth": {
      "%": 32.33469,
      "v": 11516
    },
    "Mayo": {
      "%": 34.08727,
      "v": 14242
    },
    "Meath": {
      "%": 38.10123,
      "v": 15447
    },
    "Monaghan": {
      "%": 31.155,
      "v": 5821
    },
    "Offaly": {
      "%": 33.83472,
      "v": 7378
    },
    "Roscommon": {
      "%": 36.63643,
      "v": 7069
    },
    "Sligo": {
      "%": 37.70184,
      "v": 8219
    },
    "Tipperary": {
      "%": 37.27393,
      "v": 18672
    },
    "Waterford City and County": {
      "%": 34.76548,
      "v": 12704
    },
    "Westmeath": {
      "%": 35.73604,
      "v": 8567
    },
    "Wexford": {
      "%": 33.10929,
      "v": 13005
    },
    "Wicklow": {
      "%": 37.6302,
      "v": 14812
    }
  }
}