{
  "original_file": "Ireland_1996.csv",
  "year": 1996,
  "country": "IE",
  "var": "ed_isced_6to8_m",
  "data": {
    "Carlow": {
      "%": 5.5024981,
      "v": 870
    },
    "Cavan": {
      "%": 5.0097942,
      "v": 1023
    },
    "Clare": {
      "%": 7.0181332,
      "v": 2508
    },
    "Cork": {
      "%": 8.2877903,
      "v": 13163
    },
    "Donegal": {
      "%": 5.564158,
      "v": 2695
    },
    "Dublin City": {
      "%": 11.471903,
      "v": 21021
    },
    "Dublin County": {
      "%": 11.993215,
      "v": 24674
    },
    "Galway": {
      "%": 9.7860737,
      "v": 6999
    },
    "Kerry": {
      "%": 6.877871,
      "v": 3339
    },
    "Kildare": {
      "%": 7.605526,
      "v": 3782
    },
    "Kilkenny": {
      "%": 5.9886727,
      "v": 1713
    },
    "Laois": {
      "%": 5.2172189,
      "v": 1052
    },
    "Leitrim": {
      "%": 5.231689,
      "v": 525
    },
    "Limerick City and County": {
      "%": 6.7360072,
      "v": 4229
    },
    "Longford": {
      "%": 5.1872211,
      "v": 604
    },
    "Louth": {
      "%": 5.3857651,
      "v": 1838
    },
    "Mayo": {
      "%": 6.25458,
      "v": 2646
    },
    "Meath": {
      "%": 6.6037502,
      "v": 2680
    },
    "Monaghan": {
      "%": 5.6050234,
      "v": 1089
    },
    "Offaly": {
      "%": 4.8535414,
      "v": 1082
    },
    "Roscommon": {
      "%": 5.9245081,
      "v": 1207
    },
    "Sligo": {
      "%": 8.1966438,
      "v": 1729
    },
    "Tipperary": {
      "%": 5.7952223,
      "v": 2950
    },
    "Waterford City and County": {
      "%": 6.0120854,
      "v": 2159
    },
    "Westmeath": {
      "%": 6.4036279,
      "v": 1511
    },
    "Wexford": {
      "%": 5.2616811,
      "v": 2063
    },
    "Wicklow": {
      "%": 8.1248674,
      "v": 3066
    }
  }
}