{
  "original_file": "Ireland_1996.csv",
  "year": 1996,
  "country": "IE",
  "var": "ed_isced_6to8_f",
  "data": {
    "IE_lau_1": {
      "%": 5.605309,
      "v": 870
    },
    "IE_lau_2": {
      "%": 5.3619161,
      "v": 1023
    },
    "IE_lau_3": {
      "%": 7.2058611,
      "v": 2508
    },
    "IE_lau_4": {
      "%": 8.0501738,
      "v": 13163
    },
    "IE_lau_5": {
      "%": 5.5705986,
      "v": 2695
    },
    "IE_lau_6": {
      "%": 9.9822397,
      "v": 21021
    },
    "IE_lau_7": {
      "%": 10.917023,
      "v": 24674
    },
    "IE_lau_8": {
      "%": 9.625514,
      "v": 6999
    },
    "IE_lau_9": {
      "%": 6.9925237,
      "v": 3339
    },
    "IE_lau_10": {
      "%": 7.6414847,
      "v": 3782
    },
    "IE_lau_11": {
      "%": 6.0978212,
      "v": 1713
    },
    "IE_lau_12": {
      "%": 5.4911785,
      "v": 1052
    },
    "IE_lau_13": {
      "%": 5.7220707,
      "v": 525
    },
    "IE_lau_14": {
      "%": 6.6260343,
      "v": 4229
    },
    "IE_lau_15": {
      "%": 5.4859219,
      "v": 604
    },
    "IE_lau_16": {
      "%": 5.1607471,
      "v": 1838
    },
    "IE_lau_17": {
      "%": 6.3330221,
      "v": 2646
    },
    "IE_lau_18": {
      "%": 6.6104288,
      "v": 2680
    },
    "IE_lau_19": {
      "%": 5.8285165,
      "v": 1089
    },
    "IE_lau_20": {
      "%": 4.961937,
      "v": 1082
    },
    "IE_lau_21": {
      "%": 6.2555065,
      "v": 1207
    },
    "IE_lau_22": {
      "%": 7.9311929,
      "v": 1729
    },
    "IE_lau_23": {
      "%": 5.8889289,
      "v": 2950
    },
    "IE_lau_24": {
      "%": 5.9082699,
      "v": 2159
    },
    "IE_lau_25": {
      "%": 6.3029242,
      "v": 1511
    },
    "IE_lau_26": {
      "%": 5.2521706,
      "v": 2063
    },
    "IE_lau_27": {
      "%": 7.7892385,
      "v": 3066
    }
  }
}