{
  "original_file": "Germany_1987.csv",
  "year": 1987,
  "country": "DE",
  "var": "ed_isced_6to8_f",
  "data": {
    "DEB12": {
      "%": 4.3986406,
      "v": 2213
    },
    "DE275": {
      "%": 4.5295758,
      "v": 1932
    },
    "DE145": {
      "%": 4.4482107,
      "v": 2992
    },
    "DEB13": {
      "%": 3.2124195,
      "v": 1703
    },
    "DE214": {
      "%": 4.0947762,
      "v": 1723
    },
    "DEB3B": {
      "%": 3.7916005,
      "v": 1644
    },
    "DE231": {
      "%": 4.9859128,
      "v": 991
    },
    "DE234": {
      "%": 3.0839846,
      "v": 1243
    },
    "DE946": {
      "%": 4.5221248,
      "v": 1815
    },
    "DE251": {
      "%": 5.249177,
      "v": 909
    },
    "DE256": {
      "%": 3.5690427,
      "v": 2404
    },
    "DE261": {
      "%": 4.7885017,
      "v": 1346
    },
    "DE264": {
      "%": 3.7414496,
      "v": 2434
    },
    "DE271": {
      "%": 5.6967597,
      "v": 6538
    },
    "DE276": {
      "%": 4.8681245,
      "v": 3972
    },
    "DE947": {
      "%": 3.8495662,
      "v": 2777
    },
    "DEB3C": {
      "%": 4.4846473,
      "v": 2407
    },
    "DE265": {
      "%": 3.5913806,
      "v": 1575
    },
    "DEB14": {
      "%": 3.986249,
      "v": 2609
    },
    "DE216": {
      "%": 6.15029,
      "v": 2714
    },
    "DE121": {
      "%": 7.008513,
      "v": 1770
    },
    "DE241": {
      "%": 6.8289485,
      "v": 2292
    },
    "DE245": {
      "%": 3.2217641,
      "v": 1594
    },
    "DE242": {
      "%": 7.1532097,
      "v": 2369
    },
    "DE246": {
      "%": 3.2552731,
      "v": 1372
    },
    "DE215": {
      "%": 4.6948247,
      "v": 2003
    },
    "DE715": {
      "%": 5.1399632,
      "v": 5470
    },
    "DEB22": {
      "%": 3.5708177,
      "v": 1670
    },
    "DE146": {
      "%": 4.6379519,
      "v": 3029
    },
    "DEA41": {
      "%": 5.9823852,
      "v": 8545
    },
    "DEB15": {
      "%": 2.9579155,
      "v": 1133
    },
    "DEA51": {
      "%": 5.5600505,
      "v": 9964
    },
    "DE147": {
      "%": 6.1120586,
      "v": 4622
    },
    "DEA22": {
      "%": 11.073374,
      "v": 14639
    },
    "DEA34": {
      "%": 3.8018732,
      "v": 4851
    },
    "DEA31": {
      "%": 3.8237288,
      "v": 1974
    },
    "DE911": {
      "%": 6.8471794,
      "v": 8125
    },
    "DE132": {
      "%": 6.8766327,
      "v": 6107
    },
    "DE501": {
      "%": 6.1325202,
      "v": 15347
    },
    "DE502": {
      "%": 4.1412401,
      "v": 2382
    },
    "DE112": {
      "%": 6.4291606,
      "v": 8655
    },
    "DE12A": {
      "%": 4.8608255,
      "v": 2836
    },
    "DE931": {
      "%": 4.6421714,
      "v": 3410
    },
    "DE235": {
      "%": 3.1330221,
      "v": 1611
    },
    "DE948": {
      "%": 3.9849048,
      "v": 1869
    },
    "DE243": {
      "%": 5.7546253,
      "v": 1182
    },
    "DE247": {
      "%": 2.7360425,
      "v": 987
    },
    "DEB1C": {
      "%": 2.9933105,
      "v": 792
    },
    "DEA35": {
      "%": 5.661365,
      "v": 4218
    },
    "DE932": {
      "%": 4.2505245,
      "v": 3546
    },
    "DE217": {
      "%": 4.8500729,
      "v": 2203
    },
    "DE711": {
      "%": 9.8814106,
      "v": 6141
    },
    "DE716": {
      "%": 6.2647271,
      "v": 6753
    },
    "DE224": {
      "%": 3.5370653,
      "v": 1555
    },
    "DE941": {
      "%": 3.6458495,
      "v": 1174
    },
    "DE922": {
      "%": 4.3030033,
      "v": 3456
    },
    "DE277": {
      "%": 3.7034874,
      "v": 1268
    },
    "DE22C": {
      "%": 3.0605929,
      "v": 989
    },
    "DEF05": {
      "%": 3.8777847,
      "v": 2202
    },
    "DE27D": {
      "%": 3.7044501,
      "v": 1838
    },
    "DEB3D": {
      "%": 3.1410739,
      "v": 916
    },
    "DEA52": {
      "%": 5.1190505,
      "v": 13779
    },
    "DEA12": {
      "%": 3.4748099,
      "v": 8309
    },
    "DEA26": {
      "%": 4.5815296,
      "v": 4699
    },
    "DEA11": {
      "%": 7.360405,
      "v": 19998
    },
    "DE218": {
      "%": 7.1517382,
      "v": 2991
    },
    "DE219": {
      "%": 4.2831602,
      "v": 1725
    },
    "DEB23": {
      "%": 3.1119633,
      "v": 1201
    },
    "DE942": {
      "%": 4.5753975,
      "v": 1021
    },
    "DE133": {
      "%": 4.9269123,
      "v": 2838
    },
    "DE949": {
      "%": 4.2629857,
      "v": 4413
    },
    "DEA56": {
      "%": 5.0172787,
      "v": 7811
    },
    "DE12B": {
      "%": 4.5150104,
      "v": 3229
    },
    "DE21A": {
      "%": 3.8646572,
      "v": 1454
    },
    "DE252": {
      "%": 9.5869846,
      "v": 4343
    },
    "DE257": {
      "%": 6.4451799,
      "v": 2844
    },
    "DEA13": {
      "%": 5.3501801,
      "v": 15697
    },
    "DE113": {
      "%": 6.1972842,
      "v": 12410
    },
    "DEA28": {
      "%": 4.6862893,
      "v": 3326
    },
    "DEF01": {
      "%": 5.67063,
      "v": 2275
    },
    "DE248": {
      "%": 4.6707797,
      "v": 1938
    },
    "DEB31": {
      "%": 4.8314219,
      "v": 973
    },
    "DE712": {
      "%": 8.4833851,
      "v": 24631
    },
    "DE131": {
      "%": 11.651607,
      "v": 9993
    },
    "DE21B": {
      "%": 6.0670166,
      "v": 3040
    },
    "DE12C": {
      "%": 4.3092184,
      "v": 1946
    },
    "DE225": {
      "%": 2.9995604,
      "v": 955
    },
    "DE94A": {
      "%": 3.9131386,
      "v": 1611
    },
    "DE732": {
      "%": 4.2974648,
      "v": 3558
    },
    "DE21C": {
      "%": 7.2601876,
      "v": 5516
    },
    "DE253": {
      "%": 4.6752906,
      "v": 2136
    },
    "DE258": {
      "%": 4.8089638,
      "v": 2000
    },
    "DE21D": {
      "%": 5.274437,
      "v": 1969
    },
    "DEA32": {
      "%": 3.3974321,
      "v": 4477
    },
    "DEB3E": {
      "%": 3.6215034,
      "v": 1604
    },
    "DE721": {
      "%": 7.1321731,
      "v": 7200
    },
    "DE914": {
      "%": 3.9713695,
      "v": 2175
    },
    "DE916": {
      "%": 4.4176979,
      "v": 3263
    },
    "DE94B": {
      "%": 3.7143204,
      "v": 1840
    },
    "DE717": {
      "%": 4.8554225,
      "v": 4742
    },
    "DE114": {
      "%": 4.730659,
      "v": 4780
    },
    "DE91C": {
      "%": 7.1476407,
      "v": 10780
    },
    "DE278": {
      "%": 3.9625108,
      "v": 1818
    },
    "DEA42": {
      "%": 4.1374168,
      "v": 5163
    },
    "DEA53": {
      "%": 4.7450504,
      "v": 4585
    },
    "DE600": {
      "%": 7.4896226,
      "v": 56710
    },
    "DE923": {
      "%": 4.0002208,
      "v": 2902
    },
    "DEA54": {
      "%": 3.8574767,
      "v": 2922
    },
    "DE933": {
      "%": 5.9475684,
      "v": 4914
    },
    "DE267": {
      "%": 3.1671658,
      "v": 1068
    },
    "DE125": {
      "%": 14.021955,
      "v": 8673
    },
    "DE11C": {
      "%": 4.3905468,
      "v": 2404
    },
    "DE118": {
      "%": 4.4738808,
      "v": 4850
    },
    "DE117": {
      "%": 5.1853909,
      "v": 2611
    },
    "DEA29": {
      "%": 3.515873,
      "v": 3214
    },
    "DE917": {
      "%": 3.3520954,
      "v": 1471
    },
    "DEA43": {
      "%": 4.2377262,
      "v": 4428
    },
    "DEA55": {
      "%": 3.7112963,
      "v": 2969
    },
    "DE733": {
      "%": 3.7347002,
      "v": 2084
    },
    "DEF06": {
      "%": 5.3720813,
      "v": 3686
    },
    "DE925": {
      "%": 5.0333891,
      "v": 6437
    },
    "DEA57": {
      "%": 4.2678089,
      "v": 4842
    },
    "DE718": {
      "%": 9.2922049,
      "v": 8712
    },
    "DE244": {
      "%": 4.1414766,
      "v": 1007
    },
    "DE249": {
      "%": 3.3280311,
      "v": 1611
    },
    "DE119": {
      "%": 4.3221049,
      "v": 1600
    },
    "DE926": {
      "%": 3.6429079,
      "v": 1336
    },
    "DEA44": {
      "%": 4.5294347,
      "v": 2776
    },
    "DE211": {
      "%": 4.6790938,
      "v": 1983
    },
    "DEB3F": {
      "%": 3.4875121,
      "v": 1462
    },
    "DEB32": {
      "%": 5.3225985,
      "v": 2380
    },