{
  "original_file": "Greece_2001.csv",
  "year": 2001,
  "country": "GR",
  "var": "ed_isced_6to8_f",
  "data": {
    "EL301": {
      "%": 19.091581,
      "v": 36190
    },
    "EL302": {
      "%": 7.2823167,
      "v": 14360
    },
    "EL303": {
      "%": 15.329116,
      "v": 84560
    },
    "EL304": {
      "%": 14.176246,
      "v": 30710
    },
    "EL305": {
      "%": 10.693642,
      "v": 16650
    },
    "EL306": {
      "%": 4.7661872,
      "v": 2650
    },
    "EL307": {
      "%": 6.471807,
      "v": 14990
    },
    "EL411": {
      "%": 5.9534883,
      "v": 2560
    },
    "EL412": {
      "%": 5.9834123,
      "v": 1010
    },
    "EL413": {
      "%": 5.3146853,
      "v": 1140
    },
    "EL421": {
      "%": 7.1205673,
      "v": 5020
    },
    "EL422": {
      "%": 6.2958579,
      "v": 2660
    },
    "EL431": {
      "%": 7.8590307,
      "v": 8920
    },
    "EL432": {
      "%": 6.5883889,
      "v": 2020
    },
    "EL433": {
      "%": 7.7423553,
      "v": 2380
    },
    "EL434": {
      "%": 7.8082929,
      "v": 4350
    },
    "EL511": {
      "%": 6.3113365,
      "v": 3730
    },
    "EL512": {
      "%": 5.0314465,
      "v": 2000
    },
    "EL513": {
      "%": 4.9288292,
      "v": 2320
    },
    "EL514": {
      "%": 5.3609719,
      "v": 2250
    },
    "EL515": {
      "%": 6.2885737,
      "v": 3770
    },
    "EL521": {
      "%": 5.9306102,
      "v": 3470
    },
    "EL522": {
      "%": 11.843883,
      "v": 52620
    },
    "EL523": {
      "%": 4.4072523,
      "v": 1580
    },
    "EL524": {
      "%": 5.0487761,
      "v": 2950
    },
    "EL525": {
      "%": 6.8865743,
      "v": 3570
    },
    "EL526": {
      "%": 5.6026759,
      "v": 4690
    },
    "EL527": {
      "%": 5.9650826,
      "v": 2460
    },
    "EL531": {
      "%": 5.6045256,
      "v": 4260
    },
    "EL532": {
      "%": 6.5176024,
      "v": 1370
    },
    "EL533": {
      "%": 5.5118113,
      "v": 1190
    },
    "EL541": {
      "%": 5.6428571,
      "v": 3160
    },
    "EL542": {
      "%": 4.5504994,
      "v": 820
    },
    "EL543": {
      "%": 8.8798199,
      "v": 6310
    },
    "EL611": {
      "%": 6.0319562,
      "v": 6380
    },
    "EL612": {
      "%": 8.2921667,
      "v": 9400
    },
    "EL613": {
      "%": 7.7522168,
      "v": 6470
    },
    "EL621": {
      "%": 5.2906599,
      "v": 810
    },
    "EL622": {
      "%": 5.7148929,
      "v": 2690
    },
    "EL623": {
      "%": 6.9525666,
      "v": 1070
    },
    "EL624": {
      "%": 7.7008929,
      "v": 690
    },
    "EL631": {
      "%": 4.9846363,
      "v": 4380
    },
    "EL632": {
      "%": 7.5128508,
      "v": 9500
    },
    "EL633": {
      "%": 4.214457,
      "v": 3160
    },
    "EL641": {
      "%": 5.1449571,
      "v": 2520
    },
    "EL642": {
      "%": 5.859375,
      "v": 5100
    },
    "EL643": {
      "%": 5.4389315,
      "v": 570
    },
    "EL644": {
      "%": 6.0854797,
      "v": 4300
    },
    "EL645": {
      "%": 6.4340239,
      "v": 1180
    },
    "EL651": {
      "%": 6.2011657,
      "v": 5000
    },
    "EL652": {
      "%": 6.0436854,
      "v": 3680
    },
    "EL653": {
      "%": 5.6609087,
      "v": 6030
    }
  }
}