{
  "original_file": "Greece_2001.csv",
  "year": 2001,
  "country": "GR",
  "var": "ed_isced_6to8_m",
  "data": {
    "EL301": {
      "%": 26.111244,
      "v": 43470
    },
    "EL302": {
      "%": 7.938561,
      "v": 14730
    },
    "EL303": {
      "%": 20.476786,
      "v": 98350
    },
    "EL304": {
      "%": 19.137783,
      "v": 35780
    },
    "EL305": {
      "%": 13.769264,
      "v": 21710
    },
    "EL306": {
      "%": 5.4836388,
      "v": 3050
    },
    "EL307": {
      "%": 8.0677614,
      "v": 17240
    },
    "EL411": {
      "%": 7.2662721,
      "v": 3070
    },
    "EL412": {
      "%": 8.4539661,
      "v": 1460
    },
    "EL413": {
      "%": 7.6622744,
      "v": 1570
    },
    "EL421": {
      "%": 8.6466694,
      "v": 6140
    },
    "EL422": {
      "%": 6.7570572,
      "v": 3040
    },
    "EL431": {
      "%": 8.6716032,
      "v": 9720
    },
    "EL432": {
      "%": 7.2554169,
      "v": 2210
    },
    "EL433": {
      "%": 7.7806959,
      "v": 2370
    },
    "EL434": {
      "%": 8.2779675,
      "v": 4610
    },
    "EL511": {
      "%": 7.883965,
      "v": 4430
    },
    "EL512": {
      "%": 7.6682315,
      "v": 2940
    },
    "EL513": {
      "%": 6.7704649,
      "v": 2870
    },
    "EL514": {
      "%": 7.276402,
      "v": 2880
    },
    "EL515": {
      "%": 7.255075,
      "v": 4110
    },
    "EL521": {
      "%": 7.054389,
      "v": 3930
    },
    "EL522": {
      "%": 13.721944,
      "v": 55390
    },
    "EL523": {
      "%": 5.7591624,
      "v": 1980
    },
    "EL524": {
      "%": 5.2350612,
      "v": 3040
    },
    "EL525": {
      "%": 6.7484665,
      "v": 3410
    },
    "EL526": {
      "%": 6.2206283,
      "v": 5030
    },
    "EL527": {
      "%": 6.3514142,
      "v": 2740
    },
    "EL531": {
      "%": 7.0450616,
      "v": 5300
    },
    "EL532": {
      "%": 7.4161549,
      "v": 1570
    },
    "EL533": {
      "%": 6.2296605,
      "v": 1340
    },
    "EL541": {
      "%": 7.6753583,
      "v": 4180
    },
    "EL542": {
      "%": 6.3392348,
      "v": 1110
    },
    "EL543": {
      "%": 11.432384,
      "v": 7710
    },
    "EL611": {
      "%": 7.1069913,
      "v": 7360
    },
    "EL612": {
      "%": 9.6141329,
      "v": 10340
    },
    "EL613": {
      "%": 9.7374039,
      "v": 7750
    },
    "EL621": {
      "%": 5.3265696,
      "v": 840
    },
    "EL622": {
      "%": 8.3557949,
      "v": 3720
    },
    "EL623": {
      "%": 6.8776627,
      "v": 1130
    },
    "EL624": {
      "%": 8.7757311,
      "v": 810
    },
    "EL631": {
      "%": 5.8955894,
      "v": 5240
    },
    "EL632": {
      "%": 9.3457947,
      "v": 11600
    },
    "EL633": {
      "%": 4.7588754,
      "v": 3740
    },
    "EL641": {
      "%": 5.6506848,
      "v": 2970
    },
    "EL642": {
      "%": 7.2175612,
      "v": 6280
    },
    "EL643": {
      "%": 6.4606743,
      "v": 690
    },
    "EL644": {
      "%": 8.0398579,
      "v": 5890
    },
    "EL645": {
      "%": 9.9676723,
      "v": 1850
    },
    "EL651": {
      "%": 7.3205914,
      "v": 6090
    },
    "EL652": {
      "%": 7.6561232,
      "v": 4720
    },
    "EL653": {
      "%": 6.6399126,
      "v": 7280
    }
  }
}