{
  "original_file": "Greece_2001.csv",
  "year": 2001,
  "country": "GR",
  "var": "ed_isced_0to2_m",
  "data": {
    "EL300": {
      "%": 37.611927,
      "v": 543970
    },
    "EL411": {
      "%": 63.81065,
      "v": 26960
    },
    "EL412": {
      "%": 60.104225,
      "v": 10380
    },
    "EL413": {
      "%": 54.221573,
      "v": 11110
    },
    "EL421": {
      "%": 56.710323,
      "v": 40270
    },
    "EL422": {
      "%": 62.858414,
      "v": 28280
    },
    "EL431": {
      "%": 59.478989,
      "v": 66670
    },
    "EL432": {
      "%": 61.78595,
      "v": 18820
    },
    "EL433": {
      "%": 60.73539,
      "v": 18500
    },
    "EL434": {
      "%": 55.216377,
      "v": 30750
    },
    "EL511": {
      "%": 63.623421,
      "v": 35750
    },
    "EL512": {
      "%": 67.47522,
      "v": 25870
    },
    "EL513": {
      "%": 71.101677,
      "v": 30140
    },
    "EL514": {
      "%": 62.278927,
      "v": 24650
    },
    "EL515": {
      "%": 60.194176,
      "v": 34100
    },
    "EL521": {
      "%": 62.735596,
      "v": 34950
    },
    "EL522": {
      "%": 44.121292,
      "v": 178100
    },
    "EL523": {
      "%": 65.357765,
      "v": 22470
    },
    "EL524": {
      "%": 68.469086,
      "v": 39760
    },
    "EL525": {
      "%": 63.328716,
      "v": 32000
    },
    "EL526": {
      "%": 68.315605,
      "v": 55240
    },
    "EL527": {
      "%": 62.10014,
      "v": 26790
    },
    "EL531": {
      "%": 58.739864,
      "v": 44190
    },
    "EL532": {
      "%": 65.942368,
      "v": 13960
    },
    "EL533": {
      "%": 62.947468,
      "v": 13540
    },
    "EL541": {
      "%": 66.434082,
      "v": 36180
    },
    "EL542": {
      "%": 67.104515,
      "v": 11750
    },
    "EL543": {
      "%": 55.871887,
      "v": 37680
    },
    "EL611": {
      "%": 67.275009,
      "v": 69670
    },
    "EL612": {
      "%": 60.083683,
      "v": 64620
    },
    "EL613": {
      "%": 53.63739,
      "v": 42690
    },
    "EL621": {
      "%": 70.323402,
      "v": 11090
    },
    "EL622": {
      "%": 61.904762,
      "v": 27560
    },
    "EL623": {
      "%": 57.760193,
      "v": 9490
    },
    "EL624": {
      "%": 61.105091,
      "v": 5640
    },
    "EL631": {
      "%": 67.337982,
      "v": 59850
    },
    "EL632": {
      "%": 52.400902,
      "v": 65040
    },
    "EL633": {
      "%": 67.896683,
      "v": 53360
    },
    "EL641": {
      "%": 61.510654,
      "v": 32330
    },
    "EL642": {
      "%": 59.211586,
      "v": 51520
    },
    "EL643": {
      "%": 66.292137,
      "v": 7080
    },
    "EL644": {
      "%": 58.85886,
      "v": 43120
    },
    "EL645": {
      "%": 53.933189,
      "v": 10010
    },
    "EL651": {
      "%": 62.555595,
      "v": 52040
    },
    "EL652": {
      "%": 58.069748,
      "v": 35800
    },
    "EL653": {
      "%": 63.288944,
      "v": 69390
    }
  }
}