{
  "original_file": "Greece_2001.csv",
  "year": 2001,
  "country": "GR",
  "var": "ed_isced_6to8_m",
  "data": {
    "Municipality of Voula": {
      "%": 33.53783,
      "v": 3280
    },
    "Municipality of Eleftherio-Kordelio": {
      "%": 6.367041,
      "v": 510
    },
    "Municipality of Neapoli": {
      "%": 8.593092,
      "v": 1020
    },
    "EL422": {
      "%": 6.757057,
      "v": 3040
    },
    "EL533": {
      "%": 6.229661,
      "v": 1340
    },
    "EL652": {
      "%": 7.656123,
      "v": 4720
    },
    "EL653": {
      "%": 6.639913,
      "v": 7280
    },
    "Municipality of Nea Smyrni": {
      "%": 25.3974,
      "v": 7030
    },
    "Municipality of Ilioupoli": {
      "%": 17.57826,
      "v": 5110
    },
    "EL541": {
      "%": 7.675358,
      "v": 4180
    },
    "Municipality of Ano Liossia": {
      "%": 3.292181,
      "v": 320
    },
    "Municipality of Elefsina": {
      "%": 7.172996,
      "v": 680
    },
    "Municipality of Nea Philadelfia": {
      "%": 11.84883,
      "v": 1160
    },
    "EL643": {
      "%": 6.460674,
      "v": 690
    },
    "EL542": {
      "%": 6.339235,
      "v": 1110
    },
    "Municipality of Abelokipi": {
      "%": 8.0625,
      "v": 1290
    },
    "Municipality of Aspropyrgos": {
      "%": 4.032258,
      "v": 400
    },
    "Municipality of Nea Ionia": {
      "%": 10.24216,
      "v": 2580
    },
    "Municipality of Zografos": {
      "%": 21.489,
      "v": 6350
    },
    "EL543": {
      "%": 11.43238,
      "v": 7710
    },
    "Rest of Prefecture East Attiki": {
      "%": 14.67723,
      "v": 16120
    },
    "Municipality of Echedoro": {
      "%": 4.103672,
      "v": 380
    },
    "Municipality of Moschato": {
      "%": 13.09131,
      "v": 1190
    },
    "Rest of Prefecture Pireas": {
      "%": 6.016529,
      "v": 1820
    },
    "EL611": {
      "%": 7.106991,
      "v": 7360
    },
    "Municipality of Thessaloniki": {
      "%": 19.57913,
      "v": 26610
    },
    "Municipality of Acharnes": {
      "%": 4.9663,
      "v": 1400
    },
    "Municipality of Metamorfossi": {
      "%": 9.081837,
      "v": 910
    },
    "EL431": {
      "%": 8.671603,
      "v": 9720
    },
    "EL612": {
      "%": 9.614133,
      "v": 10340
    },
    "Municipality of Ilio (Nea Liossia)": {
      "%": 7.409753,
      "v": 2340
    },
    "Municipality of Alimos": {
      "%": 24.52575,
      "v": 3620
    },
    "Municipality of Megara": {
      "%": 6.870229,
      "v": 720
    },
    "Municipality of Dafni": {
      "%": 11.80773,
      "v": 1130
    },
    "EL613": {
      "%": 9.737404,
      "v": 7750
    },
    "EL644": {
      "%": 8.039858,
      "v": 5890
    },
    "Municipality of Aegaleo": {
      "%": 8.184476,
      "v": 2520
    },
    "Municipality of Korydallos": {
      "%": 8.068833,
      "v": 2110
    },
    "Municipality of Evosmo": {
      "%": 7.461192,
      "v": 1490
    },
    "EL621": {
      "%": 5.32657,
      "v": 840
    },
    "EL434": {
      "%": 8.277967,
      "v": 4610
    },
    "Municipality of Cholargos": {
      "%": 37.34177,
      "v": 4720
    },
    "Municipality of Koropi": {
      "%": 9.219858,
      "v": 910
    },
    "Municipality of Vyron": {
      "%": 17.2499,
      "v": 4190
    },
    "EL622": {
      "%": 8.355795,
      "v": 3720
    },
    "EL511": {
      "%": 7.883965,
      "v": 4430
    },
    "Municipality of Aghia Paraskevi": {
      "%": 32.77232,
      "v": 7010
    },
    "Municipality of Kifissia": {
      "%": 38.33944,
      "v": 6280
    },
    "Rest of Prefecture West Attiki": {
      "%": 5.805243,
      "v": 930
    },
    "EL623": {
      "%": 6.877663,
      "v": 1130
    },
    "Municipality of Glyfada": {
      "%": 25.52343,
      "v": 7680
    },
    "Municipality of Aghios Dimitrios": {
      "%": 9.99608,
      "v": 2550
    },
    "EL532": {
      "%": 7.416155,
      "v": 1570
    },
    "Municipality of Nikea": {
      "%": 6.756393,
      "v": 2510
    },
    "Municipality of Pylea": {
      "%": 22.66667,
      "v": 2040
    },
    "EL432": {
      "%": 7.255417,
      "v": 2210
    },
    "EL624": {
      "%": 8.775731,
      "v": 810
    },
    "Municipality of Chalandri": {
      "%": 28.06179,
      "v": 7630
    },
    "EL645": {
      "%": 9.967672,
      "v": 1850
    },
    "Municipality of Keratsini": {
      "%": 5.217391,
      "v": 1560
    },
    "Municipality of Aghia Varvara": {
      "%": 4.663677,
      "v": 520
    },
    "EL631": {
      "%": 5.895589,
      "v": 5240
    },
    "Municipality of Argyroupoli": {
      "%": 14.7915,
      "v": 1880
    },
    "EL512": {
      "%": 7.668231,
      "v": 2940
    },
    "Municipality of Kamatero": {
      "%": 4.988399,
      "v": 430
    },
    "Municipality of Chaidari": {
      "%": 11.66098,
      "v": 2050
    },
    "EL632": {
      "%": 9.345795,
      "v": 11600
    },
    "Municipality of Galatsi": {
      "%": 13.90212,
      "v": 3210
    },
    "Municipality of Aghii Anargyri": {
      "%": 9.345795,
      "v": 1200
    },
    "Municipality of Kallithea": {
      "%": 13.64499,
      "v": 5750
    },
    "Municipality of Vrilissia": {
      "%": 38.26903,
      "v": 3670
    },
    "EL633": {
      "%": 4.758875,
      "v": 3740
    },
    "Municipality of Amaroussio": {
      "%": 29.22958,
      "v": 7550
    },
    "EL642": {
      "%": 7.217561,
      "v": 6280
    },
    "EL433": {
      "%": 7.780696,
      "v": 2370
    },
    "EL531": {
      "%": 7.045062,
      "v": 5300
    },
    "Rest of Department Thessaloniki": {
      "%": 9.577044,
      "v": 10280
    },
    "Municipality of Paleo Faliro": {
      "%": 24.33947,
      "v": 6080
    },
    "Municipality of Sykees": {
      "%": 9.541745,
      "v": 1520
    },
    "EL411": {
      "%": 7.266272,
      "v": 3070
    },
    "EL527": {
      "%": 6.351414,
      "v": 2740
    },
    "EL513": {
      "%": 6.770465,
      "v": 2870
    },
    "Municipality of Perama": {
      "%": 3.692615,
      "v": 370
    },
    "Municipality of Iraklio": {
      "%": 17.09589,
      "v": 3120
    },
    "Municipality of Thermaikos": {
      "%": 14.94102,
      "v": 1140
    },
    "EL526": {
      "%": 6.220628,
      "v": 5030
    },
    "Municipality of Stavroupoli": {
      "%": 6.577267,
      "v": 1030
    },
    "Municipality of Peristeri": {
      "%": 7.069785,
      "v": 3870
    },
    "EL413": {
      "%": 7.662274,
      "v": 1570
    },
    "EL514": {
      "%": 7.276402,
      "v": 2880
    },
    "EL525": {
      "%": 6.748466,
      "v": 3410
    },
    "EL421": {
      "%": 8.646669,
      "v": 6140
    },
    "Municipality of Petroupoli": {
      "%": 9.863013,
      "v": 1800
    },
    "Municipality of Athens": {
      "%": 19.61065,
      "v": 54700
    },
    "EL641": {
      "%": 5.650685,
      "v": 2970
    },
    "EL524": {
      "%": 5.235061,
      "v": 3040
    },
    "Municipality of Salamina": {
      "%": 6.244654,
      "v": 730
    },
    "Municipality of Pireas": {
      "%": 11.87801,
      "v": 8140
    },
    "EL412": {
      "%": 8.453966,
      "v": 1460
    },
    "EL515": {
      "%": 7.255075,
      "v": 4110
    },
    "EL523": {
      "%": 5.759162,
      "v": 1980
    },
    "Rest of Prefecture Athens": {
      "%": 31.73237,
      "v": 21010
    },
    "Municipality of Polichni": {
      "%": 7.071429,
      "v": 990
    },
    "Municipality of Kalamaria": {
      "%": 21.43289,
      "v": 7090
    },
    "EL651": {
      "%": 7.320591,
      "v": 6090
    },
    "EL521": {
      "%": 7.054389,
      "v": 3930
    },
    "Municipality of Kessariani": {
      "%": 15.20408,
      "v": 1490
    }
  }
}