{
  "original_file": "Greece_2001.csv",
  "year": 2001,
  "country": "GR",
  "var": "ed_isced_6to8_f",
  "data": {
    "Municipality of Voula": {
      "%": 21.33581,
      "v": 2300
    },
    "Municipality of Eleftherio-Kordelio": {
      "%": 6.098964,
      "v": 530
    },
    "Municipality of Neapoli": {
      "%": 8.320951,
      "v": 1120
    },
    "EL422": {
      "%": 6.295858,
      "v": 2660
    },
    "EL533": {
      "%": 5.511811,
      "v": 1190
    },
    "EL652": {
      "%": 6.043685,
      "v": 3680
    },
    "EL653": {
      "%": 5.660909,
      "v": 6030
    },
    "Municipality of Nea Smyrni": {
      "%": 18.60603,
      "v": 6300
    },
    "Municipality of Ilioupoli": {
      "%": 15.01348,
      "v": 5010
    },
    "EL541": {
      "%": 5.642857,
      "v": 3160
    },
    "Municipality of Ano Liossia": {
      "%": 4.446743,
      "v": 430
    },
    "Municipality of Elefsina": {
      "%": 5.537806,
      "v": 520
    },
    "Municipality of Nea Philadelfia": {
      "%": 8.969465,
      "v": 940
    },
    "EL643": {
      "%": 5.438931,
      "v": 570
    },
    "EL542": {
      "%": 4.550499,
      "v": 820
    },
    "Municipality of Abelokipi": {
      "%": 8.058198,
      "v": 1440
    },
    "Municipality of Aspropyrgos": {
      "%": 3.933748,
      "v": 380
    },
    "Municipality of Nea Ionia": {
      "%": 8.571428,
      "v": 2460
    },
    "Municipality of Zografos": {
      "%": 16.03184,
      "v": 5640
    },
    "EL543": {
      "%": 8.87982,
      "v": 6310
    },
    "Rest of Prefecture East Attiki": {
      "%": 11.54386,
      "v": 12330
    },
    "Municipality of Echedoro": {
      "%": 4.115684,
      "v": 370
    },
    "Municipality of Moschato": {
      "%": 9.869083,
      "v": 980
    },
    "Rest of Prefecture Pireas": {
      "%": 4.352261,
      "v": 1280
    },
    "EL611": {
      "%": 6.031956,
      "v": 6380
    },
    "Municipality of Thessaloniki": {
      "%": 15.68859,
      "v": 25210
    },
    "Municipality of Acharnes": {
      "%": 4.484933,
      "v": 1280
    },
    "Municipality of Metamorfossi": {
      "%": 7.5,
      "v": 780
    },
    "EL431": {
      "%": 7.859031,
      "v": 8920
    },
    "EL612": {
      "%": 8.292167,
      "v": 9400
    },
    "Municipality of Ilio (Nea Liossia)": {
      "%": 7.586004,
      "v": 2580
    },
    "Municipality of Alimos": {
      "%": 17.80906,
      "v": 2910
    },
    "Municipality of Megara": {
      "%": 4.803074,
      "v": 500
    },
    "Municipality of Dafni": {
      "%": 9.232265,
      "v": 950
    },
    "EL613": {
      "%": 7.752217,
      "v": 6470
    },
    "EL644": {
      "%": 6.08548,
      "v": 4300
    },
    "Municipality of Aegaleo": {
      "%": 6.191764,
      "v": 2060
    },
    "Municipality of Korydallos": {
      "%": 6.2927,
      "v": 1750
    },
    "Municipality of Evosmo": {
      "%": 7.379013,
      "v": 1540
    },
    "EL621": {
      "%": 5.29066,
      "v": 810
    },
    "EL434": {
      "%": 7.808293,
      "v": 4350
    },
    "Municipality of Cholargos": {
      "%": 24.05405,
      "v": 3560
    },
    "Municipality of Koropi": {
      "%": 7.732497,
      "v": 740
    },
    "Municipality of Vyron": {
      "%": 14.22303,
      "v": 3890
    },
    "EL622": {
      "%": 5.714893,
      "v": 2690
    },
    "EL511": {
      "%": 6.311337,
      "v": 3730
    },
    "Municipality of Aghia Paraskevi": {
      "%": 23.65282,
      "v": 5750
    },
    "Municipality of Kifissia": {
      "%": 25.25,
      "v": 5050
    },
    "Rest of Prefecture West Attiki": {
      "%": 4.978749,
      "v": 820
    },
    "EL623": {
      "%": 6.952567,
      "v": 1070
    },
    "Municipality of Glyfada": {
      "%": 17.67779,
      "v": 6090
    },
    "Municipality of Aghios Dimitrios": {
      "%": 8.918129,
      "v": 2440
    },
    "EL532": {
      "%": 6.517602,
      "v": 1370
    },
    "Municipality of Nikea": {
      "%": 6.795404,
      "v": 2780
    },
    "Municipality of Pylea": {
      "%": 17.2378,
      "v": 1660
    },
    "EL432": {
      "%": 6.588389,
      "v": 2020
    },
    "EL624": {
      "%": 7.700893,
      "v": 690
    },
    "Municipality of Chalandri": {
      "%": 21.41479,
      "v": 6660
    },
    "EL645": {
      "%": 6.434024,
      "v": 1180
    },
    "Municipality of Keratsini": {
      "%": 4.329004,
      "v": 1400
    },
    "Municipality of Aghia Varvara": {
      "%": 5.88723,
      "v": 710
    },
    "EL631": {
      "%": 4.984636,
      "v": 4380
    },
    "Municipality of Argyroupoli": {
      "%": 11.69468,
      "v": 1670
    },
    "EL512": {
      "%": 5.031446,
      "v": 2000
    },
    "Municipality of Kamatero": {
      "%": 5.694761,
      "v": 500
    },
    "Municipality of Chaidari": {
      "%": 9.73262,
      "v": 1820
    },
    "EL632": {
      "%": 7.512851,
      "v": 9500
    },
    "Municipality of Galatsi": {
      "%": 11.64191,
      "v": 2900
    },
    "Municipality of Aghii Anargyri": {
      "%": 9.012257,
      "v": 1250
    },
    "Municipality of Kallithea": {
      "%": 11.66432,
      "v": 5810
    },
    "Municipality of Vrilissia": {
      "%": 27.5989,
      "v": 3000
    },
    "EL633": {
      "%": 4.214457,
      "v": 3160
    },
    "Municipality of Amaroussio": {
      "%": 20.88353,
      "v": 6240
    },
    "EL642": {
      "%": 5.859375,
      "v": 5100
    },
    "EL433": {
      "%": 7.742355,
      "v": 2380
    },
    "EL531": {
      "%": 5.604526,
      "v": 4260
    },
    "Rest of Department Thessaloniki": {
      "%": 8.537144,
      "v": 9320
    },
    "Municipality of Paleo Faliro": {
      "%": 14.73856,
      "v": 4510
    },
    "Municipality of Sykees": {
      "%": 8.347628,
      "v": 1460
    },
    "EL411": {
      "%": 5.953488,
      "v": 2560
    },
    "EL527": {
      "%": 5.965083,
      "v": 2460
    },
    "EL513": {
      "%": 4.928829,
      "v": 2320
    },
    "Municipality of Perama": {
      "%": 2.644004,
      "v": 280
    },
    "Municipality of Iraklio": {
      "%": 13.79487,
      "v": 2690
    },
    "Municipality of Thermaikos": {
      "%": 13.94422,
      "v": 1050
    },
    "EL526": {
      "%": 5.602676,
      "v": 4690
    },
    "Municipality of Stavroupoli": {
      "%": 7.405213,
      "v": 1250
    },
    "Municipality of Peristeri": {
      "%": 6.222991,
      "v": 3600
    },
    "EL413": {
      "%": 5.314685,
      "v": 1140
    },
    "EL514": {
      "%": 5.360972,
      "v": 2250
    },
    "EL525": {
      "%": 6.886574,
      "v": 3570
    },
    "EL421": {
      "%": 7.120567,
      "v": 5020
    },
    "Municipality of Petroupoli": {
      "%": 9.865952,
      "v": 1840
    },
    "Municipality of Athens": {
      "%": 14.77542,
      "v": 47930
    },
    "EL641": {
      "%": 5.144957,
      "v": 2520
    },
    "EL524": {
      "%": 5.048776,
      "v": 2950
    },
    "Municipality of Salamina": {
      "%": 5.163934,
      "v": 630
    },
    "Municipality of Pireas": {
      "%": 8.767228,
      "v": 6870
    },
    "EL412": {
      "%": 5.983412,
      "v": 1010
    },
    "EL515": {
      "%": 6.288574,
      "v": 3770
    },
    "EL523": {
      "%": 4.407252,
      "v": 1580
    },
    "Rest of Prefecture Athens": {
      "%": 21.69862,
      "v": 16070
    },
    "Municipality of Polichni": {
      "%": 6.844627,
      "v": 1000
    },
    "Municipality of Kalamaria": {
      "%": 17.36979,
      "v": 6670
    },
    "EL651": {
      "%": 6.201166,
      "v": 5000
    },
    "EL521": {
      "%": 5.93061,
      "v": 3470
    },
    "Municipality of Kessariani": {
      "%": 10.60345,
      "v": 1230
    }
  }
}