{
  "original_file": "Greece_2001.csv",
  "year": 2001,
  "country": "GR",
  "var": "ed_isced_6to8",
  "data": {
    "Municipality of Voula": {
      "%": 27.14008,
      "v": 5580
    },
    "Municipality of Eleftherio-Kordelio": {
      "%": 6.227545,
      "v": 1040
    },
    "Municipality of Neapoli": {
      "%": 8.44848,
      "v": 2140
    },
    "EL422": {
      "%": 6.5337,
      "v": 5700
    },
    "EL533": {
      "%": 5.87007,
      "v": 2530
    },
    "EL652": {
      "%": 6.854905,
      "v": 8400
    },
    "EL653": {
      "%": 6.157476,
      "v": 13310
    },
    "Municipality of Nea Smyrni": {
      "%": 21.66071,
      "v": 13330
    },
    "Municipality of Ilioupoli": {
      "%": 16.20756,
      "v": 10120
    },
    "EL541": {
      "%": 6.644939,
      "v": 7340
    },
    "Municipality of Ano Liossia": {
      "%": 3.867973,
      "v": 750
    },
    "Municipality of Elefsina": {
      "%": 6.359301,
      "v": 1200
    },
    "Municipality of Nea Philadelfia": {
      "%": 10.36014,
      "v": 2100
    },
    "EL643": {
      "%": 5.954631,
      "v": 1260
    },
    "EL542": {
      "%": 5.432029,
      "v": 1930
    },
    "Municipality of Abelokipi": {
      "%": 8.06023,
      "v": 2730
    },
    "Municipality of Aspropyrgos": {
      "%": 3.983657,
      "v": 780
    },
    "Municipality of Nea Ionia": {
      "%": 9.352385,
      "v": 5040
    },
    "Municipality of Zografos": {
      "%": 18.5231,
      "v": 11990
    },
    "EL543": {
      "%": 10.12274,
      "v": 14020
    },
    "Rest of Prefecture East Attiki": {
      "%": 13.13239,
      "v": 28450
    },
    "Municipality of Echedoro": {
      "%": 4.109589,
      "v": 750
    },
    "Municipality of Moschato": {
      "%": 11.40904,
      "v": 2170
    },
    "Rest of Prefecture Pireas": {
      "%": 5.196111,
      "v": 3100
    },
    "EL611": {
      "%": 6.563799,
      "v": 13740
    },
    "Municipality of Thessaloniki": {
      "%": 17.47134,
      "v": 51820
    },
    "Municipality of Acharnes": {
      "%": 4.724132,
      "v": 2680
    },
    "Municipality of Metamorfossi": {
      "%": 8.276199,
      "v": 1690
    },
    "EL431": {
      "%": 8.262777,
      "v": 18640
    },
    "EL612": {
      "%": 8.935765,
      "v": 19740
    },
    "Municipality of Ilio (Nea Liossia)": {
      "%": 7.501143,
      "v": 4920
    },
    "Municipality of Alimos": {
      "%": 20.99678,
      "v": 6530
    },
    "Municipality of Megara": {
      "%": 5.840115,
      "v": 1220
    },
    "Municipality of Dafni": {
      "%": 10.47331,
      "v": 2080
    },
    "EL613": {
      "%": 8.721251,
      "v": 14220
    },
    "EL644": {
      "%": 7.080322,
      "v": 10190
    },
    "Municipality of Aegaleo": {
      "%": 7.149547,
      "v": 4580
    },
    "Municipality of Korydallos": {
      "%": 7.153447,
      "v": 3860
    },
    "Municipality of Evosmo": {
      "%": 7.419197,
      "v": 3030
    },
    "EL621": {
      "%": 5.30888,
      "v": 1650
    },
    "EL434": {
      "%": 8.043088,
      "v": 8960
    },
    "Municipality of Cholargos": {
      "%": 30.17493,
      "v": 8280
    },
    "Municipality of Koropi": {
      "%": 8.487655,
      "v": 1650
    },
    "Municipality of Vyron": {
      "%": 15.64679,
      "v": 8080
    },
    "EL622": {
      "%": 6.99858,
      "v": 6410
    },
    "EL511": {
      "%": 7.077804,
      "v": 8160
    },
    "Municipality of Aghia Paraskevi": {
      "%": 27.92122,
      "v": 12760
    },
    "Municipality of Kifissia": {
      "%": 31.14349,
      "v": 11330
    },
    "Rest of Prefecture West Attiki": {
      "%": 5.386273,
      "v": 1750
    },
    "EL623": {
      "%": 6.913891,
      "v": 2200
    },
    "Municipality of Glyfada": {
      "%": 21.33561,
      "v": 13770
    },
    "Municipality of Aghios Dimitrios": {
      "%": 9.438245,
      "v": 4990
    },
    "EL532": {
      "%": 6.968476,
      "v": 2940
    },
    "Municipality of Nikea": {
      "%": 6.776838,
      "v": 5290
    },
    "Municipality of Pylea": {
      "%": 19.86044,
      "v": 3700
    },
    "EL432": {
      "%": 6.920812,
      "v": 4230
    },
    "EL624": {
      "%": 8.246289,
      "v": 1500
    },
    "Municipality of Chalandri": {
      "%": 24.51535,
      "v": 14290
    },
    "EL645": {
      "%": 8.211382,
      "v": 3030
    },
    "Municipality of Keratsini": {
      "%": 4.755784,
      "v": 2960
    },
    "Municipality of Aghia Varvara": {
      "%": 5.29944,
      "v": 1230
    },
    "EL631": {
      "%": 5.442716,
      "v": 9620
    },
    "Municipality of Argyroupoli": {
      "%": 13.15302,
      "v": 3550
    },
    "EL512": {
      "%": 6.326034,
      "v": 4940
    },
    "Municipality of Kamatero": {
      "%": 5.344828,
      "v": 930
    },
    "Municipality of Chaidari": {
      "%": 10.66703,
      "v": 3870
    },
    "EL632": {
      "%": 8.4208,
      "v": 21100
    },
    "Municipality of Galatsi": {
      "%": 12.72917,
      "v": 6110
    },
    "Municipality of Aghii Anargyri": {
      "%": 9.172594,
      "v": 2450
    },
    "Municipality of Kallithea": {
      "%": 12.57205,
      "v": 11560
    },
    "Municipality of Vrilissia": {
      "%": 32.6002,
      "v": 6670
    },
    "EL633": {
      "%": 4.493065,
      "v": 6900
    },
    "Municipality of Amaroussio": {
      "%": 24.75319,
      "v": 13790
    },
    "EL642": {
      "%": 6.538351,
      "v": 11380
    },
    "EL433": {
      "%": 7.761438,
      "v": 4750
    },
    "EL531": {
      "%": 6.321079,
      "v": 9560
    },
    "Rest of Department Thessaloniki": {
      "%": 9.0527,
      "v": 19600
    },
    "Municipality of Paleo Faliro": {
      "%": 19.05362,
      "v": 10590
    },
    "Municipality of Sykees": {
      "%": 8.916817,
      "v": 2980
    },
    "EL411": {
      "%": 6.604105,
      "v": 5630
    },
    "EL527": {
      "%": 6.162598,
      "v": 5200
    },
    "EL513": {
      "%": 5.801476,
      "v": 5190
    },
    "Municipality of Perama": {
      "%": 3.153809,
      "v": 650
    },
    "Municipality of Iraklio": {
      "%": 15.39073,
      "v": 5810
    },
    "Municipality of Thermaikos": {
      "%": 14.44591,
      "v": 2190
    },
    "EL526": {
      "%": 5.906301,
      "v": 9720
    },
    "Municipality of Stavroupoli": {
      "%": 7.006761,
      "v": 2280
    },
    "Municipality of Peristeri": {
      "%": 6.634692,
      "v": 7470
    },
    "EL413": {
      "%": 6.461612,
      "v": 2710
    },
    "EL514": {
      "%": 6.290619,
      "v": 5130
    },
    "EL525": {
      "%": 6.818404,
      "v": 6980
    },
    "EL421": {
      "%": 7.886368,
      "v": 11160
    },
    "Municipality of Petroupoli": {
      "%": 9.864499,
      "v": 3640
    },
    "Municipality of Athens": {
      "%": 17.01087,
      "v": 102630
    },
    "EL641": {
      "%": 5.406736,
      "v": 5490
    },
    "EL524": {
      "%": 5.141631,
      "v": 5990
    },
    "Municipality of Salamina": {
      "%": 5.692759,
      "v": 1360
    },
    "Municipality of Pireas": {
      "%": 10.21853,
      "v": 15010
    },
    "EL412": {
      "%": 7.232797,
      "v": 2470
    },
    "EL515": {
      "%": 6.758148,
      "v": 7880
    },
    "EL523": {
      "%": 5.069059,
      "v": 3560
    },
    "Rest of Prefecture Athens": {
      "%": 26.43473,
      "v": 37080
    },
    "Municipality of Polichni": {
      "%": 6.95561,
      "v": 1990
    },
    "Municipality of Kalamaria": {
      "%": 19.25014,
      "v": 13760
    },
    "EL651": {
      "%": 6.769625,
      "v": 11090
    },
    "EL521": {
      "%": 6.478725,
      "v": 7400
    },
    "Municipality of Kessariani": {
      "%": 12.71028,
      "v": 2720
    }
  }
}