{
  "original_file": "Greece_2001.csv",
  "year": 2001,
  "country": "GR",
  "var": "ed_isced_6to8_f_45to54",
  "data": {
    "Municipality of Neapoli": {
      "%": 8.4070797,
      "v": 190
    },
    "Rest of Prefecture Athens": {
      "%": 26.165413,
      "v": 3480
    },
    "EL632": {
      "%": 9.0094833,
      "v": 1710
    },
    "EL527": {
      "%": 9.0361443,
      "v": 600
    },
    "EL515": {
      "%": 8.3242064,
      "v": 760
    },
    "Municipality of Vrilissia": {
      "%": 34.649124,
      "v": 790
    },
    "Municipality of Aegaleo": {
      "%": 9.5435686,
      "v": 460
    },
    "Rest of Prefecture Pireas": {
      "%": 5.5309734,
      "v": 250
    },
    "Municipality of Chaidari": {
      "%": 9.9656353,
      "v": 290
    },
    "Municipality of Metamorfossi": {
      "%": 6.1728396,
      "v": 100
    },
    "EL622": {
      "%": 5.4794521,
      "v": 400
    },
    "Municipality of Nea Philadelfia": {
      "%": 6.8322983,
      "v": 110
    },
    "EL643": {
      "%": 9.1549292,
      "v": 130
    },
    "EL612": {
      "%": 8.4554682,
      "v": 1500
    },
    "EL644": {
      "%": 7.4850302,
      "v": 750
    },
    "Municipality of Thessaloniki": {
      "%": 18.526228,
      "v": 4450
    },
    "EL512": {
      "%": 5.4421768,
      "v": 320
    },
    "EL621": {
      "%": 7.6555023,
      "v": 160
    },
    "EL613": {
      "%": 9.4310207,
      "v": 1210
    },
    "EL633": {
      "%": 4.3996334,
      "v": 480
    },
    "Municipality of Megara": {
      "%": 2.9585798,
      "v": 50
    },
    "EL514": {
      "%": 7.2390571,
      "v": 430
    },
    "Municipality of Kifissia": {
      "%": 31.855955,
      "v": 1150
    },
    "EL411": {
      "%": 5.527638,
      "v": 330
    },
    "EL651": {
      "%": 7.8924546,
      "v": 910
    },
    "Municipality of Salamina": {
      "%": 4.5454545,
      "v": 90
    },
    "Municipality of Perama": {
      "%": 2.6455026,
      "v": 50
    },
    "Municipality of Abelokipi": {
      "%": 6.3758388,
      "v": 190
    },
    "EL652": {
      "%": 7.9101563,
      "v": 810
    },
    "Municipality of Athens": {
      "%": 17.077536,
      "v": 8590
    },
    "Municipality of Elefsina": {
      "%": 5.6451612,
      "v": 70
    },
    "Municipality of Kamatero": {
      "%": 5.6451612,
      "v": 70
    },
    "Municipality of Ilio (Nea Liossia)": {
      "%": 6.504065,
      "v": 320
    },
    "EL624": {
      "%": 10.23622,
      "v": 130
    },
    "EL412": {
      "%": 8.1967211,
      "v": 200
    },
    "Municipality of Koropi": {
      "%": 7.4074073,
      "v": 120
    },
    "EL525": {
      "%": 7.6618228,
      "v": 580
    },
    "Municipality of Petroupoli": {
      "%": 8.8235292,
      "v": 240
    },
    "EL434": {
      "%": 12.019231,
      "v": 1000
    },
    "EL623": {
      "%": 8.0568724,
      "v": 170
    },
    "Municipality of Pylea": {
      "%": 26.704546,
      "v": 470
    },
    "EL513": {
      "%": 5.2197804,
      "v": 380
    },
    "EL511": {
      "%": 6.7839198,
      "v": 540
    },
    "Municipality of Nea Ionia": {
      "%": 8.0645161,
      "v": 350
    },
    "Municipality of Iraklio": {
      "%": 16.666666,
      "v": 540
    },
    "Municipality of Kalamaria": {
      "%": 19.345238,
      "v": 1300
    },
    "Municipality of Aghios Dimitrios": {
      "%": 7.2815533,
      "v": 300
    },
    "Municipality of Amaroussio": {
      "%": 25.95978,
      "v": 1420
    },
    "EL523": {
      "%": 4.5454545,
      "v": 200
    },
    "EL432": {
      "%": 10.089686,
      "v": 450
    },
    "Municipality of Eleftherio-Kordelio": {
      "%": 7.6335878,
      "v": 100
    },
    "Rest of Prefecture West Attiki": {
      "%": 5.2419353,
      "v": 130
    },
    "EL532": {
      "%": 6.1643834,
      "v": 180
    },
    "Municipality of Polichni": {
      "%": 5.4455447,
      "v": 110
    },
    "Municipality of Aspropyrgos": {
      "%": 4.1322312,
      "v": 50
    },
    "Municipality of Ano Liossia": {
      "%": 4.0816326,
      "v": 60
    },
    "Municipality of Korydallos": {
      "%": 3.956044,
      "v": 180
    },
    "Municipality of Peristeri": {
      "%": 5.250875,
      "v": 450
    },
    "EL543": {
      "%": 11.895911,
      "v": 1280
    },
    "EL631": {
      "%": 6.7687349,
      "v": 840
    },
    "EL642": {
      "%": 6.3035021,
      "v": 810
    },
    "Municipality of Galatsi": {
      "%": 9.6000004,
      "v": 360
    },
    "EL422": {
      "%": 7.8988943,
      "v": 500
    },
    "Municipality of Voula": {
      "%": 23.364487,
      "v": 500
    },
    "Municipality of Glyfada": {
      "%": 21.368948,
      "v": 1280
    },
    "Municipality of Nea Smyrni": {
      "%": 19.861832,
      "v": 1150
    },
    "Municipality of Evosmo": {
      "%": 4.6332045,
      "v": 120
    },
    "Municipality of Paleo Faliro": {
      "%": 16.135084,
      "v": 860
    },
    "EL641": {
      "%": 5.9299192,
      "v": 440
    },
    "Municipality of Kallithea": {
      "%": 12.347188,
      "v": 1010
    },
    "Municipality of Vyron": {
      "%": 17.289721,
      "v": 740
    },
    "EL541": {
      "%": 7.4074073,
      "v": 640
    },
    "EL531": {
      "%": 6.2252965,
      "v": 630
    },
    "EL413": {
      "%": 6.1290321,
      "v": 190
    },
    "Municipality of Chalandri": {
      "%": 29.25532,
      "v": 1650
    },
    "Municipality of Argyroupoli": {
      "%": 11.312217,
      "v": 250
    },
    "Municipality of Stavroupoli": {
      "%": 5.839416,
      "v": 160
    },
    "Municipality of Dafni": {
      "%": 8.484848,
      "v": 140
    },
    "Municipality of Cholargos": {
      "%": 27.5,
      "v": 660
    },
    "EL524": {
      "%": 6.0075092,
      "v": 480
    },
    "Municipality of Pireas": {
      "%": 9.090909,
      "v": 1120
    },
    "EL526": {
      "%": 5.8430719,
      "v": 700
    },
    "Municipality of Aghia Varvara": {
      "%": 5.0847459,
      "v": 90
    },
    "Municipality of Alimos": {
      "%": 20.22472,
      "v": 540
    },
    "EL645": {
      "%": 11.111111,
      "v": 280
    },
    "Municipality of Ilioupoli": {
      "%": 15.72212,
      "v": 860
    },
    "EL653": {
      "%": 8.0276814,
      "v": 1160
    },
    "Municipality of Aghia Paraskevi": {
      "%": 26.666666,
      "v": 1240
    },
    "Rest of Department Thessaloniki": {
      "%": 9.452137,
      "v": 1570
    },
    "Rest of Prefecture East Attiki": {
      "%": 13.785901,
      "v": 2640
    },
    "Municipality of Moschato": {
      "%": 10.526316,
      "v": 180
    },
    "Municipality of Thermaikos": {
      "%": 15.596331,
      "v": 170
    },
    "EL611": {
      "%": 6.4251537,
      "v": 940
    },
    "EL521": {
      "%": 7.4871793,
      "v": 730
    },
    "EL533": {
      "%": 6.7460318,
      "v": 170
    },
    "EL421": {
      "%": 6.6838045,
      "v": 780
    },
    "Municipality of Nikea": {
      "%": 5.778491,
      "v": 360
    },
    "EL433": {
      "%": 9.3301439,
      "v": 390
    },
    "Municipality of Keratsini": {
      "%": 2.6859505,
      "v": 130
    },
    "Municipality of Sykees": {
      "%": 9.8039217,
      "v": 250
    },
    "Municipality of Aghii Anargyri": {
      "%": 6.1611376,
      "v": 130
    },
    "Municipality of Kessariani": {
      "%": 10.869565,
      "v": 200
    },
    "Municipality of Acharnes": {
      "%": 4.5662103,
      "v": 200
    },
    "EL431": {
      "%": 9.8802395,
      "v": 1650
    },
    "Municipality of Zografos": {
      "%": 17.466412,
      "v": 910
    },
    "Municipality of Echedoro": {
      "%": 3.5971222,
      "v": 50
    },
    "EL542": {
      "%": 7.4074073,
      "v": 200
    }
  }
}