{
  "original_file": "Greece_2001.csv",
  "year": 2001,
  "country": "GR",
  "var": "ed_isced_3to5_m",
  "data": {
    "EL300": {
      "%": 46.185707,
      "v": 667970
    },
    "EL411": {
      "%": 28.923077,
      "v": 12220
    },
    "EL412": {
      "%": 31.441807,
      "v": 5430
    },
    "EL413": {
      "%": 38.116154,
      "v": 7810
    },
    "EL421": {
      "%": 34.643009,
      "v": 24600
    },
    "EL422": {
      "%": 30.384529,
      "v": 13670
    },
    "EL431": {
      "%": 31.849407,
      "v": 35700
    },
    "EL432": {
      "%": 30.958633,
      "v": 9430
    },
    "EL433": {
      "%": 31.483913,
      "v": 9590
    },
    "EL434": {
      "%": 36.505657,
      "v": 20330
    },
    "EL511": {
      "%": 28.492615,
      "v": 16010
    },
    "EL512": {
      "%": 24.856546,
      "v": 9530
    },
    "EL513": {
      "%": 22.127861,
      "v": 9380
    },
    "EL514": {
      "%": 30.44467,
      "v": 12050
    },
    "EL515": {
      "%": 32.550751,
      "v": 18440
    },
    "EL521": {
      "%": 30.210016,
      "v": 16830
    },
    "EL522": {
      "%": 42.156765,
      "v": 170170
    },
    "EL523": {
      "%": 28.883072,
      "v": 9930
    },
    "EL524": {
      "%": 26.295851,
      "v": 15270
    },
    "EL525": {
      "%": 29.922817,
      "v": 15120
    },
    "EL526": {
      "%": 25.463764,
      "v": 20590
    },
    "EL527": {
      "%": 31.548447,
      "v": 13610
    },
    "EL531": {
      "%": 34.215073,
      "v": 25740
    },
    "EL532": {
      "%": 26.641474,
      "v": 5640
    },
    "EL533": {
      "%": 30.822872,
      "v": 6630
    },
    "EL541": {
      "%": 25.890562,
      "v": 14100
    },
    "EL542": {
      "%": 26.556253,
      "v": 4650
    },
    "EL543": {
      "%": 32.695728,
      "v": 22050
    },
    "EL611": {
      "%": 25.618,
      "v": 26530
    },
    "EL612": {
      "%": 30.302185,
      "v": 32590
    },
    "EL613": {
      "%": 36.625206,
      "v": 29150
    },
    "EL621": {
      "%": 24.350031,
      "v": 3840
    },
    "EL622": {
      "%": 29.739443,
      "v": 13240
    },
    "EL623": {
      "%": 35.362141,
      "v": 5810
    },
    "EL624": {
      "%": 30.119177,
      "v": 2780
    },
    "EL631": {
      "%": 26.766426,
      "v": 23790
    },
    "EL632": {
      "%": 38.253304,
      "v": 47480
    },
    "EL633": {
      "%": 27.344446,
      "v": 21490
    },
    "EL641": {
      "%": 32.838661,
      "v": 17260
    },
    "EL642": {
      "%": 33.570854,
      "v": 29210
    },
    "EL643": {
      "%": 27.24719,
      "v": 2910
    },
    "EL644": {
      "%": 33.101284,
      "v": 24250
    },
    "EL645": {
      "%": 36.099136,
      "v": 6700
    },
    "EL651": {
      "%": 30.123814,
      "v": 25060
    },
    "EL652": {
      "%": 34.274128,
      "v": 21130
    },
    "EL653": {
      "%": 30.071142,
      "v": 32970
    }
  }
}