{
  "original_file": "Greece_2001.csv",
  "year": 2001,
  "country": "GR",
  "var": "ed_isced_3to5",
  "data": {
    "EL300": {
      "%": 45.268051,
      "v": 1378050
    },
    "EL411": {
      "%": 26.627565,
      "v": 22700
    },
    "EL412": {
      "%": 30.278185,
      "v": 10340
    },
    "EL413": {
      "%": 35.431568,
      "v": 14860
    },
    "EL421": {
      "%": 33.495865,
      "v": 47400
    },
    "EL422": {
      "%": 29.711142,
      "v": 25920
    },
    "EL431": {
      "%": 31.712399,
      "v": 71540
    },
    "EL432": {
      "%": 29.646597,
      "v": 18120
    },
    "EL433": {
      "%": 31.813726,
      "v": 19470
    },
    "EL434": {
      "%": 34.784561,
      "v": 38750
    },
    "EL511": {
      "%": 26.862694,
      "v": 30970
    },
    "EL512": {
      "%": 22.602125,
      "v": 17650
    },
    "EL513": {
      "%": 20.992622,
      "v": 18780
    },
    "EL514": {
      "%": 28.47333,
      "v": 23220
    },
    "EL515": {
      "%": 30.463121,
      "v": 35520
    },
    "EL521": {
      "%": 27.928558,
      "v": 31900
    },
    "EL522": {
      "%": 40.787083,
      "v": 345850
    },
    "EL523": {
      "%": 27.723196,
      "v": 19470
    },
    "EL524": {
      "%": 24.429184,
      "v": 28460
    },
    "EL525": {
      "%": 28.553288,
      "v": 29230
    },
    "EL526": {
      "%": 24.026251,
      "v": 39540
    },
    "EL527": {
      "%": 29.461958,
      "v": 24860
    },
    "EL531": {
      "%": 30.778894,
      "v": 46550
    },
    "EL532": {
      "%": 26.025124,
      "v": 10980
    },
    "EL533": {
      "%": 28.074245,
      "v": 12100
    },
    "EL541": {
      "%": 23.809525,
      "v": 26300
    },
    "EL542": {
      "%": 23.698282,
      "v": 8420
    },
    "EL543": {
      "%": 30.967508,
      "v": 42890
    },
    "EL611": {
      "%": 23.274256,
      "v": 48720
    },
    "EL612": {
      "%": 29.179304,
      "v": 64460
    },
    "EL613": {
      "%": 33.529591,
      "v": 54670
    },
    "EL621": {
      "%": 25.257401,
      "v": 7850
    },
    "EL622": {
      "%": 28.343706,
      "v": 25960
    },
    "EL623": {
      "%": 34.506599,
      "v": 10980
    },
    "EL624": {
      "%": 27.872458,
      "v": 5070
    },
    "EL631": {
      "%": 25.041018,
      "v": 44260
    },
    "EL632": {
      "%": 37.243084,
      "v": 93320
    },
    "EL633": {
      "%": 26.287687,
      "v": 40370
    },
    "EL641": {
      "%": 30.382116,
      "v": 30850
    },
    "EL642": {
      "%": 31.197931,
      "v": 54300
    },
    "EL643": {
      "%": 24.243856,
      "v": 5130
    },
    "EL644": {
      "%": 31.197887,
      "v": 44900
    },
    "EL645": {
      "%": 33.062332,
      "v": 12200
    },
    "EL651": {
      "%": 28.787693,
      "v": 47160
    },
    "EL652": {
      "%": 32.658722,
      "v": 40020
    },
    "EL653": {
      "%": 28.867506,
      "v": 62400
    }
  }
}