{
  "original_file": "Greece_2001.csv",
  "year": 2001,
  "country": "GR",
  "var": "ed_isced_6to8_15to24",
  "data": {
    "Municipality of Neapoli": {
      "%": 3.8647344,
      "v": 160
    },
    "Rest of Prefecture Athens": {
      "%": 7.0539417,
      "v": 1530
    },
    "EL632": {
      "%": 2.6567039,
      "v": 1280
    },
    "EL527": {
      "%": 1.7884915,
      "v": 230
    },
    "EL515": {
      "%": 1.7305316,
      "v": 280
    },
    "Municipality of Vrilissia": {
      "%": 9.1772156,
      "v": 290
    },
    "Municipality of Aegaleo": {
      "%": 2.6315789,
      "v": 320
    },
    "Rest of Prefecture Pireas": {
      "%": 1.8159807,
      "v": 150
    },
    "Municipality of Chaidari": {
      "%": 3.8062284,
      "v": 220
    },
    "Municipality of Metamorfossi": {
      "%": 3.9772727,
      "v": 140
    },
    "EL622": {
      "%": 2.2238696,
      "v": 300
    },
    "Municipality of Nea Philadelfia": {
      "%": 4.0,
      "v": 130
    },
    "EL643": {
      "%": 2.2304833,
      "v": 60
    },
    "EL612": {
      "%": 3.0083888,
      "v": 1040
    },
    "EL644": {
      "%": 2.0589612,
      "v": 440
    },
    "Municipality of Thessaloniki": {
      "%": 5.0035739,
      "v": 2800
    },
    "EL512": {
      "%": 2.6206896,
      "v": 380
    },
    "EL621": {
      "%": 1.6393442,
      "v": 80
    },
    "EL613": {
      "%": 2.4003098,
      "v": 620
    },
    "EL633": {
      "%": 1.867995,
      "v": 450
    },
    "Municipality of Megara": {
      "%": 0.80213904,
      "v": 30
    },
    "EL514": {
      "%": 2.0175438,
      "v": 230
    },
    "Municipality of Kifissia": {
      "%": 8.3969469,
      "v": 440
    },
    "EL411": {
      "%": 1.7331022,
      "v": 200
    },
    "EL651": {
      "%": 2.7503223,
      "v": 640
    },
    "Municipality of Salamina": {
      "%": 2.9325514,
      "v": 100
    },
    "Municipality of Perama": {
      "%": 0.24937657,
      "v": 10
    },
    "Municipality of Abelokipi": {
      "%": 3.3070867,
      "v": 210
    },
    "EL652": {
      "%": 1.430143,
      "v": 260
    },
    "Municipality of Athens": {
      "%": 4.9371071,
      "v": 4710
    },
    "Municipality of Elefsina": {
      "%": 3.2934132,
      "v": 110
    },
    "Municipality of Kamatero": {
      "%": 0.33222592,
      "v": 10
    },
    "Municipality of Ilio (Nea Liossia)": {
      "%": 2.1132712,
      "v": 250
    },
    "EL624": {
      "%": 1.8779342,
      "v": 40
    },
    "EL412": {
      "%": 2.4948025,
      "v": 120
    },
    "Municipality of Koropi": {
      "%": 2.7863777,
      "v": 90
    },
    "EL525": {
      "%": 1.6993464,
      "v": 260
    },
    "Municipality of Petroupoli": {
      "%": 3.7854888,
      "v": 240
    },
    "EL434": {
      "%": 2.1677125,
      "v": 380
    },
    "EL623": {
      "%": 2.5056949,
      "v": 110
    },
    "Municipality of Pylea": {
      "%": 5.1575933,
      "v": 180
    },
    "EL513": {
      "%": 1.8457482,
      "v": 280
    },
    "EL511": {
      "%": 1.8879415,
      "v": 310
    },
    "Municipality of Nea Ionia": {
      "%": 3.5388129,
      "v": 310
    },
    "Municipality of Iraklio": {
      "%": 3.5541196,
      "v": 220
    },
    "Municipality of Kalamaria": {
      "%": 5.6027164,
      "v": 660
    },
    "Municipality of Aghios Dimitrios": {
      "%": 2.4390244,
      "v": 210
    },
    "Municipality of Amaroussio": {
      "%": 5.2154193,
      "v": 460
    },
    "EL523": {
      "%": 1.5075377,
      "v": 150
    },
    "EL432": {
      "%": 2.7874565,
      "v": 240
    },
    "Municipality of Eleftherio-Kordelio": {
      "%": 1.2578616,
      "v": 40
    },
    "Rest of Prefecture West Attiki": {
      "%": 1.1308563,
      "v": 70
    },
    "EL532": {
      "%": 1.7828201,
      "v": 110
    },
    "Municipality of Polichni": {
      "%": 1.7142857,
      "v": 90
    },
    "Municipality of Aspropyrgos": {
      "%": 0.45977011,
      "v": 20
    },
    "Municipality of Ano Liossia": {
      "%": 1.1792452,
      "v": 50
    },
    "Municipality of Korydallos": {
      "%": 2.2869022,
      "v": 220
    },
    "Municipality of Peristeri": {
      "%": 1.9180923,
      "v": 370
    },
    "EL543": {
      "%": 3.6144578,
      "v": 840
    },
    "EL631": {
      "%": 1.5151515,
      "v": 450
    },
    "EL642": {
      "%": 2.1780665,
      "v": 570
    },
    "Municipality of Galatsi": {
      "%": 4.2690816,
      "v": 330
    },
    "EL422": {
      "%": 2.1086781,
      "v": 260
    },
    "Municipality of Voula": {
      "%": 7.878788,
      "v": 260
    },
    "Municipality of Glyfada": {
      "%": 4.8847928,
      "v": 530
    },
    "Municipality of Nea Smyrni": {
      "%": 6.3646169,
      "v": 590
    },
    "Municipality of Evosmo": {
      "%": 2.0143886,
      "v": 140
    },
    "Municipality of Paleo Faliro": {
      "%": 3.4437087,
      "v": 260
    },
    "EL641": {
      "%": 1.4971927,
      "v": 240
    },
    "Municipality of Kallithea": {
      "%": 4.2388058,
      "v": 710
    },
    "Municipality of Vyron": {
      "%": 4.7330098,
      "v": 390
    },
    "EL541": {
      "%": 2.3148148,
      "v": 350
    },
    "EL531": {
      "%": 1.7958826,
      "v": 410
    },
    "EL413": {
      "%": 3.2786884,
      "v": 200
    },
    "Municipality of Chalandri": {
      "%": 7.0588236,
      "v": 660
    },
    "Municipality of Argyroupoli": {
      "%": 3.524229,
      "v": 160
    },
    "Municipality of Stavroupoli": {
      "%": 2.1311476,
      "v": 130
    },
    "Municipality of Dafni": {
      "%": 2.6785715,
      "v": 90
    },
    "Municipality of Cholargos": {
      "%": 8.2446804,
      "v": 310
    },
    "EL524": {
      "%": 1.7672151,
      "v": 290
    },
    "Municipality of Pireas": {
      "%": 3.1288095,
      "v": 770
    },
    "EL526": {
      "%": 2.374552,
      "v": 530
    },
    "Municipality of Aghia Varvara": {
      "%": 1.6666666,
      "v": 70
    },
    "Municipality of Alimos": {
      "%": 5.0,
      "v": 230
    },
    "EL645": {
      "%": 1.8735363,
      "v": 80
    },
    "Municipality of Ilioupoli": {
      "%": 4.855372,
      "v": 470
    },
    "EL653": {
      "%": 1.568895,
      "v": 460
    },
    "Municipality of Aghia Paraskevi": {
      "%": 7.6379066,
      "v": 540
    },
    "Rest of Department Thessaloniki": {
      "%": 3.4195163,
      "v": 1230
    },
    "Rest of Prefecture East Attiki": {
      "%": 4.6269522,
      "v": 1600
    },
    "Municipality of Moschato": {
      "%": 1.986755,
      "v": 60
    },
    "Municipality of Thermaikos": {
      "%": 2.5316455,
      "v": 60
    },
    "EL611": {
      "%": 2.3194911,
      "v": 620
    },
    "EL521": {
      "%": 1.7971015,
      "v": 310
    },
    "EL533": {
      "%": 2.1246459,
      "v": 150
    },
    "EL421": {
      "%": 3.3386967,
      "v": 830
    },
    "Municipality of Nikea": {
      "%": 2.1228204,
      "v": 280
    },
    "EL433": {
      "%": 2.8169014,
      "v": 340
    },
    "Municipality of Keratsini": {
      "%": 1.6513761,
      "v": 180
    },
    "Municipality of Sykees": {
      "%": 3.3928571,
      "v": 190
    },
    "Municipality of Aghii Anargyri": {
      "%": 2.3504274,
      "v": 110
    },
    "Municipality of Kessariani": {
      "%": 4.9535604,
      "v": 160
    },
    "Municipality of Acharnes": {
      "%": 0.97087377,
      "v": 110
    },
    "EL431": {
      "%": 1.8785069,
      "v": 770
    },
    "Municipality of Zografos": {
      "%": 6.0178304,
      "v": 810
    },
    "Municipality of Echedoro": {
      "%": 1.3089005,
      "v": 50
    },
    "EL542": {
      "%": 0.76335877,
      "v": 40
    }
  }
}