{
  "original_file": "Ireland_1996.csv",
  "year": 1996,
  "country": "IE",
  "var": "ed_isced_6to8",
  "data": {
    "IE_lau_1": {
      "%": 5.5534277,
      "v": 1740
    },
    "IE_lau_2": {
      "%": 5.1798778,
      "v": 2046
    },
    "IE_lau_3": {
      "%": 7.1107583,
      "v": 5016
    },
    "IE_lau_4": {
      "%": 8.1672544,
      "v": 26326
    },
    "IE_lau_5": {
      "%": 5.5673766,
      "v": 5390
    },
    "IE_lau_6": {
      "%": 10.675354,
      "v": 42042
    },
    "IE_lau_7": {
      "%": 11.429842,
      "v": 49348
    },
    "IE_lau_8": {
      "%": 9.7051296,
      "v": 13998
    },
    "IE_lau_9": {
      "%": 6.9347234,
      "v": 6678
    },
    "IE_lau_10": {
      "%": 7.6234632,
      "v": 7564
    },
    "IE_lau_11": {
      "%": 6.0427542,
      "v": 3426
    },
    "IE_lau_12": {
      "%": 5.3506942,
      "v": 2104
    },
    "IE_lau_13": {
      "%": 5.4659033,
      "v": 1050
    },
    "IE_lau_14": {
      "%": 6.6805682,
      "v": 8458
    },
    "IE_lau_15": {
      "%": 5.3323917,
      "v": 1208
    },
    "IE_lau_16": {
      "%": 5.2708554,
      "v": 3676
    },
    "IE_lau_17": {
      "%": 6.2935567,
      "v": 5292
    },
    "IE_lau_18": {
      "%": 6.6070876,
      "v": 5360
    },
    "IE_lau_19": {
      "%": 5.7145858,
      "v": 2178
    },
    "IE_lau_20": {
      "%": 4.9071407,
      "v": 2164
    },
    "IE_lau_21": {
      "%": 6.0855098,
      "v": 2414
    },
    "IE_lau_22": {
      "%": 8.0617332,
      "v": 3458
    },
    "IE_lau_23": {
      "%": 5.8416996,
      "v": 5900
    },
    "IE_lau_24": {
      "%": 5.9597254,
      "v": 4318
    },
    "IE_lau_25": {
      "%": 6.3528767,
      "v": 3022
    },
    "IE_lau_26": {
      "%": 5.2569213,
      "v": 4126
    },
    "IE_lau_27": {
      "%": 7.9535136,
      "v": 6132
    }
  }
}