{
  "original_file": "Ireland_2011.csv",
  "year": 2011,
  "country": "IE",
  "var": "ed_isced_6to8_f",
  "data": {
    "IE_lau_1": {
      "%": 17.770773,
      "v": 3777
    },
    "IE_lau_2": {
      "%": 17.548155,
      "v": 4874
    },
    "IE_lau_3": {
      "%": 21.932228,
      "v": 10084
    },
    "IE_lau_4": {
      "%": 23.073448,
      "v": 48017
    },
    "IE_lau_5": {
      "%": 18.690844,
      "v": 11710
    },
    "IE_lau_6": {
      "%": 26.106474,
      "v": 60366
    },
    "IE_lau_7": {
      "%": 26.663422,
      "v": 80531
    },
    "IE_lau_8": {
      "%": 26.029211,
      "v": 26144
    },
    "IE_lau_9": {
      "%": 20.221582,
      "v": 11809
    },
    "IE_lau_10": {
      "%": 23.602222,
      "v": 19030
    },
    "IE_lau_11": {
      "%": 21.409061,
      "v": 7995
    },
    "IE_lau_12": {
      "%": 18.843079,
      "v": 5681
    },
    "IE_lau_13": {
      "%": 21.142765,
      "v": 2605
    },
    "IE_lau_14": {
      "%": 19.589235,
      "v": 15089
    },
    "IE_lau_15": {
      "%": 16.803471,
      "v": 2518
    },
    "IE_lau_16": {
      "%": 18.501093,
      "v": 8887
    },
    "IE_lau_17": {
      "%": 19.560392,
      "v": 10136
    },
    "IE_lau_18": {
      "%": 21.648596,
      "v": 15075
    },
    "IE_lau_19": {
      "%": 17.80187,
      "v": 4187
    },
    "IE_lau_20": {
      "%": 16.873432,
      "v": 4978
    },
    "IE_lau_21": {
      "%": 19.852736,
      "v": 4961
    },
    "IE_lau_22": {
      "%": 22.094509,
      "v": 5882
    },
    "IE_lau_23": {
      "%": 18.170889,
      "v": 11335
    },
    "IE_lau_24": {
      "%": 19.374903,
      "v": 8784
    },
    "IE_lau_25": {
      "%": 19.98522,
      "v": 6761
    },
    "IE_lau_26": {
      "%": 16.933823,
      "v": 9698
    },
    "IE_lau_27": {
      "%": 22.90024,
      "v": 12343
    }
  }
}