{
  "original_file": "Ireland_2011.csv",
  "year": 2011,
  "country": "IE",
  "var": "ed_isced_6to8",
  "data": {
    "IE_lau_1": {
      "%": 17.789604,
      "v": 7554
    },
    "IE_lau_2": {
      "%": 17.422388,
      "v": 9748
    },
    "IE_lau_3": {
      "%": 22.134665,
      "v": 20168
    },
    "IE_lau_4": {
      "%": 23.449865,
      "v": 96034
    },
    "IE_lau_5": {
      "%": 18.858505,
      "v": 23420
    },
    "IE_lau_6": {
      "%": 26.974215,
      "v": 120732
    },
    "IE_lau_7": {
      "%": 27.758112,
      "v": 161062
    },
    "IE_lau_8": {
      "%": 26.345942,
      "v": 52288
    },
    "IE_lau_9": {
      "%": 20.334051,
      "v": 23618
    },
    "IE_lau_10": {
      "%": 23.97571,
      "v": 38060
    },
    "IE_lau_11": {
      "%": 21.544348,
      "v": 15990
    },
    "IE_lau_12": {
      "%": 18.734953,
      "v": 11362
    },
    "IE_lau_13": {
      "%": 20.907742,
      "v": 5210
    },
    "IE_lau_14": {
      "%": 19.757111,
      "v": 30178
    },
    "IE_lau_15": {
      "%": 16.811884,
      "v": 5036
    },
    "IE_lau_16": {
      "%": 18.861357,
      "v": 17774
    },
    "IE_lau_17": {
      "%": 19.619646,
      "v": 20272
    },
    "IE_lau_18": {
      "%": 21.900354,
      "v": 30150
    },
    "IE_lau_19": {
      "%": 17.819675,
      "v": 8374
    },
    "IE_lau_20": {
      "%": 16.951576,
      "v": 9956
    },
    "IE_lau_21": {
      "%": 19.653362,
      "v": 9922
    },
    "IE_lau_22": {
      "%": 22.500191,
      "v": 11764
    },
    "IE_lau_23": {
      "%": 18.228161,
      "v": 22670
    },
    "IE_lau_24": {
      "%": 19.691755,
      "v": 17568
    },
    "IE_lau_25": {
      "%": 20.265572,
      "v": 13522
    },
    "IE_lau_26": {
      "%": 17.278364,
      "v": 19396
    },
    "IE_lau_27": {
      "%": 23.406151,
      "v": 24686
    }
  }
}