{
  "original_file": "Ireland_2011.csv",
  "year": 2011,
  "country": "IE",
  "var": "ed_isced_0to2",
  "data": {
    "IE_lau_1": {
      "%": 25.730637,
      "v": 10926
    },
    "IE_lau_2": {
      "%": 26.891388,
      "v": 15046
    },
    "IE_lau_3": {
      "%": 22.85244,
      "v": 20822
    },
    "IE_lau_4": {
      "%": 23.956789,
      "v": 98110
    },
    "IE_lau_5": {
      "%": 32.531322,
      "v": 40400
    },
    "IE_lau_6": {
      "%": 26.396893,
      "v": 118148
    },
    "IE_lau_7": {
      "%": 20.885366,
      "v": 121184
    },
    "IE_lau_8": {
      "%": 20.540443,
      "v": 40766
    },
    "IE_lau_9": {
      "%": 25.677141,
      "v": 29824
    },
    "IE_lau_10": {
      "%": 21.467268,
      "v": 34078
    },
    "IE_lau_11": {
      "%": 25.18762,
      "v": 18694
    },
    "IE_lau_12": {
      "%": 24.839231,
      "v": 15064
    },
    "IE_lau_13": {
      "%": 25.362173,
      "v": 6320
    },
    "IE_lau_14": {
      "%": 25.916397,
      "v": 39586
    },
    "IE_lau_15": {
      "%": 27.267569,
      "v": 8168
    },
    "IE_lau_16": {
      "%": 30.260519,
      "v": 28516
    },
    "IE_lau_17": {
      "%": 27.979675,
      "v": 28910
    },
    "IE_lau_18": {
      "%": 23.156992,
      "v": 31880
    },
    "IE_lau_19": {
      "%": 30.459856,
      "v": 14314
    },
    "IE_lau_20": {
      "%": 29.023361,
      "v": 17046
    },
    "IE_lau_21": {
      "%": 25.461027,
      "v": 12854
    },
    "IE_lau_22": {
      "%": 23.016602,
      "v": 12034
    },
    "IE_lau_23": {
      "%": 26.921717,
      "v": 33482
    },
    "IE_lau_24": {
      "%": 26.923723,
      "v": 24020
    },
    "IE_lau_25": {
      "%": 25.271267,
      "v": 16862
    },
    "IE_lau_26": {
      "%": 31.014824,
      "v": 34816
    },
    "IE_lau_27": {
      "%": 23.973148,
      "v": 25284
    }
  }
}