{
  "original_file": "Ireland_2011.csv",
  "year": 2011,
  "country": "IE",
  "var": "ed_isced_3to5_m",
  "data": {
    "IE_lau_1": {
      "%": 34.40049,
      "v": 7296
    },
    "IE_lau_2": {
      "%": 34.330635,
      "v": 9673
    },
    "IE_lau_3": {
      "%": 35.824268,
      "v": 16170
    },
    "IE_lau_4": {
      "%": 34.099213,
      "v": 68684
    },
    "IE_lau_5": {
      "%": 30.367096,
      "v": 18687
    },
    "IE_lau_6": {
      "%": 25.504616,
      "v": 55180
    },
    "IE_lau_7": {
      "%": 35.045254,
      "v": 97498
    },
    "IE_lau_8": {
      "%": 32.468937,
      "v": 31828
    },
    "IE_lau_9": {
      "%": 35.011776,
      "v": 20220
    },
    "IE_lau_10": {
      "%": 35.999027,
      "v": 28121
    },
    "IE_lau_11": {
      "%": 35.848137,
      "v": 13219
    },
    "IE_lau_12": {
      "%": 36.190445,
      "v": 11037
    },
    "IE_lau_13": {
      "%": 33.949833,
      "v": 4277
    },
    "IE_lau_14": {
      "%": 33.239124,
      "v": 25168
    },
    "IE_lau_15": {
      "%": 35.457581,
      "v": 5308
    },
    "IE_lau_16": {
      "%": 33.229439,
      "v": 15352
    },
    "IE_lau_17": {
      "%": 35.017281,
      "v": 18036
    },
    "IE_lau_18": {
      "%": 37.67675,
      "v": 25633
    },
    "IE_lau_19": {
      "%": 33.076302,
      "v": 7764
    },
    "IE_lau_20": {
      "%": 35.569622,
      "v": 10397
    },
    "IE_lau_21": {
      "%": 35.931126,
      "v": 9161
    },
    "IE_lau_22": {
      "%": 34.019173,
      "v": 8730
    },
    "IE_lau_23": {
      "%": 36.394142,
      "v": 22560
    },
    "IE_lau_24": {
      "%": 35.001595,
      "v": 15358
    },
    "IE_lau_25": {
      "%": 34.699337,
      "v": 11414
    },
    "IE_lau_26": {
      "%": 37.122177,
      "v": 20412
    },
    "IE_lau_27": {
      "%": 36.052666,
      "v": 18592
    }
  }
}