{
  "original_file": "Ireland_1991.csv",
  "year": 1991,
  "country": "IE",
  "var": "ed_isced_3to5_m",
  "data": {
    "Carlow": {
      "%": 24.911793,
      "v": 3687
    },
    "Cavan": {
      "%": 21.946716,
      "v": 4358
    },
    "Clare": {
      "%": 29.529671,
      "v": 9931
    },
    "Cork": {
      "%": 29.65695,
      "v": 44280
    },
    "Donegal": {
      "%": 21.60935,
      "v": 9938
    },
    "Dublin City": {
      "%": 29.438002,
      "v": 52181
    },
    "Dublin County": {
      "%": 35.309448,
      "v": 65495
    },
    "Galway": {
      "%": 24.729998,
      "v": 16383
    },
    "Kerry": {
      "%": 26.432032,
      "v": 12075
    },
    "Kildare": {
      "%": 31.194065,
      "v": 13443
    },
    "Kilkenny": {
      "%": 27.783028,
      "v": 7462
    },
    "Laois": {
      "%": 25.178093,
      "v": 4806
    },
    "Leitrim": {
      "%": 23.6614,
      "v": 2328
    },
    "Limerick City and County": {
      "%": 29.004053,
      "v": 17052
    },
    "Longford": {
      "%": 26.712854,
      "v": 2962
    },
    "Louth": {
      "%": 26.482559,
      "v": 8454
    },
    "Mayo": {
      "%": 23.005266,
      "v": 9284
    },
    "Meath": {
      "%": 30.346149,
      "v": 11225
    },
    "Monaghan": {
      "%": 23.693052,
      "v": 4419
    },
    "Offaly": {
      "%": 25.732946,
      "v": 5458
    },
    "Roscommon": {
      "%": 25.016453,
      "v": 4907
    },
    "Sligo": {
      "%": 29.198967,
      "v": 5822
    },
    "Tipperary": {
      "%": 28.022444,
      "v": 13628
    },
    "Waterford City and County": {
      "%": 27.791922,
      "v": 9201
    },
    "Westmeath": {
      "%": 28.39188,
      "v": 6320
    },
    "Wexford": {
      "%": 24.715929,
      "v": 9098
    },
    "Wicklow": {
      "%": 30.92168,
      "v": 10533
    }
  }
}