{
  "original_file": "Ireland_1991.csv",
  "year": 1991,
  "country": "IE",
  "var": "ed_isced_3to5_f",
  "data": {
    "Carlow": {
      "%": 30.518875,
      "v": 4434
    },
    "Cavan": {
      "%": 29.646696,
      "v": 5404
    },
    "Clare": {
      "%": 34.385525,
      "v": 11113
    },
    "Cork": {
      "%": 33.202061,
      "v": 50901
    },
    "Donegal": {
      "%": 25.708031,
      "v": 11711
    },
    "Dublin City": {
      "%": 30.353252,
      "v": 62604
    },
    "Dublin County": {
      "%": 37.411152,
      "v": 76339
    },
    "Galway": {
      "%": 32.877579,
      "v": 21688
    },
    "Kerry": {
      "%": 31.164968,
      "v": 13841
    },
    "Kildare": {
      "%": 35.379036,
      "v": 15090
    },
    "Kilkenny": {
      "%": 34.270264,
      "v": 8970
    },
    "Laois": {
      "%": 31.903316,
      "v": 5741
    },
    "Leitrim": {
      "%": 30.964214,
      "v": 2765
    },
    "Limerick City and County": {
      "%": 32.781281,
      "v": 19591
    },
    "Longford": {
      "%": 31.672144,
      "v": 3352
    },
    "Louth": {
      "%": 27.311293,
      "v": 9164
    },
    "Mayo": {
      "%": 29.643368,
      "v": 11832
    },
    "Meath": {
      "%": 35.404087,
      "v": 13003
    },
    "Monaghan": {
      "%": 28.514845,
      "v": 5104
    },
    "Offaly": {
      "%": 29.975483,
      "v": 6115
    },
    "Roscommon": {
      "%": 32.836395,
      "v": 6066
    },
    "Sligo": {
      "%": 34.504913,
      "v": 7081
    },
    "Tipperary": {
      "%": 33.631653,
      "v": 16038
    },
    "Waterford City and County": {
      "%": 31.298265,
      "v": 10591
    },
    "Westmeath": {
      "%": 33.743649,
      "v": 7586
    },
    "Wexford": {
      "%": 28.510963,
      "v": 10418
    },
    "Wicklow": {
      "%": 33.4645,
      "v": 11986
    }
  }
}