{
  "original_file": "Ireland_1991.csv",
  "year": 1991,
  "country": "IE",
  "var": "ed_isced_0to2_f",
  "data": {
    "Carlow": {
      "%": 49.69718,
      "v": 7221
    },
    "Cavan": {
      "%": 53.22873,
      "v": 9702
    },
    "Clare": {
      "%": 43.89368,
      "v": 14186
    },
    "Cork": {
      "%": 45.67176,
      "v": 70018
    },
    "Donegal": {
      "%": 56.98856,
      "v": 25960
    },
    "Dublin City": {
      "%": 48.18133,
      "v": 99374
    },
    "Dublin County": {
      "%": 37.92887,
      "v": 77395
    },
    "Galway": {
      "%": 42.16415,
      "v": 27814
    },
    "Kerry": {
      "%": 47.9746,
      "v": 21306
    },
    "Kildare": {
      "%": 43.71556,
      "v": 18646
    },
    "Kilkenny": {
      "%": 47.48424,
      "v": 12429
    },
    "Laois": {
      "%": 51.34204,
      "v": 9239
    },
    "Leitrim": {
      "%": 51.57352,
      "v": 4605
    },
    "Limerick City and County": {
      "%": 45.71467,
      "v": 27320
    },
    "Longford": {
      "%": 51.04875,
      "v": 5403
    },
    "Louth": {
      "%": 54.23062,
      "v": 18196
    },
    "Mayo": {
      "%": 51.40552,
      "v": 20518
    },
    "Meath": {
      "%": 45.18202,
      "v": 16594
    },
    "Monaghan": {
      "%": 52.58659,
      "v": 9413
    },
    "Offaly": {
      "%": 52.49767,
      "v": 10709
    },
    "Roscommon": {
      "%": 49.56696,
      "v": 9157
    },
    "Sligo": {
      "%": 41.60698,
      "v": 8539
    },
    "Tipperary": {
      "%": 48.7051,
      "v": 23226
    },
    "Waterford City and County": {
      "%": 49.73698,
      "v": 16830
    },
    "Westmeath": {
      "%": 46.6815,
      "v": 10494
    },
    "Wexford": {
      "%": 54.76464,
      "v": 20011
    },
    "Wicklow": {
      "%": 46.50156,
      "v": 16655
    }
  }
}