{
  "original_file": "Ireland_1991.csv",
  "year": 1991,
  "country": "IE",
  "var": "ed_isced_6to8_f",
  "data": {
    "Carlow": {
      "%": 5.3310895,
      "v": 775
    },
    "Cavan": {
      "%": 4.615664,
      "v": 841
    },
    "Clare": {
      "%": 6.1602845,
      "v": 1991
    },
    "Cork": {
      "%": 6.9559216,
      "v": 10664
    },
    "Donegal": {
      "%": 4.7531905,
      "v": 2165
    },
    "Dublin City": {
      "%": 7.5982633,
      "v": 15671
    },
    "Dublin County": {
      "%": 9.5903616,
      "v": 19569
    },
    "Galway": {
      "%": 8.2875652,
      "v": 5467
    },
    "Kerry": {
      "%": 6.424818,
      "v": 2853
    },
    "Kildare": {
      "%": 6.1702085,
      "v": 2632
    },
    "Kilkenny": {
      "%": 5.4852309,
      "v": 1436
    },
    "Laois": {
      "%": 4.2067142,
      "v": 757
    },
    "Leitrim": {
      "%": 4.6724749,
      "v": 417
    },
    "Limerick City and County": {
      "%": 6.3121233,
      "v": 3772
    },
    "Longford": {
      "%": 4.8546906,
      "v": 514
    },
    "Louth": {
      "%": 5.1686664,
      "v": 1734
    },
    "Mayo": {
      "%": 5.822885,
      "v": 2324
    },
    "Meath": {
      "%": 5.9360733,
      "v": 2180
    },
    "Monaghan": {
      "%": 4.8538709,
      "v": 869
    },
    "Offaly": {
      "%": 4.3056087,
      "v": 878
    },
    "Roscommon": {
      "%": 5.5093908,
      "v": 1018
    },
    "Sligo": {
      "%": 7.1751537,
      "v": 1473
    },
    "Tipperary": {
      "%": 5.4020452,
      "v": 2576
    },
    "Waterford City and County": {
      "%": 5.4208088,
      "v": 1834
    },
    "Westmeath": {
      "%": 5.7803731,
      "v": 1299
    },
    "Wexford": {
      "%": 4.5486979,
      "v": 1662
    },
    "Wicklow": {
      "%": 6.6013918,
      "v": 2364
    }
  }
}