{
  "original_file": "Ireland_1991.csv",
  "year": 1991,
  "country": "IE",
  "var": "ed_isced_0to2",
  "data": {
    "IE_lau_1": {
      "%": 49.236328,
      "v": 14442
    },
    "IE_lau_2": {
      "%": 50.950531,
      "v": 19404
    },
    "IE_lau_3": {
      "%": 43.019817,
      "v": 28372
    },
    "IE_lau_4": {
      "%": 46.275452,
      "v": 140036
    },
    "IE_lau_5": {
      "%": 56.717136,
      "v": 51920
    },
    "IE_lau_6": {
      "%": 51.823959,
      "v": 198748
    },
    "IE_lau_7": {
      "%": 39.736511,
      "v": 154790
    },
    "IE_lau_8": {
      "%": 42.074532,
      "v": 55628
    },
    "IE_lau_9": {
      "%": 47.296219,
      "v": 42612
    },
    "IE_lau_10": {
      "%": 43.489719,
      "v": 37292
    },
    "IE_lau_11": {
      "%": 46.871819,
      "v": 24858
    },
    "IE_lau_12": {
      "%": 49.827419,
      "v": 18478
    },
    "IE_lau_13": {
      "%": 49.072891,
      "v": 9210
    },
    "IE_lau_14": {
      "%": 46.088703,
      "v": 54640
    },
    "IE_lau_15": {
      "%": 49.859272,
      "v": 10806
    },
    "IE_lau_16": {
      "%": 55.58152,
      "v": 36392
    },
    "IE_lau_17": {
      "%": 51.122463,
      "v": 41036
    },
    "IE_lau_18": {
      "%": 45.021435,
      "v": 33188
    },
    "IE_lau_19": {
      "%": 51.504707,
      "v": 18826
    },
    "IE_lau_20": {
      "%": 51.474442,
      "v": 21418
    },
    "IE_lau_21": {
      "%": 48.082123,
      "v": 18314
    },
    "IE_lau_22": {
      "%": 42.208546,
      "v": 17078
    },
    "IE_lau_23": {
      "%": 48.226746,
      "v": 46452
    },
    "IE_lau_24": {
      "%": 50.281582,
      "v": 33660
    },
    "IE_lau_25": {
      "%": 46.91209,
      "v": 20988
    },
    "IE_lau_26": {
      "%": 54.563797,
      "v": 40022
    },
    "IE_lau_27": {
      "%": 47.666748,
      "v": 33310
    }
  }
}