{
  "original_file": "Ireland_1991.csv",
  "year": 1991,
  "country": "IE",
  "var": "ed_isced_0to2_f",
  "data": {
    "Carlow": {
      "%": 49.697178,
      "v": 7221
    },
    "Cavan": {
      "%": 53.228725,
      "v": 9702
    },
    "Clare": {
      "%": 43.893684,
      "v": 14186
    },
    "Cork": {
      "%": 45.671757,
      "v": 70018
    },
    "Donegal": {
      "%": 56.988564,
      "v": 25960
    },
    "Dublin City": {
      "%": 48.181332,
      "v": 99374
    },
    "Dublin County": {
      "%": 37.928871,
      "v": 77395
    },
    "Galway": {
      "%": 42.164146,
      "v": 27814
    },
    "Kerry": {
      "%": 47.974602,
      "v": 21306
    },
    "Kildare": {
      "%": 43.715565,
      "v": 18646
    },
    "Kilkenny": {
      "%": 47.484241,
      "v": 12429
    },
    "Laois": {
      "%": 51.342041,
      "v": 9239
    },
    "Leitrim": {
      "%": 51.573524,
      "v": 4605
    },
    "Limerick City and County": {
      "%": 45.714668,
      "v": 27320
    },
    "Longford": {
      "%": 51.048752,
      "v": 5403
    },
    "Louth": {
      "%": 54.230621,
      "v": 18196
    },
    "Mayo": {
      "%": 51.405521,
      "v": 20518
    },
    "Meath": {
      "%": 45.182018,
      "v": 16594
    },
    "Monaghan": {
      "%": 52.586594,
      "v": 9413
    },
    "Offaly": {
      "%": 52.497673,
      "v": 10709
    },
    "Roscommon": {
      "%": 49.566959,
      "v": 9157
    },
    "Sligo": {
      "%": 41.606979,
      "v": 8539
    },
    "Tipperary": {
      "%": 48.705097,
      "v": 23226
    },
    "Waterford City and County": {
      "%": 49.73698,
      "v": 16830
    },
    "Westmeath": {
      "%": 46.681496,
      "v": 10494
    },
    "Wexford": {
      "%": 54.764641,
      "v": 20011
    },
    "Wicklow": {
      "%": 46.501564,
      "v": 16655
    }
  }
}