{
  "original_file": "Ireland_1991.csv",
  "year": 1991,
  "country": "IE",
  "var": "ed_isced_6to8_m",
  "data": {
    "Carlow": {
      "%": 5.3746552,
      "v": 796
    },
    "Cavan": {
      "%": 4.4016738,
      "v": 874
    },
    "Clare": {
      "%": 6.4182367,
      "v": 2159
    },
    "Cork": {
      "%": 7.8878407,
      "v": 11777
    },
    "Donegal": {
      "%": 4.3077173,
      "v": 1981
    },
    "Dublin City": {
      "%": 9.7019997,
      "v": 17197
    },
    "Dublin County": {
      "%": 14.755247,
      "v": 27369
    },
    "Galway": {
      "%": 8.2163992,
      "v": 5443
    },
    "Kerry": {
      "%": 5.9111876,
      "v": 2701
    },
    "Kildare": {
      "%": 7.5403881,
      "v": 3250
    },
    "Kilkenny": {
      "%": 5.4572258,
      "v": 1466
    },
    "Laois": {
      "%": 3.9486296,
      "v": 754
    },
    "Leitrim": {
      "%": 4.0345039,
      "v": 397
    },
    "Limerick City and County": {
      "%": 7.0331626,
      "v": 4135
    },
    "Longford": {
      "%": 4.056376,
      "v": 450
    },
    "Louth": {
      "%": 5.7773247,
      "v": 1844
    },
    "Mayo": {
      "%": 5.2532334,
      "v": 2120
    },
    "Meath": {
      "%": 6.9406104,
      "v": 2567
    },
    "Monaghan": {
      "%": 4.3093071,
      "v": 804
    },
    "Offaly": {
      "%": 3.715426,
      "v": 788
    },
    "Roscommon": {
      "%": 4.9809995,
      "v": 977
    },
    "Sligo": {
      "%": 6.3963785,
      "v": 1275
    },
    "Tipperary": {
      "%": 5.298552,
      "v": 2577
    },
    "Waterford City and County": {
      "%": 6.0549293,
      "v": 2004
    },
    "Westmeath": {
      "%": 5.7830601,
      "v": 1287
    },
    "Wexford": {
      "%": 4.4671497,
      "v": 1644
    },
    "Wicklow": {
      "%": 8.2945242,
      "v": 2826
    }
  }
}