{
  "original_file": "Ireland_1991.csv",
  "year": 1991,
  "country": "IE",
  "var": "ed_isced_6to8_f",
  "data": {
    "IE_lau_1": {
      "%": 5.3310895,
      "v": 775
    },
    "IE_lau_2": {
      "%": 4.615664,
      "v": 841
    },
    "IE_lau_3": {
      "%": 6.1602845,
      "v": 1991
    },
    "IE_lau_4": {
      "%": 6.9559216,
      "v": 10664
    },
    "IE_lau_5": {
      "%": 4.7531905,
      "v": 2165
    },
    "IE_lau_6": {
      "%": 7.5982633,
      "v": 15671
    },
    "IE_lau_7": {
      "%": 9.5903616,
      "v": 19569
    },
    "IE_lau_8": {
      "%": 8.2875652,
      "v": 5467
    },
    "IE_lau_9": {
      "%": 6.424818,
      "v": 2853
    },
    "IE_lau_10": {
      "%": 6.1702085,
      "v": 2632
    },
    "IE_lau_11": {
      "%": 5.4852309,
      "v": 1436
    },
    "IE_lau_12": {
      "%": 4.2067142,
      "v": 757
    },
    "IE_lau_13": {
      "%": 4.6724749,
      "v": 417
    },
    "IE_lau_14": {
      "%": 6.3121233,
      "v": 3772
    },
    "IE_lau_15": {
      "%": 4.8546906,
      "v": 514
    },
    "IE_lau_16": {
      "%": 5.1686664,
      "v": 1734
    },
    "IE_lau_17": {
      "%": 5.822885,
      "v": 2324
    },
    "IE_lau_18": {
      "%": 5.9360733,
      "v": 2180
    },
    "IE_lau_19": {
      "%": 4.8538709,
      "v": 869
    },
    "IE_lau_20": {
      "%": 4.3056087,
      "v": 878
    },
    "IE_lau_21": {
      "%": 5.5093908,
      "v": 1018
    },
    "IE_lau_22": {
      "%": 7.1751537,
      "v": 1473
    },
    "IE_lau_23": {
      "%": 5.4020452,
      "v": 2576
    },
    "IE_lau_24": {
      "%": 5.4208088,
      "v": 1834
    },
    "IE_lau_25": {
      "%": 5.7803731,
      "v": 1299
    },
    "IE_lau_26": {
      "%": 4.5486979,
      "v": 1662
    },
    "IE_lau_27": {
      "%": 6.6013918,
      "v": 2364
    }
  }
}