{
  "original_file": "Ireland_1991.csv",
  "year": 1991,
  "country": "IE",
  "var": "ed_isced_0to2_m",
  "data": {
    "Carlow": {
      "%": 48.783947,
      "v": 7221
    },
    "Cavan": {
      "%": 48.859344,
      "v": 9702
    },
    "Clare": {
      "%": 42.180065,
      "v": 14186
    },
    "Cork": {
      "%": 46.895325,
      "v": 70018
    },
    "Donegal": {
      "%": 56.44828,
      "v": 25960
    },
    "Dublin City": {
      "%": 56.06242,
      "v": 99374
    },
    "Dublin County": {
      "%": 41.725071,
      "v": 77395
    },
    "Galway": {
      "%": 41.985298,
      "v": 27814
    },
    "Kerry": {
      "%": 46.636753,
      "v": 21306
    },
    "Kildare": {
      "%": 43.266197,
      "v": 18646
    },
    "Kilkenny": {
      "%": 46.27499,
      "v": 12429
    },
    "Laois": {
      "%": 48.399601,
      "v": 9239
    },
    "Leitrim": {
      "%": 46.803535,
      "v": 4605
    },
    "Limerick City and County": {
      "%": 46.468906,
      "v": 27320
    },
    "Longford": {
      "%": 48.723961,
      "v": 5403
    },
    "Louth": {
      "%": 57.001442,
      "v": 18196
    },
    "Mayo": {
      "%": 50.842503,
      "v": 20518
    },
    "Meath": {
      "%": 44.861984,
      "v": 16594
    },
    "Monaghan": {
      "%": 50.466438,
      "v": 9413
    },
    "Offaly": {
      "%": 50.490334,
      "v": 10709
    },
    "Roscommon": {
      "%": 46.683659,
      "v": 9157
    },
    "Sligo": {
      "%": 42.827766,
      "v": 8539
    },
    "Tipperary": {
      "%": 47.757694,
      "v": 23226
    },
    "Waterford City and County": {
      "%": 50.838242,
      "v": 16830
    },
    "Westmeath": {
      "%": 47.144974,
      "v": 10494
    },
    "Wexford": {
      "%": 54.364422,
      "v": 20011
    },
    "Wicklow": {
      "%": 48.891823,
      "v": 16655
    }
  }
}