{
  "original_file": "Ireland_1991.csv",
  "year": 1991,
  "country": "IE",
  "var": "ed_isced_3to5",
  "data": {
    "IE_lau_1": {
      "%": 27.689335,
      "v": 8122
    },
    "IE_lau_2": {
      "%": 25.631924,
      "v": 9762
    },
    "IE_lau_3": {
      "%": 31.909262,
      "v": 21044
    },
    "IE_lau_4": {
      "%": 31.452934,
      "v": 95181
    },
    "IE_lau_5": {
      "%": 23.64893,
      "v": 21649
    },
    "IE_lau_6": {
      "%": 29.930223,
      "v": 114784
    },
    "IE_lau_7": {
      "%": 36.410385,
      "v": 141833
    },
    "IE_lau_8": {
      "%": 28.795132,
      "v": 38071
    },
    "IE_lau_9": {
      "%": 28.765038,
      "v": 25916
    },
    "IE_lau_10": {
      "%": 33.275742,
      "v": 28534
    },
    "IE_lau_11": {
      "%": 30.98481,
      "v": 16432
    },
    "IE_lau_12": {
      "%": 28.441505,
      "v": 10547
    },
    "IE_lau_13": {
      "%": 27.135761,
      "v": 5093
    },
    "IE_lau_14": {
      "%": 30.908119,
      "v": 36643
    },
    "IE_lau_15": {
      "%": 29.134722,
      "v": 6314
    },
    "IE_lau_16": {
      "%": 26.907246,
      "v": 17618
    },
    "IE_lau_17": {
      "%": 26.306042,
      "v": 21116
    },
    "IE_lau_18": {
      "%": 32.866131,
      "v": 24228
    },
    "IE_lau_19": {
      "%": 26.054346,
      "v": 9523
    },
    "IE_lau_20": {
      "%": 27.812868,
      "v": 11573
    },
    "IE_lau_21": {
      "%": 28.809294,
      "v": 10973
    },
    "IE_lau_22": {
      "%": 31.890297,
      "v": 12903
    },
    "IE_lau_23": {
      "%": 30.799503,
      "v": 29666
    },
    "IE_lau_24": {
      "%": 29.564289,
      "v": 19791
    },
    "IE_lau_25": {
      "%": 31.080982,
      "v": 13905
    },
    "IE_lau_26": {
      "%": 26.606489,
      "v": 19516
    },
    "IE_lau_27": {
      "%": 32.224949,
      "v": 22519
    }
  }
}