{
  "original_file": "Greece_2011.csv",
  "year": 2011,
  "country": "GR",
  "var": "ed_isced_6to8",
  "data": {
    "Municipality of Pylea": {
      "%": 30.68017,
      "v": 8480
    },
    "EL515": {
      "%": 9.527091,
      "v": 11060
    },
    "EL413": {
      "%": 10.48575,
      "v": 4490
    },
    "Municipality of Salamina": {
      "%": 7.724034,
      "v": 2060
    },
    "EL514": {
      "%": 8.473551,
      "v": 7000
    },
    "Municipality of Stavroupoli": {
      "%": 10.20839,
      "v": 3870
    },
    "EL513": {
      "%": 8.404711,
      "v": 7850
    },
    "Municipality of Sykees": {
      "%": 14.02729,
      "v": 4420
    },
    "EL512": {
      "%": 9.581842,
      "v": 8570
    },
    "Municipality of Eleftherio-Kordelio": {
      "%": 8.779149,
      "v": 1920
    },
    "EL434": {
      "%": 11.53695,
      "v": 14720
    },
    "EL653": {
      "%": 8.792739,
      "v": 18310
    },
    "Municipality of Elefsina": {
      "%": 9.712586,
      "v": 1960
    },
    "Municipality of Thessaloniki": {
      "%": 22.49725,
      "v": 61260
    },
    "Municipality of Abelokipi": {
      "%": 9.860012,
      "v": 3240
    },
    "Municipality of Echedoro": {
      "%": 7.714885,
      "v": 1840
    },
    "Municipality of Acharnes": {
      "%": 7.336385,
      "v": 5930
    },
    "Municipality of Dafni": {
      "%": 16.32653,
      "v": 3120
    },
    "Rest of Prefecture East Attiki": {
      "%": 20.85761,
      "v": 56570
    },
    "Municipality of Aegaleo": {
      "%": 10.06612,
      "v": 6090
    },
    "Municipality of Cholargos": {
      "%": 39.05192,
      "v": 10380
    },
    "Municipality of Aghia Paraskevi": {
      "%": 36.96787,
      "v": 18410
    },
    "Municipality of Chalandri": {
      "%": 33.88573,
      "v": 21470
    },
    "EL511": {
      "%": 9.876442,
      "v": 11990
    },
    "Municipality of Aghia Varvara": {
      "%": 8.333333,
      "v": 1830
    },
    "Municipality of Chaidari": {
      "%": 15.88514,
      "v": 6030
    },
    "Municipality of Thermaikos": {
      "%": 19.26397,
      "v": 4240
    },
    "Municipality of Aghii Anargyri": {
      "%": 11.88085,
      "v": 3430
    },
    "Municipality of Athens": {
      "%": 20.7935,
      "v": 118550
    },
    "Municipality of Aghios Dimitrios": {
      "%": 15.02547,
      "v": 8850
    },
    "Municipality of Aspropyrgos": {
      "%": 4.610829,
      "v": 1090
    },
    "Municipality of Alimos": {
      "%": 25.70862,
      "v": 9070
    },
    "Municipality of Argyroupoli": {
      "%": 17.78163,
      "v": 5130
    },
    "Municipality of Amaroussio": {
      "%": 32.8243,
      "v": 19990
    },
    "Municipality of Ano Liossia": {
      "%": 4.888376,
      "v": 1270
    },
    "Rest of Prefecture West Attiki": {
      "%": 7.305804,
      "v": 2530
    },
    "EL521": {
      "%": 8.896367,
      "v": 10310
    },
    "Municipality of Polichni": {
      "%": 9.780564,
      "v": 3120
    },
    "EL523": {
      "%": 6.75776,
      "v": 4550
    },
    "Municipality of Pireas": {
      "%": 14.65437,
      "v": 20500
    },
    "EL411": {
      "%": 10.67482,
      "v": 9080
    },
    "EL524": {
      "%": 7.061523,
      "v": 8310
    },
    "Municipality of Petroupoli": {
      "%": 13.78813,
      "v": 6690
    },
    "EL525": {
      "%": 9.69697,
      "v": 9920
    },
    "Municipality of Peristeri": {
      "%": 10.02425,
      "v": 11990
    },
    "EL421": {
      "%": 9.541488,
      "v": 14650
    },
    "EL526": {
      "%": 8.387182,
      "v": 12720
    },
    "Municipality of Perama": {
      "%": 6.198724,
      "v": 1360
    },
    "Rest of Department Thessaloniki": {
      "%": 13.76168,
      "v": 35640
    },
    "EL527": {
      "%": 7.989198,
      "v": 7100
    },
    "Municipality of Paleo Faliro": {
      "%": 26.64527,
      "v": 14940
    },
    "EL531": {
      "%": 8.903841,
      "v": 13630
    },
    "Municipality of Nikea": {
      "%": 8.908656,
      "v": 6710
    },
    "Rest of Prefecture Pireas": {
      "%": 7.132483,
      "v": 4420
    },
    "EL532": {
      "%": 8.362864,
      "v": 3540
    },
    "Municipality of Neapoli": {
      "%": 10.46114,
      "v": 2450
    },
    "EL533": {
      "%": 9.447708,
      "v": 4020
    },
    "Municipality of Nea Smyrni": {
      "%": 29.69591,
      "v": 18750
    },
    "EL422": {
      "%": 8.736174,
      "v": 8530
    },
    "EL541": {
      "%": 9.846972,
      "v": 10360
    },
    "Municipality of Nea Philadelfia": {
      "%": 15.14019,
      "v": 3240
    },
    "Municipality of Zografos": {
      "%": 23.61963,
      "v": 14630
    },
    "EL542": {
      "%": 7.924728,
      "v": 2990
    },
    "Municipality of Nea Ionia": {
      "%": 14.69104,
      "v": 8440
    },
    "EL543": {
      "%": 14.34939,
      "v": 19960
    },
    "Municipality of Moschato": {
      "%": 16.59595,
      "v": 3520
    },
    "EL611": {
      "%": 9.615479,
      "v": 19680
    },
    "Municipality of Metamorfossi": {
      "%": 12.93878,
      "v": 3170
    },
    "EL612": {
      "%": 11.742,
      "v": 27380
    },
    "Municipality of Megara": {
      "%": 7.476635,
      "v": 1680
    },
    "EL431": {
      "%": 11.53846,
      "v": 28680
    },
    "EL613": {
      "%": 12.30805,
      "v": 20920
    },
    "Municipality of Korydallos": {
      "%": 10.26034,
      "v": 5360
    },
    "Municipality of Vyron": {
      "%": 19.85482,
      "v": 10120
    },
    "EL621": {
      "%": 7.638466,
      "v": 2510
    },
    "Municipality of Koropi": {
      "%": 11.41938,
      "v": 2840
    },
    "EL622": {
      "%": 9.195402,
      "v": 8160
    },
    "Municipality of Kifissia": {
      "%": 41.74113,
      "v": 16350
    },
    "EL623": {
      "%": 10.46441,
      "v": 3470
    },
    "Municipality of Kessariani": {
      "%": 19.3045,
      "v": 4330
    },
    "EL624": {
      "%": 11.30346,
      "v": 2220
    },
    "Municipality of Keratsini": {
      "%": 8.142415,
      "v": 5260
    },
    "EL432": {
      "%": 9.510086,
      "v": 5940
    },
    "EL631": {
      "%": 8.356876,
      "v": 14790
    },
    "Municipality of Kamatero": {
      "%": 8.738278,
      "v": 2050
    },
    "Municipality of Vrilissia": {
      "%": 41.50867,
      "v": 10290
    },
    "EL632": {
      "%": 12.26415,
      "v": 31330
    },
    "Municipality of Kallithea": {
      "%": 16.49793,
      "v": 14340
    },
    "EL633": {
      "%": 6.690062,
      "v": 8960
    },
    "Municipality of Kalamaria": {
      "%": 26.01299,
      "v": 20030
    },
    "EL641": {
      "%": 7.230153,
      "v": 7040
    },
    "Municipality of Iraklio": {
      "%": 23.7961,
      "v": 10130
    },
    "EL642": {
      "%": 9.115991,
      "v": 16190
    },
    "Municipality of Ilioupoli": {
      "%": 19.74445,
      "v": 12980
    },
    "EL433": {
      "%": 10.13718,
      "v": 7020
    },
    "EL643": {
      "%": 5.997625,
      "v": 1010
    },
    "Municipality of Ilio (Nea Liossia)": {
      "%": 10.23163,
      "v": 7200
    },
    "Municipality of Voula": {
      "%": 37.46338,
      "v": 8950
    },
    "EL644": {
      "%": 9.417871,
      "v": 12700
    },
    "Municipality of Glyfada": {
      "%": 26.61492,
      "v": 19200
    },
    "EL645": {
      "%": 10.22995,
      "v": 3470
    },
    "Municipality of Galatsi": {
      "%": 16.87129,
      "v": 8520
    },
    "EL412": {
      "%": 8.964365,
      "v": 3220
    },
    "EL651": {
      "%": 8.945287,
      "v": 13570
    },
    "Municipality of Evosmo": {
      "%": 10.48292,
      "v": 6230
    },
    "EL652": {
      "%": 9.466722,
      "v": 11450
    },
    "Rest of Prefecture Athens": {
      "%": 33.26596,
      "v": 51020
    }
  }
}