{
  "original_file": "Greece_2011.csv",
  "year": 2011,
  "country": "GR",
  "var": "ed_isced_3to5",
  "data": {
    "EL300": {
      "%": 47.91901,
      "v": 1537630
    },
    "EL411": {
      "%": 33.7644,
      "v": 28720
    },
    "EL412": {
      "%": 39.059021,
      "v": 14030
    },
    "EL413": {
      "%": 44.184959,
      "v": 18920
    },
    "EL421": {
      "%": 40.452,
      "v": 62110
    },
    "EL422": {
      "%": 38.467842,
      "v": 37560
    },
    "EL431": {
      "%": 38.803509,
      "v": 96450
    },
    "EL432": {
      "%": 36.871597,
      "v": 23030
    },
    "EL433": {
      "%": 39.523464,
      "v": 27370
    },
    "EL434": {
      "%": 42.824673,
      "v": 54640
    },
    "EL511": {
      "%": 35.189457,
      "v": 42720
    },
    "EL512": {
      "%": 29.013865,
      "v": 25950
    },
    "EL513": {
      "%": 26.092077,
      "v": 24370
    },
    "EL514": {
      "%": 34.668926,
      "v": 28640
    },
    "EL515": {
      "%": 36.850719,
      "v": 42780
    },
    "EL521": {
      "%": 34.308395,
      "v": 39760
    },
    "EL522": {
      "%": 45.56089,
      "v": 419470
    },
    "EL523": {
      "%": 34.887867,
      "v": 23490
    },
    "EL524": {
      "%": 31.262747,
      "v": 36790
    },
    "EL525": {
      "%": 34.535679,
      "v": 35330
    },
    "EL526": {
      "%": 30.443096,
      "v": 46170
    },
    "EL527": {
      "%": 35.86137,
      "v": 31870
    },
    "EL531": {
      "%": 38.960022,
      "v": 59640
    },
    "EL532": {
      "%": 34.609024,
      "v": 14650
    },
    "EL533": {
      "%": 34.782608,
      "v": 14800
    },
    "EL541": {
      "%": 30.83357,
      "v": 32440
    },
    "EL542": {
      "%": 31.990459,
      "v": 12070
    },
    "EL543": {
      "%": 37.390366,
      "v": 52010
    },
    "EL611": {
      "%": 29.212879,
      "v": 59790
    },
    "EL612": {
      "%": 37.250195,
      "v": 86860
    },
    "EL613": {
      "%": 39.277519,
      "v": 66760
    },
    "EL621": {
      "%": 35.514301,
      "v": 11670
    },
    "EL622": {
      "%": 36.612576,
      "v": 32490
    },
    "EL623": {
      "%": 42.008446,
      "v": 13930
    },
    "EL624": {
      "%": 35.336048,
      "v": 6940
    },
    "EL631": {
      "%": 31.365126,
      "v": 55510
    },
    "EL632": {
      "%": 43.325764,
      "v": 110680
    },
    "EL633": {
      "%": 30.426342,
      "v": 40750
    },
    "EL641": {
      "%": 36.592381,
      "v": 35630
    },
    "EL642": {
      "%": 37.094593,
      "v": 65880
    },
    "EL643": {
      "%": 27.315914,
      "v": 4600
    },
    "EL644": {
      "%": 37.715981,
      "v": 50860
    },
    "EL645": {
      "%": 36.320755,
      "v": 12320
    },
    "EL651": {
      "%": 35.761372,
      "v": 54250
    },
    "EL652": {
      "%": 37.825546,
      "v": 45750
    },
    "EL653": {
      "%": 34.004032,
      "v": 70810
    }
  }
}