{
  "original_file": "Greece_2011.csv",
  "year": 2011,
  "country": "GR",
  "var": "ed_isced_6to8",
  "data": {
    "EL300": {
      "%": 19.095552,
      "v": 612740
    },
    "EL411": {
      "%": 10.674818,
      "v": 9080
    },
    "EL412": {
      "%": 8.964365,
      "v": 3220
    },
    "EL413": {
      "%": 10.485754,
      "v": 4490
    },
    "EL421": {
      "%": 9.5414877,
      "v": 14650
    },
    "EL422": {
      "%": 8.7361736,
      "v": 8530
    },
    "EL431": {
      "%": 11.538462,
      "v": 28680
    },
    "EL432": {
      "%": 9.5100861,
      "v": 5940
    },
    "EL433": {
      "%": 10.137184,
      "v": 7020
    },
    "EL434": {
      "%": 11.536954,
      "v": 14720
    },
    "EL511": {
      "%": 9.876442,
      "v": 11990
    },
    "EL512": {
      "%": 9.5818424,
      "v": 8570
    },
    "EL513": {
      "%": 8.4047108,
      "v": 7850
    },
    "EL514": {
      "%": 8.4735508,
      "v": 7000
    },
    "EL515": {
      "%": 9.527091,
      "v": 11060
    },
    "EL521": {
      "%": 8.8963671,
      "v": 10310
    },
    "EL522": {
      "%": 17.024374,
      "v": 156740
    },
    "EL523": {
      "%": 6.75776,
      "v": 4550
    },
    "EL524": {
      "%": 7.061523,
      "v": 8310
    },
    "EL525": {
      "%": 9.69697,
      "v": 9920
    },
    "EL526": {
      "%": 8.3871822,
      "v": 12720
    },
    "EL527": {
      "%": 7.9891977,
      "v": 7100
    },
    "EL531": {
      "%": 8.903841,
      "v": 13630
    },
    "EL532": {
      "%": 8.3628635,
      "v": 3540
    },
    "EL533": {
      "%": 9.4477081,
      "v": 4020
    },
    "EL541": {
      "%": 9.8469725,
      "v": 10360
    },
    "EL542": {
      "%": 7.9247284,
      "v": 2990
    },
    "EL543": {
      "%": 14.349389,
      "v": 19960
    },
    "EL611": {
      "%": 9.6154785,
      "v": 19680
    },
    "EL612": {
      "%": 11.742002,
      "v": 27380
    },
    "EL613": {
      "%": 12.308054,
      "v": 20920
    },
    "EL621": {
      "%": 7.6384664,
      "v": 2510
    },
    "EL622": {
      "%": 9.1954021,
      "v": 8160
    },
    "EL623": {
      "%": 10.464415,
      "v": 3470
    },
    "EL624": {
      "%": 11.303462,
      "v": 2220
    },
    "EL631": {
      "%": 8.3568764,
      "v": 14790
    },
    "EL632": {
      "%": 12.264151,
      "v": 31330
    },
    "EL633": {
      "%": 6.690062,
      "v": 8960
    },
    "EL641": {
      "%": 7.2301531,
      "v": 7040
    },
    "EL642": {
      "%": 9.1159906,
      "v": 16190
    },
    "EL643": {
      "%": 5.9976249,
      "v": 1010
    },
    "EL644": {
      "%": 9.4178715,
      "v": 12700
    },
    "EL645": {
      "%": 10.229953,
      "v": 3470
    },
    "EL651": {
      "%": 8.9452868,
      "v": 13570
    },
    "EL652": {
      "%": 9.4667215,
      "v": 11450
    },
    "EL653": {
      "%": 8.7927389,
      "v": 18310
    }
  }
}