{
  "original_file": "Greece_2011.csv",
  "year": 2011,
  "country": "GR",
  "var": "ed_isced_3to5_m_25to34",
  "data": {
    "Municipality of Pireas": {
      "%": 64.389069,
      "v": 8010
    },
    "Municipality of Alimos": {
      "%": 58.555134,
      "v": 1540
    },
    "Municipality of Nea Philadelfia": {
      "%": 67.692307,
      "v": 1320
    },
    "EL513": {
      "%": 41.74625,
      "v": 3060
    },
    "Municipality of Perama": {
      "%": 70.270271,
      "v": 1560
    },
    "Municipality of Thessaloniki": {
      "%": 58.359482,
      "v": 13020
    },
    "EL632": {
      "%": 63.223713,
      "v": 13650
    },
    "Rest of Department Thessaloniki": {
      "%": 62.038834,
      "v": 12780
    },
    "Municipality of Athens": {
      "%": 56.729759,
      "v": 32370
    },
    "EL652": {
      "%": 56.691254,
      "v": 5380
    },
    "Municipality of Neapoli": {
      "%": 62.569832,
      "v": 1120
    },
    "EL631": {
      "%": 55.432373,
      "v": 7500
    },
    "Municipality of Cholargos": {
      "%": 51.980198,
      "v": 1050
    },
    "EL651": {
      "%": 60.06855,
      "v": 7010
    },
    "Municipality of Vyron": {
      "%": 67.201836,
      "v": 2930
    },
    "Municipality of Pylea": {
      "%": 57.8125,
      "v": 1480
    },
    "EL411": {
      "%": 54.584526,
      "v": 3810
    },
    "Municipality of Iraklio": {
      "%": 56.914894,
      "v": 2140
    },
    "EL533": {
      "%": 69.069069,
      "v": 2300
    },
    "EL422": {
      "%": 59.28899,
      "v": 5170
    },
    "Municipality of Kallithea": {
      "%": 63.908875,
      "v": 5330
    },
    "Municipality of Kalamaria": {
      "%": 59.646301,
      "v": 3710
    },
    "EL525": {
      "%": 63.013699,
      "v": 4600
    },
    "EL433": {
      "%": 49.270664,
      "v": 3040
    },
    "Municipality of Petroupoli": {
      "%": 70.600861,
      "v": 3290
    },
    "Municipality of Aghii Anargyri": {
      "%": 67.123291,
      "v": 1960
    },
    "EL622": {
      "%": 55.239521,
      "v": 3690
    },
    "EL524": {
      "%": 57.467144,
      "v": 4810
    },
    "Municipality of Glyfada": {
      "%": 57.432434,
      "v": 3400
    },
    "Municipality of Dafni": {
      "%": 58.888889,
      "v": 1060
    },
    "Municipality of Galatsi": {
      "%": 66.518845,
      "v": 3000
    },
    "Municipality of Chalandri": {
      "%": 55.489021,
      "v": 2780
    },
    "Municipality of Sykees": {
      "%": 63.855423,
      "v": 1590
    },
    "EL511": {
      "%": 68.639053,
      "v": 6960
    },
    "Municipality of Acharnes": {
      "%": 58.796822,
      "v": 5180
    },
    "Municipality of Kamatero": {
      "%": 68.544601,
      "v": 1460
    },
    "Municipality of Chaidari": {
      "%": 64.110428,
      "v": 2090
    },
    "Municipality of Ilioupoli": {
      "%": 67.253525,
      "v": 3820
    },
    "Rest of Prefecture West Attiki": {
      "%": 58.139534,
      "v": 1750
    },
    "Municipality of Aghia Varvara": {
      "%": 61.809044,
      "v": 1230
    },
    "EL642": {
      "%": 52.768936,
      "v": 8290
    },
    "EL515": {
      "%": 57.951809,
      "v": 4810
    },
    "Municipality of Aghios Dimitrios": {
      "%": 69.316078,
      "v": 3750
    },
    "Municipality of Moschato": {
      "%": 72.580643,
      "v": 1350
    },
    "EL653": {
      "%": 53.039028,
      "v": 8290
    },
    "EL434": {
      "%": 56.112053,
      "v": 6610
    },
    "EL612": {
      "%": 63.934425,
      "v": 12090
    },
    "Municipality of Stavroupoli": {
      "%": 59.726028,
      "v": 2180
    },
    "EL521": {
      "%": 59.839817,
      "v": 5230
    },
    "EL613": {
      "%": 58.75,
      "v": 7990
    },
    "EL432": {
      "%": 52.848724,
      "v": 2690
    },
    "Municipality of Nea Ionia": {
      "%": 63.339382,
      "v": 3490
    },
    "EL611": {
      "%": 62.557426,
      "v": 8170
    },
    "EL512": {
      "%": 43.680981,
      "v": 3560
    },
    "Municipality of Nikea": {
      "%": 68.892044,
      "v": 4850
    },
    "Municipality of Eleftherio-Kordelio": {
      "%": 62.05357,
      "v": 1390
    },
    "EL633": {
      "%": 49.009899,
      "v": 4950
    },
    "EL523": {
      "%": 68.09816,
      "v": 3330
    },
    "Municipality of Thermaikos": {
      "%": 64.071854,
      "v": 1070
    },
    "EL645": {
      "%": 56.87204,
      "v": 1200
    },
    "Municipality of Ano Liossia": {
      "%": 52.536232,
      "v": 1450
    },
    "Municipality of Abelokipi": {
      "%": 75.0,
      "v": 1950
    },
    "Municipality of Aegaleo": {
      "%": 68.354431,
      "v": 3780
    },
    "EL532": {
      "%": 71.036583,
      "v": 2330
    },
    "Municipality of Megara": {
      "%": 44.594593,
      "v": 990
    },
    "Municipality of Peristeri": {
      "%": 64.754097,
      "v": 7900
    },
    "EL421": {
      "%": 61.849316,
      "v": 9030
    },
    "EL643": {
      "%": 56.989246,
      "v": 530
    },
    "Municipality of Koropi": {
      "%": 57.307693,
      "v": 1490
    },
    "Municipality of Polichni": {
      "%": 69.696968,
      "v": 1840
    },
    "Rest of Prefecture East Attiki": {
      "%": 57.758244,
      "v": 13140
    },
    "Rest of Prefecture Pireas": {
      "%": 58.939095,
      "v": 3000
    },
    "EL623": {
      "%": 51.599998,
      "v": 1290
    },
    "Municipality of Echedoro": {
      "%": 58.604652,
      "v": 1260
    },
    "Municipality of Keratsini": {
      "%": 70.309952,
      "v": 4310
    },
    "Municipality of Nea Smyrni": {
      "%": 59.692898,
      "v": 3110
    },
    "Municipality of Paleo Faliro": {
      "%": 57.220707,
      "v": 2100
    },
    "Municipality of Zografos": {
      "%": 59.169552,
      "v": 3420
    },
    "EL543": {
      "%": 61.207684,
      "v": 6690
    },
    "EL541": {
      "%": 62.135921,
      "v": 4480
    },
    "EL514": {
      "%": 65.087723,
      "v": 3710
    },
    "Municipality of Kessariani": {
      "%": 60.368664,
      "v": 1310
    },
    "Municipality of Aghia Paraskevi": {
      "%": 54.342983,
      "v": 2440
    },
    "EL641": {
      "%": 54.891304,
      "v": 5050
    },
    "Municipality of Elefsina": {
      "%": 65.938866,
      "v": 1510
    },
    "Rest of Prefecture Athens": {
      "%": 53.333332,
      "v": 6560
    },
    "Municipality of Evosmo": {
      "%": 70.154373,
      "v": 4090
    },
    "Municipality of Amaroussio": {
      "%": 54.207436,
      "v": 2770
    },
    "EL412": {
      "%": 61.589405,
      "v": 1860
    },
    "EL621": {
      "%": 48.828125,
      "v": 1250
    },
    "EL624": {
      "%": 62.264153,
      "v": 990
    },
    "EL531": {
      "%": 72.939072,
      "v": 8140
    },
    "Municipality of Ilio (Nea Liossia)": {
      "%": 67.069489,
      "v": 4440
    },
    "Municipality of Vrilissia": {
      "%": 40.512821,
      "v": 790
    },
    "EL644": {
      "%": 61.444557,
      "v": 6040
    },
    "EL413": {
      "%": 67.015709,
      "v": 2560
    },
    "Municipality of Voula": {
      "%": 41.216217,
      "v": 610
    },
    "Municipality of Aspropyrgos": {
      "%": 40.766552,
      "v": 1170
    },
    "EL542": {
      "%": 60.076046,
      "v": 1580
    },
    "Municipality of Salamina": {
      "%": 61.53846,
      "v": 1120
    },
    "Municipality of Korydallos": {
      "%": 71.428574,
      "v": 3300
    },
    "EL431": {
      "%": 52.265728,
      "v": 11880
    },
    "Municipality of Argyroupoli": {
      "%": 70.168068,
      "v": 1670
    },
    "EL527": {
      "%": 58.403362,
      "v": 4170
    },
    "Municipality of Kifissia": {
      "%": 46.067417,
      "v": 1230
    },
    "EL526": {
      "%": 55.672516,
      "v": 4760
    },
    "Municipality of Metamorfossi": {
      "%": 62.910797,
      "v": 1340
    }
  }
}