{
  "original_file": "Greece_2011.csv",
  "year": 2011,
  "country": "GR",
  "var": "ed_isced_0to2_f",
  "data": {
    "EL300": {
      "%": 34.829723,
      "v": 587560
    },
    "EL411": {
      "%": 58.142696,
      "v": 25670
    },
    "EL412": {
      "%": 55.136612,
      "v": 10090
    },
    "EL413": {
      "%": 49.312557,
      "v": 10760
    },
    "EL421": {
      "%": 50.724636,
      "v": 39550
    },
    "EL422": {
      "%": 53.596527,
      "v": 25930
    },
    "EL431": {
      "%": 49.132813,
      "v": 62890
    },
    "EL432": {
      "%": 54.301075,
      "v": 17170
    },
    "EL433": {
      "%": 48.788731,
      "v": 17320
    },
    "EL434": {
      "%": 46.491638,
      "v": 29750
    },
    "EL511": {
      "%": 57.231899,
      "v": 35810
    },
    "EL512": {
      "%": 64.181038,
      "v": 29780
    },
    "EL513": {
      "%": 66.911163,
      "v": 32840
    },
    "EL514": {
      "%": 60.474762,
      "v": 26240
    },
    "EL515": {
      "%": 55.52953,
      "v": 33190
    },
    "EL521": {
      "%": 58.589787,
      "v": 34650
    },
    "EL522": {
      "%": 39.222977,
      "v": 190910
    },
    "EL523": {
      "%": 61.16959,
      "v": 20920
    },
    "EL524": {
      "%": 62.974789,
      "v": 37470
    },
    "EL525": {
      "%": 57.58316,
      "v": 30640
    },
    "EL526": {
      "%": 63.768116,
      "v": 49720
    },
    "EL527": {
      "%": 57.534248,
      "v": 25620
    },
    "EL531": {
      "%": 56.876217,
      "v": 43880
    },
    "EL532": {
      "%": 58.080807,
      "v": 12650
    },
    "EL533": {
      "%": 58.240742,
      "v": 12580
    },
    "EL541": {
      "%": 62.624035,
      "v": 34080
    },
    "EL542": {
      "%": 61.412758,
      "v": 11650
    },
    "EL543": {
      "%": 49.993095,
      "v": 36200
    },
    "EL611": {
      "%": 63.697254,
      "v": 66570
    },
    "EL612": {
      "%": 53.37952,
      "v": 63180
    },
    "EL613": {
      "%": 51.493305,
      "v": 45000
    },
    "EL621": {
      "%": 55.535168,
      "v": 9080
    },
    "EL622": {
      "%": 55.773373,
      "v": 25890
    },
    "EL623": {
      "%": 47.413269,
      "v": 7790
    },
    "EL624": {
      "%": 55.429161,
      "v": 5360
    },
    "EL631": {
      "%": 62.421455,
      "v": 55630
    },
    "EL632": {
      "%": 45.720806,
      "v": 60100
    },
    "EL633": {
      "%": 62.789646,
      "v": 41730
    },
    "EL641": {
      "%": 58.209587,
      "v": 27440
    },
    "EL642": {
      "%": 55.950752,
      "v": 49080
    },
    "EL643": {
      "%": 68.144691,
      "v": 5840
    },
    "EL644": {
      "%": 56.088234,
      "v": 38140
    },
    "EL645": {
      "%": 56.129032,
      "v": 9570
    },
    "EL651": {
      "%": 56.951908,
      "v": 43460
    },
    "EL652": {
      "%": 54.202759,
      "v": 33790
    },
    "EL653": {
      "%": 58.245987,
      "v": 60570
    }
  }
}