{
  "original_file": "Greece_2011.csv",
  "year": 2011,
  "country": "GR",
  "var": "ed_isced_0to2_65plus",
  "data": {
    "Municipality of Pireas": {
      "%": 64.80687,
      "v": 19630
    },
    "Municipality of Alimos": {
      "%": 51.271187,
      "v": 3630
    },
    "Municipality of Nea Philadelfia": {
      "%": 68.874168,
      "v": 3120
    },
    "EL513": {
      "%": 90.315216,
      "v": 19770
    },
    "Municipality of Perama": {
      "%": 82.933334,
      "v": 3110
    },
    "Municipality of Thessaloniki": {
      "%": 59.731239,
      "v": 39560
    },
    "EL632": {
      "%": 80.048798,
      "v": 42650
    },
    "Rest of Department Thessaloniki": {
      "%": 83.977379,
      "v": 44550
    },
    "Municipality of Athens": {
      "%": 51.904568,
      "v": 63090
    },
    "EL652": {
      "%": 82.471542,
      "v": 25360
    },
    "Municipality of Neapoli": {
      "%": 82.169121,
      "v": 4470
    },
    "EL631": {
      "%": 91.342758,
      "v": 41360
    },
    "Municipality of Cholargos": {
      "%": 34.36578,
      "v": 2330
    },
    "EL651": {
      "%": 88.421562,
      "v": 36580
    },
    "Municipality of Vyron": {
      "%": 58.623772,
      "v": 6560
    },
    "Municipality of Pylea": {
      "%": 65.813957,
      "v": 2830
    },
    "EL411": {
      "%": 88.310577,
      "v": 20700
    },
    "Municipality of Iraklio": {
      "%": 60.024601,
      "v": 4880
    },
    "EL533": {
      "%": 90.33989,
      "v": 10100
    },
    "EL422": {
      "%": 86.418556,
      "v": 17880
    },
    "Municipality of Kallithea": {
      "%": 61.685627,
      "v": 11930
    },
    "Municipality of Kalamaria": {
      "%": 60.61211,
      "v": 9110
    },
    "EL525": {
      "%": 89.248894,
      "v": 24240
    },
    "EL433": {
      "%": 86.233406,
      "v": 12340
    },
    "Municipality of Petroupoli": {
      "%": 80.382164,
      "v": 6310
    },
    "Municipality of Aghii Anargyri": {
      "%": 76.243095,
      "v": 4140
    },
    "EL622": {
      "%": 84.622513,
      "v": 18270
    },
    "EL524": {
      "%": 91.990067,
      "v": 29630
    },
    "Municipality of Glyfada": {
      "%": 49.022446,
      "v": 6770
    },
    "Municipality of Dafni": {
      "%": 71.032745,
      "v": 2820
    },
    "Municipality of Galatsi": {
      "%": 69.693977,
      "v": 7060
    },
    "Municipality of Chalandri": {
      "%": 42.20779,
      "v": 5850
    },
    "Municipality of Sykees": {
      "%": 84.031006,
      "v": 5420
    },
    "EL511": {
      "%": 90.532715,
      "v": 31270
    },
    "Municipality of Acharnes": {
      "%": 82.126488,
      "v": 8960
    },
    "Municipality of Kamatero": {
      "%": 88.563828,
      "v": 3330
    },
    "Municipality of Chaidari": {
      "%": 75.770309,
      "v": 5410
    },
    "Municipality of Ilioupoli": {
      "%": 64.23983,
      "v": 9000
    },
    "Rest of Prefecture West Attiki": {
      "%": 88.432266,
      "v": 5810
    },
    "Municipality of Aghia Varvara": {
      "%": 85.321098,
      "v": 3720
    },
    "EL642": {
      "%": 84.430031,
      "v": 36440
    },
    "EL515": {
      "%": 87.315933,
      "v": 26090
    },
    "Municipality of Aghios Dimitrios": {
      "%": 77.389709,
      "v": 8420
    },
    "Municipality of Moschato": {
      "%": 62.907269,
      "v": 2510
    },
    "EL653": {
      "%": 84.949661,
      "v": 50630
    },
    "EL434": {
      "%": 80.03817,
      "v": 20970
    },
    "EL612": {
      "%": 89.034454,
      "v": 49610
    },
    "Municipality of Stavroupoli": {
      "%": 87.519028,
      "v": 5750
    },
    "EL521": {
      "%": 89.034485,
      "v": 25820
    },
    "EL613": {
      "%": 82.697517,
      "v": 33600
    },
    "EL432": {
      "%": 82.713089,
      "v": 13780
    },
    "Municipality of Nea Ionia": {
      "%": 73.611115,
      "v": 7950
    },
    "EL611": {
      "%": 91.619934,
      "v": 57180
    },
    "EL512": {
      "%": 88.875809,
      "v": 15100
    },
    "Municipality of Nikea": {
      "%": 78.369705,
      "v": 12210
    },
    "Municipality of Eleftherio-Kordelio": {
      "%": 86.451614,
      "v": 2680
    },
    "EL633": {
      "%": 88.528824,
      "v": 30870
    },
    "EL523": {
      "%": 89.888184,
      "v": 18490
    },
    "Municipality of Thermaikos": {
      "%": 65.45961,
      "v": 2350
    },
    "EL645": {
      "%": 81.758652,
      "v": 8740
    },
    "Municipality of Ano Liossia": {
      "%": 90.489914,
      "v": 3140
    },
    "Municipality of Abelokipi": {
      "%": 85.052315,
      "v": 5690
    },
    "Municipality of Aegaleo": {
      "%": 84.4086,
      "v": 10990
    },
    "EL532": {
      "%": 92.599998,
      "v": 9260
    },
    "Municipality of Megara": {
      "%": 85.483871,
      "v": 3710
    },
    "Municipality of Peristeri": {
      "%": 84.068741,
      "v": 18100
    },
    "EL421": {
      "%": 80.104515,
      "v": 21460
    },
    "EL643": {
      "%": 95.007797,
      "v": 6090
    },
    "Municipality of Koropi": {
      "%": 71.521736,
      "v": 3290
    },
    "Municipality of Polichni": {
      "%": 87.632507,
      "v": 4960
    },
    "Rest of Prefecture East Attiki": {
      "%": 63.691837,
      "v": 33400
    },
    "Rest of Prefecture Pireas": {
      "%": 81.683502,
      "v": 12130
    },
    "EL623": {
      "%": 78.132675,
      "v": 6360
    },
    "Municipality of Echedoro": {
      "%": 92.151901,
      "v": 3640
    },
    "Municipality of Keratsini": {
      "%": 78.79039,
      "v": 9510
    },
    "Municipality of Nea Smyrni": {
      "%": 40.1311,
      "v": 5510
    },
    "Municipality of Paleo Faliro": {
      "%": 45.173454,
      "v": 5990
    },
    "Municipality of Zografos": {
      "%": 54.228485,
      "v": 7310
    },
    "EL543": {
      "%": 85.918312,
      "v": 30080
    },
    "EL541": {
      "%": 91.578949,
      "v": 27840
    },
    "EL514": {
      "%": 91.24897,
      "v": 22210
    },
    "Municipality of Kessariani": {
      "%": 63.282936,
      "v": 2930
    },
    "Municipality of Aghia Paraskevi": {
      "%": 37.892605,
      "v": 3740
    },
    "EL641": {
      "%": 89.924881,
      "v": 20350
    },
    "Municipality of Elefsina": {
      "%": 82.670456,
      "v": 2910
    },
    "Rest of Prefecture Athens": {
      "%": 42.249615,
      "v": 13710
    },
    "Municipality of Evosmo": {
      "%": 87.891739,
      "v": 6170
    },
    "Municipality of Amaroussio": {
      "%": 43.107388,
      "v": 5660
    },
    "EL412": {
      "%": 84.237999,
      "v": 8070
    },
    "EL621": {
      "%": 89.027779,
      "v": 6410
    },
    "EL624": {
      "%": 87.80069,
      "v": 5110
    },
    "EL531": {
      "%": 91.518196,
      "v": 36470
    },
    "Municipality of Ilio (Nea Liossia)": {
      "%": 87.490288,
      "v": 11260
    },
    "Municipality of Vrilissia": {
      "%": 39.950371,
      "v": 1610
    },
    "EL644": {
      "%": 87.503479,
      "v": 31440
    },
    "EL413": {
      "%": 80.476189,
      "v": 8450
    },
    "Municipality of Voula": {
      "%": 30.039526,
      "v": 1520
    },
    "Municipality of Aspropyrgos": {
      "%": 89.812332,
      "v": 3350
    },
    "EL542": {
      "%": 93.120155,
      "v": 9610
    },
    "Municipality of Salamina": {
      "%": 80.259369,
      "v": 5570
    },
    "Municipality of Korydallos": {
      "%": 76.1194,
      "v": 8160
    },
    "EL431": {
      "%": 84.92157,
      "v": 43310
    },
    "Municipality of Argyroupoli": {
      "%": 67.875648,
      "v": 3930
    },
    "EL527": {
      "%": 88.538284,
      "v": 19080
    },
    "Municipality of Kifissia": {
      "%": 31.277533,
      "v": 2840
    },
    "EL526": {
      "%": 92.584747,
      "v": 43700
    },
    "Municipality of Metamorfossi": {
      "%": 81.984337,
      "v": 3140
    }
  }
}