{
  "original_file": "Greece_2011.csv",
  "year": 2011,
  "country": "GR",
  "var": "ed_isced_0to2_f_55to64",
  "data": {
    "Municipality of Pireas": {
      "%": 48.260483,
      "v": 5410
    },
    "Municipality of Alimos": {
      "%": 26.68919,
      "v": 790
    },
    "Municipality of Nea Philadelfia": {
      "%": 50.314465,
      "v": 800
    },
    "EL513": {
      "%": 82.308846,
      "v": 5490
    },
    "Municipality of Perama": {
      "%": 77.697845,
      "v": 1080
    },
    "Municipality of Thessaloniki": {
      "%": 37.795277,
      "v": 8160
    },
    "EL632": {
      "%": 61.612175,
      "v": 10930
    },
    "Rest of Department Thessaloniki": {
      "%": 62.542183,
      "v": 11120
    },
    "Municipality of Athens": {
      "%": 37.38969,
      "v": 16100
    },
    "EL652": {
      "%": 69.230766,
      "v": 6390
    },
    "Municipality of Neapoli": {
      "%": 63.184078,
      "v": 1270
    },
    "EL631": {
      "%": 76.82119,
      "v": 9280
    },
    "Municipality of Cholargos": {
      "%": 13.675214,
      "v": 320
    },
    "EL651": {
      "%": 67.197754,
      "v": 7170
    },
    "Municipality of Vyron": {
      "%": 37.157108,
      "v": 1490
    },
    "Municipality of Pylea": {
      "%": 43.47826,
      "v": 800
    },
    "EL411": {
      "%": 70.967743,
      "v": 4400
    },
    "Municipality of Iraklio": {
      "%": 41.640377,
      "v": 1320
    },
    "EL533": {
      "%": 72.519081,
      "v": 1900
    },
    "EL422": {
      "%": 69.521042,
      "v": 4790
    },
    "Municipality of Kallithea": {
      "%": 40.735695,
      "v": 2990
    },
    "Municipality of Kalamaria": {
      "%": 34.083603,
      "v": 2120
    },
    "EL525": {
      "%": 74.002571,
      "v": 5750
    },
    "EL433": {
      "%": 64.619164,
      "v": 2630
    },
    "Municipality of Petroupoli": {
      "%": 63.036304,
      "v": 1910
    },
    "Municipality of Aghii Anargyri": {
      "%": 56.57143,
      "v": 990
    },
    "EL622": {
      "%": 71.511627,
      "v": 4920
    },
    "EL524": {
      "%": 81.28019,
      "v": 6730
    },
    "Municipality of Glyfada": {
      "%": 28.663446,
      "v": 1780
    },
    "Municipality of Dafni": {
      "%": 40.76923,
      "v": 530
    },
    "Municipality of Galatsi": {
      "%": 50.38168,
      "v": 1980
    },
    "Municipality of Chalandri": {
      "%": 21.60149,
      "v": 1160
    },
    "Municipality of Sykees": {
      "%": 63.106796,
      "v": 1300
    },
    "EL511": {
      "%": 75.202782,
      "v": 6490
    },
    "Municipality of Acharnes": {
      "%": 66.28788,
      "v": 3500
    },
    "Municipality of Kamatero": {
      "%": 78.723404,
      "v": 1110
    },
    "Municipality of Chaidari": {
      "%": 50.909092,
      "v": 1400
    },
    "Municipality of Ilioupoli": {
      "%": 39.425053,
      "v": 1920
    },
    "Rest of Prefecture West Attiki": {
      "%": 76.595741,
      "v": 1800
    },
    "Municipality of Aghia Varvara": {
      "%": 69.565216,
      "v": 1120
    },
    "EL642": {
      "%": 69.108284,
      "v": 8680
    },
    "EL515": {
      "%": 68.581078,
      "v": 6090
    },
    "Municipality of Aghios Dimitrios": {
      "%": 57.908165,
      "v": 2270
    },
    "Municipality of Moschato": {
      "%": 35.403728,
      "v": 570
    },
    "EL653": {
      "%": 67.013168,
      "v": 9670
    },
    "EL434": {
      "%": 58.027523,
      "v": 5060
    },
    "EL612": {
      "%": 72.852852,
      "v": 12130
    },
    "Municipality of Stavroupoli": {
      "%": 67.741936,
      "v": 1470
    },
    "EL521": {
      "%": 76.390465,
      "v": 6730
    },
    "EL613": {
      "%": 64.494568,
      "v": 7720
    },
    "EL432": {
      "%": 65.024628,
      "v": 2640
    },
    "Municipality of Nea Ionia": {
      "%": 55.082741,
      "v": 2330
    },
    "EL611": {
      "%": 77.829559,
      "v": 11690
    },
    "EL512": {
      "%": 75.259514,
      "v": 4350
    },
    "Municipality of Nikea": {
      "%": 70.363953,
      "v": 4060
    },
    "Municipality of Eleftherio-Kordelio": {
      "%": 62.406013,
      "v": 830
    },
    "EL633": {
      "%": 74.553101,
      "v": 7090
    },
    "EL523": {
      "%": 75.438599,
      "v": 3440
    },
    "Municipality of Thermaikos": {
      "%": 48.818897,
      "v": 620
    },
    "EL645": {
      "%": 68.181816,
      "v": 1650
    },
    "Municipality of Ano Liossia": {
      "%": 82.236839,
      "v": 1250
    },
    "Municipality of Abelokipi": {
      "%": 61.864407,
      "v": 1460
    },
    "Municipality of Aegaleo": {
      "%": 63.569683,
      "v": 2600
    },
    "EL532": {
      "%": 80.065361,
      "v": 2450
    },
    "Municipality of Megara": {
      "%": 81.021896,
      "v": 1110
    },
    "Municipality of Peristeri": {
      "%": 66.922096,
      "v": 5240
    },
    "EL421": {
      "%": 68.368279,
      "v": 7500
    },
    "EL643": {
      "%": 76.190475,
      "v": 800
    },
    "Municipality of Koropi": {
      "%": 57.225433,
      "v": 990
    },
    "Municipality of Polichni": {
      "%": 71.351349,
      "v": 1320
    },
    "Rest of Prefecture East Attiki": {
      "%": 44.136959,
      "v": 9410
    },
    "Rest of Prefecture Pireas": {
      "%": 62.222221,
      "v": 2800
    },
    "EL623": {
      "%": 56.621006,
      "v": 1240
    },
    "Municipality of Echedoro": {
      "%": 72.932327,
      "v": 970
    },
    "Municipality of Keratsini": {
      "%": 66.744728,
      "v": 2850
    },
    "Municipality of Nea Smyrni": {
      "%": 26.217228,
      "v": 1400
    },
    "Municipality of Paleo Faliro": {
      "%": 26.060606,
      "v": 1290
    },
    "Municipality of Zografos": {
      "%": 38.126362,
      "v": 1750
    },
    "EL543": {
      "%": 68.105988,
      "v": 6940
    },
    "EL541": {
      "%": 77.446304,
      "v": 6490
    },
    "EL514": {
      "%": 72.291298,
      "v": 4070
    },
    "Municipality of Kessariani": {
      "%": 48.214287,
      "v": 810
    },
    "Municipality of Aghia Paraskevi": {
      "%": 19.708029,
      "v": 810
    },
    "EL641": {
      "%": 75.519997,
      "v": 4720
    },
    "Municipality of Elefsina": {
      "%": 65.217392,
      "v": 900
    },
    "Rest of Prefecture Athens": {
      "%": 25.97809,
      "v": 3320
    },
    "Municipality of Evosmo": {
      "%": 68.012421,
      "v": 2190
    },
    "Municipality of Amaroussio": {
      "%": 21.481482,
      "v": 1160
    },
    "EL412": {
      "%": 67.479675,
      "v": 1660
    },
    "EL621": {
      "%": 74.285713,
      "v": 1560
    },
    "EL624": {
      "%": 60.655739,
      "v": 740
    },
    "EL531": {
      "%": 75.287956,
      "v": 7190
    },
    "Municipality of Ilio (Nea Liossia)": {
      "%": 69.730942,
      "v": 3110
    },
    "Municipality of Vrilissia": {
      "%": 13.875598,
      "v": 290
    },
    "EL644": {
      "%": 68.802521,
      "v": 6550
    },
    "EL413": {
      "%": 58.252426,
      "v": 1800
    },
    "Municipality of Voula": {
      "%": 17.129629,
      "v": 370
    },
    "Municipality of Aspropyrgos": {
      "%": 63.522011,
      "v": 1010
    },
    "EL542": {
      "%": 80.656937,
      "v": 2210
    },
    "Municipality of Salamina": {
      "%": 76.271187,
      "v": 1800
    },
    "Municipality of Korydallos": {
      "%": 58.868896,
      "v": 2290
    },
    "EL431": {
      "%": 62.460167,
      "v": 9800
    },
    "Municipality of Argyroupoli": {
      "%": 40.322582,
      "v": 750
    },
    "EL527": {
      "%": 73.04747,
      "v": 4770
    },
    "Municipality of Kifissia": {
      "%": 15.909091,
      "v": 560
    },
    "EL526": {
      "%": 76.88356,
      "v": 8980
    },
    "Municipality of Metamorfossi": {
      "%": 60.91954,
      "v": 1060
    }
  }
}