{
  "original_file": "Greece_2011.csv",
  "year": 2011,
  "country": "GR",
  "var": "ed_isced_0to2_f",
  "data": {
    "Municipality of Pylea": {
      "%": 27.42498,
      "v": 3930
    },
    "EL515": {
      "%": 55.52953,
      "v": 33190
    },
    "EL413": {
      "%": 49.31256,
      "v": 10760
    },
    "Municipality of Salamina": {
      "%": 56.87273,
      "v": 7820
    },
    "EL514": {
      "%": 60.47476,
      "v": 26240
    },
    "Municipality of Stavroupoli": {
      "%": 45.98169,
      "v": 9040
    },
    "EL513": {
      "%": 66.91116,
      "v": 32840
    },
    "Municipality of Sykees": {
      "%": 43.84058,
      "v": 7260
    },
    "EL512": {
      "%": 64.18104,
      "v": 29780
    },
    "Municipality of Eleftherio-Kordelio": {
      "%": 43.05799,
      "v": 4900
    },
    "EL434": {
      "%": 46.49164,
      "v": 29750
    },
    "EL653": {
      "%": 58.24599,
      "v": 60570
    },
    "Municipality of Elefsina": {
      "%": 48.61933,
      "v": 4930
    },
    "Municipality of Thessaloniki": {
      "%": 32.50801,
      "v": 48710
    },
    "Municipality of Abelokipi": {
      "%": 46.875,
      "v": 8250
    },
    "Municipality of Echedoro": {
      "%": 53.68073,
      "v": 6490
    },
    "Municipality of Acharnes": {
      "%": 45.83436,
      "v": 18540
    },
    "Municipality of Dafni": {
      "%": 36.51575,
      "v": 3710
    },
    "Rest of Prefecture East Attiki": {
      "%": 34.69284,
      "v": 47890
    },
    "Municipality of Aegaleo": {
      "%": 45.07177,
      "v": 14130
    },
    "Municipality of Cholargos": {
      "%": 18.75423,
      "v": 2770
    },
    "Municipality of Aghia Paraskevi": {
      "%": 19.15052,
      "v": 5140
    },
    "Municipality of Chalandri": {
      "%": 21.74678,
      "v": 7420
    },
    "EL511": {
      "%": 57.2319,
      "v": 35810
    },
    "Municipality of Aghia Varvara": {
      "%": 52.71318,
      "v": 6120
    },
    "Municipality of Chaidari": {
      "%": 36.82619,
      "v": 7310
    },
    "Municipality of Thermaikos": {
      "%": 32.15235,
      "v": 3630
    },
    "Municipality of Aghii Anargyri": {
      "%": 39.77977,
      "v": 5780
    },
    "Municipality of Athens": {
      "%": 31.3026,
      "v": 94850
    },
    "Municipality of Aghios Dimitrios": {
      "%": 37.53656,
      "v": 11550
    },
    "Municipality of Aspropyrgos": {
      "%": 56.44599,
      "v": 6480
    },
    "Municipality of Alimos": {
      "%": 23.38073,
      "v": 4440
    },
    "Municipality of Argyroupoli": {
      "%": 32.04961,
      "v": 4910
    },
    "Municipality of Amaroussio": {
      "%": 21.83486,
      "v": 7140
    },
    "Municipality of Ano Liossia": {
      "%": 52.63952,
      "v": 6980
    },
    "Rest of Prefecture West Attiki": {
      "%": 54.43753,
      "v": 9630
    },
    "EL521": {
      "%": 58.58979,
      "v": 34650
    },
    "Municipality of Polichni": {
      "%": 45.19403,
      "v": 7570
    },
    "EL523": {
      "%": 61.16959,
      "v": 20920
    },
    "Municipality of Pireas": {
      "%": 38.18526,
      "v": 28280
    },
    "EL411": {
      "%": 58.1427,
      "v": 25670
    },
    "EL524": {
      "%": 62.97479,
      "v": 37470
    },
    "Municipality of Petroupoli": {
      "%": 37.17796,
      "v": 9380
    },
    "EL525": {
      "%": 57.58316,
      "v": 30640
    },
    "Municipality of Peristeri": {
      "%": 45.30585,
      "v": 27700
    },
    "EL421": {
      "%": 50.72464,
      "v": 39550
    },
    "EL526": {
      "%": 63.76812,
      "v": 49720
    },
    "Municipality of Perama": {
      "%": 49.32856,
      "v": 5510
    },
    "Rest of Department Thessaloniki": {
      "%": 45.88731,
      "v": 60920
    },
    "EL527": {
      "%": 57.53425,
      "v": 25620
    },
    "Municipality of Paleo Faliro": {
      "%": 25.1462,
      "v": 7740
    },
    "EL531": {
      "%": 56.87622,
      "v": 43880
    },
    "Municipality of Nikea": {
      "%": 46.95477,
      "v": 18580
    },
    "Rest of Prefecture Pireas": {
      "%": 52.9599,
      "v": 16640
    },
    "EL532": {
      "%": 58.08081,
      "v": 12650
    },
    "Municipality of Neapoli": {
      "%": 48.07843,
      "v": 6130
    },
    "EL533": {
      "%": 58.24074,
      "v": 12580
    },
    "Municipality of Nea Smyrni": {
      "%": 22.12828,
      "v": 7590
    },
    "EL422": {
      "%": 53.59653,
      "v": 25930
    },
    "EL541": {
      "%": 62.62403,
      "v": 34080
    },
    "Municipality of Nea Philadelfia": {
      "%": 38.1036,
      "v": 4340
    },
    "Municipality of Zografos": {
      "%": 28.25444,
      "v": 9550
    },
    "EL542": {
      "%": 61.41276,
      "v": 11650
    },
    "Municipality of Nea Ionia": {
      "%": 38.77959,
      "v": 11630
    },
    "EL543": {
      "%": 49.9931,
      "v": 36200
    },
    "Municipality of Moschato": {
      "%": 31.48789,
      "v": 3640
    },
    "EL611": {
      "%": 63.69725,
      "v": 66570
    },
    "Municipality of Metamorfossi": {
      "%": 38.63275,
      "v": 4860
    },
    "EL612": {
      "%": 53.37952,
      "v": 63180
    },
    "Municipality of Megara": {
      "%": 58.35521,
      "v": 6670
    },
    "EL431": {
      "%": 49.13281,
      "v": 62890
    },
    "EL613": {
      "%": 51.49331,
      "v": 45000
    },
    "Municipality of Korydallos": {
      "%": 43.22157,
      "v": 11860
    },
    "Municipality of Vyron": {
      "%": 32.25572,
      "v": 8880
    },
    "EL621": {
      "%": 55.53517,
      "v": 9080
    },
    "Municipality of Koropi": {
      "%": 43.26299,
      "v": 5330
    },
    "EL622": {
      "%": 55.77337,
      "v": 25890
    },
    "Municipality of Kifissia": {
      "%": 18.70605,
      "v": 3990
    },
    "EL623": {
      "%": 47.41327,
      "v": 7790
    },
    "Municipality of Kessariani": {
      "%": 34.375,
      "v": 4070
    },
    "EL624": {
      "%": 55.42916,
      "v": 5360
    },
    "Municipality of Keratsini": {
      "%": 45.98562,
      "v": 15350
    },
    "EL432": {
      "%": 54.30107,
      "v": 17170
    },
    "EL631": {
      "%": 62.42146,
      "v": 55630
    },
    "Municipality of Kamatero": {
      "%": 45.30988,
      "v": 5410
    },
    "Municipality of Vrilissia": {
      "%": 16.90458,
      "v": 2250
    },
    "EL632": {
      "%": 45.72081,
      "v": 60100
    },
    "Municipality of Kallithea": {
      "%": 34.35843,
      "v": 16200
    },
    "EL633": {
      "%": 62.78965,
      "v": 41730
    },
    "Municipality of Kalamaria": {
      "%": 29.48594,
      "v": 12160
    },
    "EL641": {
      "%": 58.20959,
      "v": 27440
    },
    "Municipality of Iraklio": {
      "%": 29.42238,
      "v": 6520
    },
    "EL642": {
      "%": 55.95075,
      "v": 49080
    },
    "Municipality of Ilioupoli": {
      "%": 32.25714,
      "v": 11290
    },
    "EL433": {
      "%": 48.78873,
      "v": 17320
    },
    "EL643": {
      "%": 68.14469,
      "v": 5840
    },
    "Municipality of Ilio (Nea Liossia)": {
      "%": 45.38376,
      "v": 16320
    },
    "Municipality of Voula": {
      "%": 17.95275,
      "v": 2280
    },
    "EL644": {
      "%": 56.08823,
      "v": 38140
    },
    "Municipality of Glyfada": {
      "%": 25.11533,
      "v": 9800
    },
    "EL645": {
      "%": 56.12903,
      "v": 9570
    },
    "Municipality of Galatsi": {
      "%": 35.43247,
      "v": 9340
    },
    "EL412": {
      "%": 55.13661,
      "v": 10090
    },
    "EL651": {
      "%": 56.95191,
      "v": 43460
    },
    "Municipality of Evosmo": {
      "%": 39.10761,
      "v": 11920
    },
    "EL652": {
      "%": 54.20276,
      "v": 33790
    },
    "Rest of Prefecture Athens": {
      "%": 23.12181,
      "v": 19020
    }
  }
}