{
  "original_file": "Greece_2011.csv",
  "year": 2011,
  "country": "GR",
  "var": "ed_isced_3to5_f_65plus",
  "data": {
    "Municipality of Pireas": {
      "%": 21.785513,
      "v": 3880
    },
    "Municipality of Alimos": {
      "%": 33.168316,
      "v": 1340
    },
    "Municipality of Nea Philadelfia": {
      "%": 24.542124,
      "v": 670
    },
    "EL513": {
      "%": 5.5646482,
      "v": 680
    },
    "Municipality of Perama": {
      "%": 7.1428571,
      "v": 150
    },
    "Municipality of Thessaloniki": {
      "%": 24.144869,
      "v": 9600
    },
    "EL632": {
      "%": 11.740474,
      "v": 3420
    },
    "Rest of Department Thessaloniki": {
      "%": 8.6122732,
      "v": 2470
    },
    "Municipality of Athens": {
      "%": 31.604343,
      "v": 23580
    },
    "EL652": {
      "%": 9.5931997,
      "v": 1580
    },
    "Municipality of Neapoli": {
      "%": 9.7484274,
      "v": 310
    },
    "EL631": {
      "%": 3.5101404,
      "v": 900
    },
    "Municipality of Cholargos": {
      "%": 44.050632,
      "v": 1740
    },
    "EL651": {
      "%": 6.2109027,
      "v": 1390
    },
    "Municipality of Vyron": {
      "%": 26.457399,
      "v": 1770
    },
    "Municipality of Pylea": {
      "%": 14.912281,
      "v": 340
    },
    "EL411": {
      "%": 6.1115355,
      "v": 800
    },
    "Municipality of Iraklio": {
      "%": 22.368422,
      "v": 1020
    },
    "EL533": {
      "%": 4.7244096,
      "v": 300
    },
    "EL422": {
      "%": 7.1022725,
      "v": 750
    },
    "Municipality of Kallithea": {
      "%": 25.410545,
      "v": 2940
    },
    "Municipality of Kalamaria": {
      "%": 23.455378,
      "v": 2050
    },
    "EL525": {
      "%": 4.7555256,
      "v": 710
    },
    "EL433": {
      "%": 7.7021823,
      "v": 600
    },
    "Municipality of Petroupoli": {
      "%": 9.6109838,
      "v": 420
    },
    "Municipality of Aghii Anargyri": {
      "%": 13.605442,
      "v": 400
    },
    "EL622": {
      "%": 8.784893,
      "v": 1070
    },
    "EL524": {
      "%": 4.2069359,
      "v": 740
    },
    "Municipality of Glyfada": {
      "%": 30.417755,
      "v": 2330
    },
    "Municipality of Dafni": {
      "%": 16.942148,
      "v": 410
    },
    "Municipality of Galatsi": {
      "%": 18.131868,
      "v": 990
    },
    "Municipality of Chalandri": {
      "%": 35.770233,
      "v": 2740
    },
    "Municipality of Sykees": {
      "%": 10.054348,
      "v": 370
    },
    "EL511": {
      "%": 4.8378797,
      "v": 940
    },
    "Municipality of Acharnes": {
      "%": 11.544716,
      "v": 710
    },
    "Municipality of Kamatero": {
      "%": 6.2200956,
      "v": 130
    },
    "Municipality of Chaidari": {
      "%": 13.451777,
      "v": 530
    },
    "Municipality of Ilioupoli": {
      "%": 23.143564,
      "v": 1870
    },
    "Rest of Prefecture West Attiki": {
      "%": 6.4066854,
      "v": 230
    },
    "Municipality of Aghia Varvara": {
      "%": 8.695652,
      "v": 220
    },
    "EL642": {
      "%": 7.396194,
      "v": 1710
    },
    "EL515": {
      "%": 7.5382805,
      "v": 1280
    },
    "Municipality of Aghios Dimitrios": {
      "%": 12.231405,
      "v": 740
    },
    "Municipality of Moschato": {
      "%": 23.553719,
      "v": 570
    },
    "EL653": {
      "%": 7.3362722,
      "v": 2330
    },
    "EL434": {
      "%": 12.065294,
      "v": 1700
    },
    "EL612": {
      "%": 5.2789841,
      "v": 1580
    },
    "Municipality of Stavroupoli": {
      "%": 5.7441254,
      "v": 220
    },
    "EL521": {
      "%": 5.6257901,
      "v": 890
    },
    "EL613": {
      "%": 8.7221975,
      "v": 2000
    },
    "EL432": {
      "%": 9.2794762,
      "v": 850
    },
    "Municipality of Nea Ionia": {
      "%": 14.53958,
      "v": 900
    },
    "EL611": {
      "%": 3.3168461,
      "v": 1140
    },
    "EL512": {
      "%": 5.9748425,
      "v": 570
    },
    "Municipality of Nikea": {
      "%": 13.773796,
      "v": 1230
    },
    "Municipality of Eleftherio-Kordelio": {
      "%": 6.1797752,
      "v": 110
    },
    "EL633": {
      "%": 6.2869425,
      "v": 1170
    },
    "EL523": {
      "%": 6.0070672,
      "v": 680
    },
    "Municipality of Thermaikos": {
      "%": 20.0,
      "v": 380
    },
    "EL645": {
      "%": 9.5818815,
      "v": 550
    },
    "Municipality of Ano Liossia": {
      "%": 6.1224489,
      "v": 120
    },
    "Municipality of Abelokipi": {
      "%": 6.6326532,
      "v": 260
    },
    "Municipality of Aegaleo": {
      "%": 7.5816994,
      "v": 580
    },
    "EL532": {
      "%": 3.9033458,
      "v": 210
    },
    "Municipality of Megara": {
      "%": 8.3999996,
      "v": 210
    },
    "Municipality of Peristeri": {
      "%": 7.3170733,
      "v": 900
    },
    "EL421": {
      "%": 11.103203,
      "v": 1560
    },
    "EL643": {
      "%": 1.3850416,
      "v": 50
    },
    "Municipality of Koropi": {
      "%": 19.291338,
      "v": 490
    },
    "Municipality of Polichni": {
      "%": 5.919003,
      "v": 190
    },
    "Rest of Prefecture East Attiki": {
      "%": 21.305326,
      "v": 5680
    },
    "Rest of Prefecture Pireas": {
      "%": 8.9928055,
      "v": 750
    },
    "EL623": {
      "%": 12.910798,
      "v": 550
    },
    "Municipality of Echedoro": {
      "%": 4.6296296,
      "v": 100
    },
    "Municipality of Keratsini": {
      "%": 9.2511015,
      "v": 630
    },
    "Municipality of Nea Smyrni": {
      "%": 39.21085,
      "v": 3180
    },
    "Municipality of Paleo Faliro": {
      "%": 37.109375,
      "v": 2850
    },
    "Municipality of Zografos": {
      "%": 28.886169,
      "v": 2360
    },
    "EL543": {
      "%": 5.9498954,
      "v": 1140
    },
    "EL541": {
      "%": 2.8587763,
      "v": 500
    },
    "EL514": {
      "%": 4.7619047,
      "v": 680
    },
    "Municipality of Kessariani": {
      "%": 22.695036,
      "v": 640
    },
    "Municipality of Aghia Paraskevi": {
      "%": 37.362637,
      "v": 2040
    },
    "EL641": {
      "%": 4.8400326,
      "v": 590
    },
    "Municipality of Elefsina": {
      "%": 8.6734695,
      "v": 170
    },
    "Rest of Prefecture Athens": {
      "%": 36.496349,
      "v": 6500
    },
    "Municipality of Evosmo": {
      "%": 5.6910567,
      "v": 210
    },
    "Municipality of Amaroussio": {
      "%": 34.583332,
      "v": 2490
    },
    "EL412": {
      "%": 7.5187969,
      "v": 400
    },
    "EL621": {
      "%": 7.5268817,
      "v": 280
    },
    "EL624": {
      "%": 7.0769229,
      "v": 230
    },
    "EL531": {
      "%": 4.2524004,
      "v": 930
    },
    "Municipality of Ilio (Nea Liossia)": {
      "%": 5.9238362,
      "v": 420
    },
    "Municipality of Vrilissia": {
      "%": 34.841629,
      "v": 770
    },
    "EL644": {
      "%": 5.1987767,
      "v": 1020
    },
    "EL413": {
      "%": 10.59829,
      "v": 620
    },
    "Municipality of Voula": {
      "%": 46.067417,
      "v": 1230
    },
    "Municipality of Aspropyrgos": {
      "%": 5.5555553,
      "v": 120
    },
    "EL542": {
      "%": 2.3550725,
      "v": 130
    },
    "Municipality of Salamina": {
      "%": 8.1232491,
      "v": 290
    },
    "Municipality of Korydallos": {
      "%": 11.295681,
      "v": 680
    },
    "EL431": {
      "%": 8.2514048,
      "v": 2350
    },
    "Municipality of Argyroupoli": {
      "%": 19.51952,
      "v": 650
    },
    "EL527": {
      "%": 5.9449868,
      "v": 670
    },
    "Municipality of Kifissia": {
      "%": 43.687374,
      "v": 2180
    },
    "EL526": {
      "%": 3.8284838,
      "v": 1000
    },
    "Municipality of Metamorfossi": {
      "%": 10.42654,
      "v": 220
    }
  }
}