{
  "original_file": "Greece_2011.csv",
  "year": 2011,
  "country": "GR",
  "var": "ed_isced_0to2",
  "data": {
    "EL301": {
      "%": 23.224199,
      "v": 90370
    },
    "EL302": {
      "%": 41.191486,
      "v": 169400
    },
    "EL303": {
      "%": 29.016632,
      "v": 294690
    },
    "EL304": {
      "%": 26.825401,
      "v": 113340
    },
    "EL305": {
      "%": 35.360897,
      "v": 141730
    },
    "EL306": {
      "%": 52.7896,
      "v": 66990
    },
    "EL307": {
      "%": 41.099789,
      "v": 181920
    },
    "EL411": {
      "%": 55.56078,
      "v": 47260
    },
    "EL412": {
      "%": 51.976616,
      "v": 18670
    },
    "EL413": {
      "%": 45.329285,
      "v": 19410
    },
    "EL421": {
      "%": 50.006512,
      "v": 76780
    },
    "EL422": {
      "%": 52.795986,
      "v": 51550
    },
    "EL431": {
      "%": 49.658031,
      "v": 123430
    },
    "EL432": {
      "%": 53.618317,
      "v": 33490
    },
    "EL433": {
      "%": 50.339352,
      "v": 34860
    },
    "EL434": {
      "%": 45.638374,
      "v": 58230
    },
    "EL511": {
      "%": 54.934101,
      "v": 66690
    },
    "EL512": {
      "%": 61.404293,
      "v": 54920
    },
    "EL513": {
      "%": 65.503212,
      "v": 61180
    },
    "EL514": {
      "%": 56.857525,
      "v": 46970
    },
    "EL515": {
      "%": 53.622189,
      "v": 62250
    },
    "EL521": {
      "%": 56.795238,
      "v": 65820
    },
    "EL522": {
      "%": 37.414738,
      "v": 344470
    },
    "EL523": {
      "%": 58.354374,
      "v": 39290
    },
    "EL524": {
      "%": 61.675732,
      "v": 72580
    },
    "EL525": {
      "%": 55.767349,
      "v": 57050
    },
    "EL526": {
      "%": 61.169724,
      "v": 92770
    },
    "EL527": {
      "%": 56.149433,
      "v": 49900
    },
    "EL531": {
      "%": 52.136139,
      "v": 79810
    },
    "EL532": {
      "%": 57.028114,
      "v": 24140
    },
    "EL533": {
      "%": 55.769684,
      "v": 23730
    },
    "EL541": {
      "%": 59.319458,
      "v": 62410
    },
    "EL542": {
      "%": 60.084812,
      "v": 22670
    },
    "EL543": {
      "%": 48.260246,
      "v": 67130
    },
    "EL611": {
      "%": 61.171642,
      "v": 125200
    },
    "EL612": {
      "%": 51.007805,
      "v": 118940
    },
    "EL613": {
      "%": 48.414425,
      "v": 82290
    },
    "EL621": {
      "%": 56.847229,
      "v": 18680
    },
    "EL622": {
      "%": 54.19202,
      "v": 48090
    },
    "EL623": {
      "%": 47.527142,
      "v": 15760
    },
    "EL624": {
      "%": 53.360489,
      "v": 10480
    },
    "EL631": {
      "%": 60.277996,
      "v": 106680
    },
    "EL632": {
      "%": 44.410084,
      "v": 113450
    },
    "EL633": {
      "%": 62.883595,
      "v": 84220
    },
    "EL641": {
      "%": 56.177467,
      "v": 54700
    },
    "EL642": {
      "%": 53.789413,
      "v": 95530
    },
    "EL643": {
      "%": 66.686462,
      "v": 11230
    },
    "EL644": {
      "%": 52.866146,
      "v": 71290
    },
    "EL645": {
      "%": 53.449291,
      "v": 18130
    },
    "EL651": {
      "%": 55.293343,
      "v": 83880
    },
    "EL652": {
      "%": 52.707729,
      "v": 63750
    },
    "EL653": {
      "%": 57.203228,
      "v": 119120
    }
  }
}