{
  "original_file": "Greece_2011.csv",
  "year": 2011,
  "country": "GR",
  "var": "ed_isced_6to8_f_15to24",
  "data": {
    "Municipality of Pireas": {
      "%": 8.5889568,
      "v": 700
    },
    "Municipality of Alimos": {
      "%": 10.439561,
      "v": 190
    },
    "Municipality of Nea Philadelfia": {
      "%": 5.7142859,
      "v": 60
    },
    "EL513": {
      "%": 4.391468,
      "v": 350
    },
    "Municipality of Perama": {
      "%": 4.0,
      "v": 60
    },
    "Municipality of Thessaloniki": {
      "%": 9.3411179,
      "v": 2240
    },
    "EL632": {
      "%": 6.3891578,
      "v": 1320
    },
    "Rest of Department Thessaloniki": {
      "%": 7.2259645,
      "v": 1180
    },
    "Municipality of Athens": {
      "%": 8.991745,
      "v": 3050
    },
    "EL652": {
      "%": 5.9171596,
      "v": 400
    },
    "Municipality of Neapoli": {
      "%": 3.821656,
      "v": 60
    },
    "EL631": {
      "%": 5.9380379,
      "v": 690
    },
    "Municipality of Cholargos": {
      "%": 18.045113,
      "v": 240
    },
    "EL651": {
      "%": 6.5189047,
      "v": 500
    },
    "Municipality of Vyron": {
      "%": 9.9315071,
      "v": 290
    },
    "Municipality of Pylea": {
      "%": 10.169492,
      "v": 180
    },
    "EL411": {
      "%": 6.3241105,
      "v": 320
    },
    "Municipality of Iraklio": {
      "%": 9.2664089,
      "v": 240
    },
    "EL533": {
      "%": 5.3380785,
      "v": 150
    },
    "EL422": {
      "%": 8.221797,
      "v": 430
    },
    "Municipality of Kallithea": {
      "%": 7.7064219,
      "v": 420
    },
    "Municipality of Kalamaria": {
      "%": 7.3226542,
      "v": 320
    },
    "EL525": {
      "%": 4.2671614,
      "v": 230
    },
    "EL433": {
      "%": 4.5741324,
      "v": 290
    },
    "Municipality of Petroupoli": {
      "%": 8.5820894,
      "v": 230
    },
    "Municipality of Aghii Anargyri": {
      "%": 5.1813474,
      "v": 100
    },
    "EL622": {
      "%": 5.7768927,
      "v": 290
    },
    "EL524": {
      "%": 5.9011164,
      "v": 370
    },
    "Municipality of Glyfada": {
      "%": 7.9012346,
      "v": 320
    },
    "Municipality of Dafni": {
      "%": 6.7796612,
      "v": 80
    },
    "Municipality of Galatsi": {
      "%": 6.9182391,
      "v": 220
    },
    "Municipality of Chalandri": {
      "%": 10.557185,
      "v": 360
    },
    "Municipality of Sykees": {
      "%": 4.8458152,
      "v": 110
    },
    "EL511": {
      "%": 6.4649243,
      "v": 470
    },
    "Municipality of Acharnes": {
      "%": 3.3333333,
      "v": 190
    },
    "Municipality of Kamatero": {
      "%": 6.4935064,
      "v": 100
    },
    "Municipality of Chaidari": {
      "%": 7.762557,
      "v": 170
    },
    "Municipality of Ilioupoli": {
      "%": 8.6206894,
      "v": 350
    },
    "Rest of Prefecture West Attiki": {
      "%": 6.8376069,
      "v": 160
    },
    "Municipality of Aghia Varvara": {
      "%": 3.3333333,
      "v": 50
    },
    "EL642": {
      "%": 6.8522482,
      "v": 640
    },
    "EL515": {
      "%": 5.4700856,
      "v": 320
    },
    "Municipality of Aghios Dimitrios": {
      "%": 7.7348065,
      "v": 280
    },
    "Municipality of Moschato": {
      "%": 11.278195,
      "v": 150
    },
    "EL653": {
      "%": 5.8225508,
      "v": 630
    },
    "EL434": {
      "%": 6.7773166,
      "v": 490
    },
    "EL612": {
      "%": 6.6901407,
      "v": 950
    },
    "Municipality of Stavroupoli": {
      "%": 5.1724138,
      "v": 150
    },
    "EL521": {
      "%": 7.2347269,
      "v": 450
    },
    "EL613": {
      "%": 7.7777777,
      "v": 840
    },
    "EL432": {
      "%": 7.2100315,
      "v": 230
    },
    "Municipality of Nea Ionia": {
      "%": 8.8757401,
      "v": 300
    },
    "EL611": {
      "%": 6.0975609,
      "v": 650
    },
    "EL512": {
      "%": 5.270864,
      "v": 360
    },
    "Municipality of Nikea": {
      "%": 6.6518846,
      "v": 300
    },
    "Municipality of Eleftherio-Kordelio": {
      "%": 8.2802544,
      "v": 130
    },
    "EL633": {
      "%": 3.9145908,
      "v": 330
    },
    "EL523": {
      "%": 5.3571429,
      "v": 180
    },
    "Municipality of Thermaikos": {
      "%": 4.1958041,
      "v": 60
    },
    "EL645": {
      "%": 8.7912092,
      "v": 160
    },
    "Municipality of Ano Liossia": {
      "%": 2.6785715,
      "v": 60
    },
    "Municipality of Abelokipi": {
      "%": 10.0,
      "v": 240
    },
    "Municipality of Aegaleo": {
      "%": 7.8048782,
      "v": 320
    },
    "EL532": {
      "%": 4.7445254,
      "v": 130
    },
    "Municipality of Megara": {
      "%": 5.0632911,
      "v": 80
    },
    "Municipality of Peristeri": {
      "%": 5.5699482,
      "v": 430
    },
    "EL421": {
      "%": 5.0094519,
      "v": 530
    },
    "EL643": {
      "%": 3.0612245,
      "v": 30
    },
    "Municipality of Koropi": {
      "%": 4.9079757,
      "v": 80
    },
    "Municipality of Polichni": {
      "%": 6.5420561,
      "v": 140
    },
    "Rest of Prefecture East Attiki": {
      "%": 8.6985388,
      "v": 1310
    },
    "Rest of Prefecture Pireas": {
      "%": 3.1609194,
      "v": 110
    },
    "EL623": {
      "%": 6.9148936,
      "v": 130
    },
    "Municipality of Echedoro": {
      "%": 3.9024391,
      "v": 80
    },
    "Municipality of Keratsini": {
      "%": 5.3299494,
      "v": 210
    },
    "Municipality of Nea Smyrni": {
      "%": 10.693642,
      "v": 370
    },
    "Municipality of Paleo Faliro": {
      "%": 8.5245905,
      "v": 260
    },
    "Municipality of Zografos": {
      "%": 10.09009,
      "v": 560
    },
    "EL543": {
      "%": 5.9829059,
      "v": 630
    },
    "EL541": {
      "%": 4.5855379,
      "v": 260
    },
    "EL514": {
      "%": 4.9763031,
      "v": 210
    },
    "Municipality of Kessariani": {
      "%": 8.7301588,
      "v": 110
    },
    "Municipality of Aghia Paraskevi": {
      "%": 13.768116,
      "v": 380
    },
    "EL641": {
      "%": 5.0387597,
      "v": 260
    },
    "Municipality of Elefsina": {
      "%": 8.0,
      "v": 100
    },
    "Rest of Prefecture Athens": {
      "%": 8.373786,
      "v": 690
    },
    "Municipality of Evosmo": {
      "%": 3.1331592,
      "v": 120
    },
    "Municipality of Amaroussio": {
      "%": 10.231023,
      "v": 310
    },
    "EL412": {
      "%": 3.8251367,
      "v": 70
    },
    "EL621": {
      "%": 2.5380712,
      "v": 50
    },
    "EL624": {
      "%": 9.4736843,
      "v": 90
    },
    "EL531": {
      "%": 6.775701,
      "v": 580
    },
    "Municipality of Ilio (Nea Liossia)": {
      "%": 5.3452115,
      "v": 240
    },
    "Municipality of Vrilissia": {
      "%": 10.638298,
      "v": 150
    },
    "EL644": {
      "%": 6.6492829,
      "v": 510
    },
    "EL413": {
      "%": 10.091743,
      "v": 220
    },
    "Municipality of Voula": {
      "%": 12.605042,
      "v": 150
    },
    "Municipality of Aspropyrgos": {
      "%": 1.0869565,
      "v": 20
    },
    "EL542": {
      "%": 5.5,
      "v": 110
    },
    "Municipality of Salamina": {
      "%": 4.0816326,
      "v": 60
    },
    "Municipality of Korydallos": {
      "%": 4.2071199,
      "v": 130
    },
    "EL431": {
      "%": 5.2511415,
      "v": 920
    },
    "Municipality of Argyroupoli": {
      "%": 10.344828,
      "v": 180
    },
    "EL527": {
      "%": 4.8096194,
      "v": 240
    },
    "Municipality of Kifissia": {
      "%": 12.980769,
      "v": 270
    },
    "EL526": {
      "%": 6.1277704,
      "v": 470
    },
    "Municipality of Metamorfossi": {
      "%": 6.7073169,
      "v": 110
    }
  }
}