{
  "original_file": "Ireland_1981.csv",
  "year": 1981,
  "country": "IE",
  "var": "ed_isced_0to2_f",
  "data": {
    "Carlow": {
      "%": 59.950951,
      "v": 7989
    },
    "Cavan": {
      "%": 64.895546,
      "v": 11597
    },
    "Clare": {
      "%": 58.04277,
      "v": 16795
    },
    "Cork": {
      "%": 56.582016,
      "v": 80018
    },
    "Donegal": {
      "%": 70.907356,
      "v": 29727
    },
    "Dublin City": {
      "%": 59.637634,
      "v": 129067
    },
    "Dublin County": {
      "%": 49.064514,
      "v": 79174
    },
    "Galway": {
      "%": 55.818115,
      "v": 32716
    },
    "Kerry": {
      "%": 60.702362,
      "v": 25429
    },
    "Kildare": {
      "%": 55.26746,
      "v": 18271
    },
    "Kilkenny": {
      "%": 56.381245,
      "v": 13375
    },
    "Laois": {
      "%": 60.358482,
      "v": 10036
    },
    "Leitrim": {
      "%": 64.583061,
      "v": 6106
    },
    "Limerick City and County": {
      "%": 55.8811,
      "v": 31172
    },
    "Longford": {
      "%": 61.66629,
      "v": 6409
    },
    "Louth": {
      "%": 63.738312,
      "v": 19431
    },
    "Mayo": {
      "%": 63.395138,
      "v": 25033
    },
    "Meath": {
      "%": 56.391666,
      "v": 17340
    },
    "Monaghan": {
      "%": 65.298943,
      "v": 11126
    },
    "Offaly": {
      "%": 62.556179,
      "v": 11824
    },
    "Roscommon": {
      "%": 60.691048,
      "v": 11201
    },
    "Sligo": {
      "%": 57.201122,
      "v": 11233
    },
    "Tipperary": {
      "%": 56.587315,
      "v": 25815
    },
    "Waterford City and County": {
      "%": 58.525455,
      "v": 17937
    },
    "Westmeath": {
      "%": 56.967491,
      "v": 11738
    },
    "Wexford": {
      "%": 63.916199,
      "v": 21324
    },
    "Wicklow": {
      "%": 56.669437,
      "v": 16963
    }
  }
}