{
  "original_file": "Ireland_1981.csv",
  "year": 1981,
  "country": "IE",
  "var": "ed_isced_3to5_m",
  "data": {
    "IE_lau_1": {
      "%": 22.668627,
      "v": 3078
    },
    "IE_lau_2": {
      "%": 17.126892,
      "v": 3510
    },
    "IE_lau_3": {
      "%": 24.877287,
      "v": 7871
    },
    "IE_lau_4": {
      "%": 27.649834,
      "v": 38740
    },
    "IE_lau_5": {
      "%": 15.32393,
      "v": 6756
    },
    "IE_lau_6": {
      "%": 28.015652,
      "v": 51484
    },
    "IE_lau_7": {
      "%": 35.138069,
      "v": 52096
    },
    "IE_lau_8": {
      "%": 20.168989,
      "v": 12529
    },
    "IE_lau_9": {
      "%": 22.138626,
      "v": 10027
    },
    "IE_lau_10": {
      "%": 29.050846,
      "v": 10207
    },
    "IE_lau_11": {
      "%": 25.355614,
      "v": 6395
    },
    "IE_lau_12": {
      "%": 21.165878,
      "v": 3902
    },
    "IE_lau_13": {
      "%": 18.487413,
      "v": 2022
    },
    "IE_lau_14": {
      "%": 28.084097,
      "v": 15730
    },
    "IE_lau_15": {
      "%": 21.272007,
      "v": 2420
    },
    "IE_lau_16": {
      "%": 24.992306,
      "v": 7413
    },
    "IE_lau_17": {
      "%": 18.023876,
      "v": 7606
    },
    "IE_lau_18": {
      "%": 26.780153,
      "v": 8622
    },
    "IE_lau_19": {
      "%": 18.832581,
      "v": 3505
    },
    "IE_lau_20": {
      "%": 21.763449,
      "v": 4491
    },
    "IE_lau_21": {
      "%": 19.618113,
      "v": 4059
    },
    "IE_lau_22": {
      "%": 23.776197,
      "v": 4799
    },
    "IE_lau_23": {
      "%": 25.324175,
      "v": 12189
    },
    "IE_lau_24": {
      "%": 26.669067,
      "v": 8084
    },
    "IE_lau_25": {
      "%": 25.317202,
      "v": 5474
    },
    "IE_lau_26": {
      "%": 22.298489,
      "v": 7586
    },
    "IE_lau_27": {
      "%": 28.654295,
      "v": 8371
    }
  }
}