{
  "original_file": "Ireland_1981.csv",
  "year": 1981,
  "country": "IE",
  "var": "ed_isced_3to5",
  "data": {
    "IE_lau_1": {
      "%": 25.201403,
      "v": 6780
    },
    "IE_lau_2": {
      "%": 20.555931,
      "v": 7886
    },
    "IE_lau_3": {
      "%": 27.43162,
      "v": 16617
    },
    "IE_lau_4": {
      "%": 29.507278,
      "v": 83071
    },
    "IE_lau_5": {
      "%": 16.938437,
      "v": 14569
    },
    "IE_lau_6": {
      "%": 28.601845,
      "v": 114461
    },
    "IE_lau_7": {
      "%": 35.566013,
      "v": 110122
    },
    "IE_lau_8": {
      "%": 24.30438,
      "v": 29343
    },
    "IE_lau_9": {
      "%": 24.68598,
      "v": 21523
    },
    "IE_lau_10": {
      "%": 31.173903,
      "v": 21259
    },
    "IE_lau_11": {
      "%": 28.649576,
      "v": 14023
    },
    "IE_lau_12": {
      "%": 24.563776,
      "v": 8613
    },
    "IE_lau_13": {
      "%": 21.543716,
      "v": 4394
    },
    "IE_lau_14": {
      "%": 30.085802,
      "v": 33634
    },
    "IE_lau_15": {
      "%": 23.903248,
      "v": 5203
    },
    "IE_lau_16": {
      "%": 25.616215,
      "v": 15407
    },
    "IE_lau_17": {
      "%": 21.161892,
      "v": 17287
    },
    "IE_lau_18": {
      "%": 29.354351,
      "v": 18478
    },
    "IE_lau_19": {
      "%": 21.270252,
      "v": 7583
    },
    "IE_lau_20": {
      "%": 23.77317,
      "v": 9399
    },
    "IE_lau_21": {
      "%": 23.326048,
      "v": 9131
    },
    "IE_lau_22": {
      "%": 26.849152,
      "v": 10691
    },
    "IE_lau_23": {
      "%": 28.398609,
      "v": 26624
    },
    "IE_lau_24": {
      "%": 28.513029,
      "v": 17382
    },
    "IE_lau_25": {
      "%": 28.08959,
      "v": 11861
    },
    "IE_lau_26": {
      "%": 24.040056,
      "v": 16199
    },
    "IE_lau_27": {
      "%": 30.102549,
      "v": 17805
    }
  }
}