{
  "original_file": "Ireland_1981.csv",
  "year": 1981,
  "country": "IE",
  "var": "ed_isced_3to5_f",
  "data": {
    "Carlow": {
      "%": 27.781885,
      "v": 3702
    },
    "Cavan": {
      "%": 24.488482,
      "v": 4376
    },
    "Clare": {
      "%": 30.224739,
      "v": 8746
    },
    "Cork": {
      "%": 31.347517,
      "v": 44331
    },
    "Donegal": {
      "%": 18.636318,
      "v": 7813
    },
    "Dublin City": {
      "%": 29.099594,
      "v": 62977
    },
    "Dublin County": {
      "%": 35.959202,
      "v": 58026
    },
    "Galway": {
      "%": 28.687138,
      "v": 16814
    },
    "Kerry": {
      "%": 27.440199,
      "v": 11495
    },
    "Kildare": {
      "%": 33.430279,
      "v": 11052
    },
    "Kilkenny": {
      "%": 32.151966,
      "v": 7627
    },
    "Laois": {
      "%": 28.330931,
      "v": 4711
    },
    "Leitrim": {
      "%": 25.079718,
      "v": 2371
    },
    "Limerick City and County": {
      "%": 32.09576,
      "v": 17904
    },
    "Longford": {
      "%": 26.783361,
      "v": 2784
    },
    "Louth": {
      "%": 26.223219,
      "v": 7994
    },
    "Mayo": {
      "%": 24.515423,
      "v": 9681
    },
    "Meath": {
      "%": 32.049686,
      "v": 9855
    },
    "Monaghan": {
      "%": 23.933107,
      "v": 4078
    },
    "Offaly": {
      "%": 25.967043,
      "v": 4908
    },
    "Roscommon": {
      "%": 27.482407,
      "v": 5072
    },
    "Sligo": {
      "%": 30.007231,
      "v": 5893
    },
    "Tipperary": {
      "%": 31.642403,
      "v": 14435
    },
    "Waterford City and County": {
      "%": 30.33666,
      "v": 9298
    },
    "Westmeath": {
      "%": 30.998688,
      "v": 6387
    },
    "Wexford": {
      "%": 25.816023,
      "v": 8613
    },
    "Wicklow": {
      "%": 31.515913,
      "v": 9434
    }
  }
}