{
  "original_file": "Ireland_1981.csv",
  "year": 1981,
  "country": "IE",
  "var": "ed_isced_6to8_m",
  "data": {
    "Carlow": {
      "%": 4.0895519,
      "v": 555
    },
    "Cavan": {
      "%": 2.9144213,
      "v": 597
    },
    "Clare": {
      "%": 4.2441387,
      "v": 1343
    },
    "Cork": {
      "%": 5.3669224,
      "v": 7520
    },
    "Donegal": {
      "%": 3.086911,
      "v": 1361
    },
    "Dublin City": {
      "%": 6.2289762,
      "v": 11447
    },
    "Dublin County": {
      "%": 10.430842,
      "v": 15465
    },
    "Galway": {
      "%": 5.6201844,
      "v": 3491
    },
    "Kerry": {
      "%": 4.0098352,
      "v": 1816
    },
    "Kildare": {
      "%": 5.3612819,
      "v": 1884
    },
    "Kilkenny": {
      "%": 4.1165619,
      "v": 1038
    },
    "Laois": {
      "%": 2.991663,
      "v": 552
    },
    "Leitrim": {
      "%": 2.6765246,
      "v": 293
    },
    "Limerick City and County": {
      "%": 4.6802182,
      "v": 2621
    },
    "Longford": {
      "%": 3.0344954,
      "v": 345
    },
    "Louth": {
      "%": 4.1168838,
      "v": 1221
    },
    "Mayo": {
      "%": 3.6276705,
      "v": 1531
    },
    "Meath": {
      "%": 5.0234685,
      "v": 1617
    },
    "Monaghan": {
      "%": 3.0234981,
      "v": 563
    },
    "Offaly": {
      "%": 2.7826793,
      "v": 574
    },
    "Roscommon": {
      "%": 3.3890824,
      "v": 701
    },
    "Sligo": {
      "%": 4.3582792,
      "v": 880
    },
    "Tipperary": {
      "%": 3.735142,
      "v": 1798
    },
    "Waterford City and County": {
      "%": 4.1598926,
      "v": 1261
    },
    "Westmeath": {
      "%": 4.0938678,
      "v": 885
    },
    "Wexford": {
      "%": 3.3934062,
      "v": 1155
    },
    "Wicklow": {
      "%": 6.2497721,
      "v": 1826
    }
  }
}