{
  "original_file": "Ireland_1981.csv",
  "year": 1981,
  "country": "IE",
  "var": "ed_isced_0to2_m",
  "data": {
    "Carlow": {
      "%": 66.104752,
      "v": 8975
    },
    "Cavan": {
      "%": 73.805664,
      "v": 15126
    },
    "Clare": {
      "%": 63.653542,
      "v": 20140
    },
    "Cork": {
      "%": 58.462017,
      "v": 81911
    },
    "Donegal": {
      "%": 75.496933,
      "v": 33286
    },
    "Dublin City": {
      "%": 56.659615,
      "v": 104122
    },
    "Dublin County": {
      "%": 44.265163,
      "v": 65628
    },
    "Galway": {
      "%": 64.606522,
      "v": 40132
    },
    "Kerry": {
      "%": 67.11113,
      "v": 30397
    },
    "Kildare": {
      "%": 58.167919,
      "v": 20437
    },
    "Kilkenny": {
      "%": 63.621429,
      "v": 16047
    },
    "Laois": {
      "%": 68.318726,
      "v": 12595
    },
    "Leitrim": {
      "%": 72.848312,
      "v": 7969
    },
    "Limerick City and County": {
      "%": 58.705368,
      "v": 32882
    },
    "Longford": {
      "%": 68.546875,
      "v": 7798
    },
    "Louth": {
      "%": 63.857769,
      "v": 18940
    },
    "Mayo": {
      "%": 71.312904,
      "v": 30094
    },
    "Meath": {
      "%": 61.031113,
      "v": 19650
    },
    "Monaghan": {
      "%": 71.917091,
      "v": 13386
    },
    "Offaly": {
      "%": 67.471901,
      "v": 13922
    },
    "Roscommon": {
      "%": 70.38028,
      "v": 14560
    },
    "Sligo": {
      "%": 64.388565,
      "v": 12995
    },
    "Tipperary": {
      "%": 62.590725,
      "v": 30126
    },
    "Waterford City and County": {
      "%": 61.790878,
      "v": 18729
    },
    "Westmeath": {
      "%": 62.434441,
      "v": 13498
    },
    "Wexford": {
      "%": 67.644768,
      "v": 23014
    },
    "Wicklow": {
      "%": 58.109318,
      "v": 16975
    }
  }
}