{
  "original_file": "Ireland_1981.csv",
  "year": 1981,
  "country": "IE",
  "var": "ed_isced_3to5_m",
  "data": {
    "Carlow": {
      "%": 22.668627,
      "v": 3078
    },
    "Cavan": {
      "%": 17.126892,
      "v": 3510
    },
    "Clare": {
      "%": 24.877287,
      "v": 7871
    },
    "Cork": {
      "%": 27.649834,
      "v": 38740
    },
    "Donegal": {
      "%": 15.32393,
      "v": 6756
    },
    "Dublin City": {
      "%": 28.015652,
      "v": 51484
    },
    "Dublin County": {
      "%": 35.138069,
      "v": 52096
    },
    "Galway": {
      "%": 20.168989,
      "v": 12529
    },
    "Kerry": {
      "%": 22.138626,
      "v": 10027
    },
    "Kildare": {
      "%": 29.050846,
      "v": 10207
    },
    "Kilkenny": {
      "%": 25.355614,
      "v": 6395
    },
    "Laois": {
      "%": 21.165878,
      "v": 3902
    },
    "Leitrim": {
      "%": 18.487413,
      "v": 2022
    },
    "Limerick City and County": {
      "%": 28.084097,
      "v": 15730
    },
    "Longford": {
      "%": 21.272007,
      "v": 2420
    },
    "Louth": {
      "%": 24.992306,
      "v": 7413
    },
    "Mayo": {
      "%": 18.023876,
      "v": 7606
    },
    "Meath": {
      "%": 26.780153,
      "v": 8622
    },
    "Monaghan": {
      "%": 18.832581,
      "v": 3505
    },
    "Offaly": {
      "%": 21.763449,
      "v": 4491
    },
    "Roscommon": {
      "%": 19.618113,
      "v": 4059
    },
    "Sligo": {
      "%": 23.776197,
      "v": 4799
    },
    "Tipperary": {
      "%": 25.324175,
      "v": 12189
    },
    "Waterford City and County": {
      "%": 26.669067,
      "v": 8084
    },
    "Westmeath": {
      "%": 25.317202,
      "v": 5474
    },
    "Wexford": {
      "%": 22.298489,
      "v": 7586
    },
    "Wicklow": {
      "%": 28.654295,
      "v": 8371
    }
  }
}