{
  "original_file": "Ireland_1981.csv",
  "year": 1981,
  "country": "IE",
  "var": "ed_isced_3to5",
  "data": {
    "Carlow": {
      "%": 25.201403,
      "v": 6780
    },
    "Cavan": {
      "%": 20.555931,
      "v": 7886
    },
    "Clare": {
      "%": 27.43162,
      "v": 16617
    },
    "Cork": {
      "%": 29.507278,
      "v": 83071
    },
    "Donegal": {
      "%": 16.938437,
      "v": 14569
    },
    "Dublin City": {
      "%": 28.601845,
      "v": 114461
    },
    "Dublin County": {
      "%": 35.566013,
      "v": 110122
    },
    "Galway": {
      "%": 24.30438,
      "v": 29343
    },
    "Kerry": {
      "%": 24.68598,
      "v": 21523
    },
    "Kildare": {
      "%": 31.173903,
      "v": 21259
    },
    "Kilkenny": {
      "%": 28.649576,
      "v": 14023
    },
    "Laois": {
      "%": 24.563776,
      "v": 8613
    },
    "Leitrim": {
      "%": 21.543716,
      "v": 4394
    },
    "Limerick City and County": {
      "%": 30.085802,
      "v": 33634
    },
    "Longford": {
      "%": 23.903248,
      "v": 5203
    },
    "Louth": {
      "%": 25.616215,
      "v": 15407
    },
    "Mayo": {
      "%": 21.161892,
      "v": 17287
    },
    "Meath": {
      "%": 29.354351,
      "v": 18478
    },
    "Monaghan": {
      "%": 21.270252,
      "v": 7583
    },
    "Offaly": {
      "%": 23.77317,
      "v": 9399
    },
    "Roscommon": {
      "%": 23.326048,
      "v": 9131
    },
    "Sligo": {
      "%": 26.849152,
      "v": 10691
    },
    "Tipperary": {
      "%": 28.398609,
      "v": 26624
    },
    "Waterford City and County": {
      "%": 28.513029,
      "v": 17382
    },
    "Westmeath": {
      "%": 28.08959,
      "v": 11861
    },
    "Wexford": {
      "%": 24.040056,
      "v": 16199
    },
    "Wicklow": {
      "%": 30.102549,
      "v": 17805
    }
  }
}