{
  "original_file": "Ireland_1981.csv",
  "year": 1981,
  "country": "IE",
  "var": "ed_isced_6to8_m",
  "data": {
    "IE_lau_1": {
      "%": 4.0895519,
      "v": 555
    },
    "IE_lau_2": {
      "%": 2.9144213,
      "v": 597
    },
    "IE_lau_3": {
      "%": 4.2441387,
      "v": 1343
    },
    "IE_lau_4": {
      "%": 5.3669224,
      "v": 7520
    },
    "IE_lau_5": {
      "%": 3.086911,
      "v": 1361
    },
    "IE_lau_6": {
      "%": 6.2289762,
      "v": 11447
    },
    "IE_lau_7": {
      "%": 10.430842,
      "v": 15465
    },
    "IE_lau_8": {
      "%": 5.6201844,
      "v": 3491
    },
    "IE_lau_9": {
      "%": 4.0098352,
      "v": 1816
    },
    "IE_lau_10": {
      "%": 5.3612819,
      "v": 1884
    },
    "IE_lau_11": {
      "%": 4.1165619,
      "v": 1038
    },
    "IE_lau_12": {
      "%": 2.991663,
      "v": 552
    },
    "IE_lau_13": {
      "%": 2.6765246,
      "v": 293
    },
    "IE_lau_14": {
      "%": 4.6802182,
      "v": 2621
    },
    "IE_lau_15": {
      "%": 3.0344954,
      "v": 345
    },
    "IE_lau_16": {
      "%": 4.1168838,
      "v": 1221
    },
    "IE_lau_17": {
      "%": 3.6276705,
      "v": 1531
    },
    "IE_lau_18": {
      "%": 5.0234685,
      "v": 1617
    },
    "IE_lau_19": {
      "%": 3.0234981,
      "v": 563
    },
    "IE_lau_20": {
      "%": 2.7826793,
      "v": 574
    },
    "IE_lau_21": {
      "%": 3.3890824,
      "v": 701
    },
    "IE_lau_22": {
      "%": 4.3582792,
      "v": 880
    },
    "IE_lau_23": {
      "%": 3.735142,
      "v": 1798
    },
    "IE_lau_24": {
      "%": 4.1598926,
      "v": 1261
    },
    "IE_lau_25": {
      "%": 4.0938678,
      "v": 885
    },
    "IE_lau_26": {
      "%": 3.3934062,
      "v": 1155
    },
    "IE_lau_27": {
      "%": 6.2497721,
      "v": 1826
    }
  }
}