{
  "original_file": "Ireland_1981.csv",
  "year": 1981,
  "country": "IE",
  "var": "ed_isced_6to8_f",
  "data": {
    "IE_lau_1": {
      "%": 3.1721635,
      "v": 423
    },
    "IE_lau_2": {
      "%": 2.3507254,
      "v": 420
    },
    "IE_lau_3": {
      "%": 3.1408186,
      "v": 909
    },
    "IE_lau_4": {
      "%": 3.6260571,
      "v": 5128
    },
    "IE_lau_5": {
      "%": 2.7185161,
      "v": 1140
    },
    "IE_lau_6": {
      "%": 3.6271205,
      "v": 7850
    },
    "IE_lau_7": {
      "%": 5.3857236,
      "v": 8691
    },
    "IE_lau_8": {
      "%": 4.5430636,
      "v": 2663
    },
    "IE_lau_9": {
      "%": 3.187525,
      "v": 1335
    },
    "IE_lau_10": {
      "%": 3.4405618,
      "v": 1137
    },
    "IE_lau_11": {
      "%": 3.2507877,
      "v": 771
    },
    "IE_lau_12": {
      "%": 2.6565151,
      "v": 442
    },
    "IE_lau_13": {
      "%": 2.3731797,
      "v": 224
    },
    "IE_lau_14": {
      "%": 3.0973229,
      "v": 1728
    },
    "IE_lau_15": {
      "%": 3.1215994,
      "v": 324
    },
    "IE_lau_16": {
      "%": 3.002449,
      "v": 915
    },
    "IE_lau_17": {
      "%": 3.0512512,
      "v": 1205
    },
    "IE_lau_18": {
      "%": 3.3797824,
      "v": 1039
    },
    "IE_lau_19": {
      "%": 2.6101952,
      "v": 445
    },
    "IE_lau_20": {
      "%": 2.5094688,
      "v": 474
    },
    "IE_lau_21": {
      "%": 2.7075601,
      "v": 500
    },
    "IE_lau_22": {
      "%": 3.9567335,
      "v": 777
    },
    "IE_lau_23": {
      "%": 2.9099431,
      "v": 1327
    },
    "IE_lau_24": {
      "%": 3.0234241,
      "v": 927
    },
    "IE_lau_25": {
      "%": 3.2297075,
      "v": 665
    },
    "IE_lau_26": {
      "%": 2.6635456,
      "v": 889
    },
    "IE_lau_27": {
      "%": 3.8304174,
      "v": 1147
    }
  }
}