{
  "original_file": "Greece_1971.csv",
  "year": 1971,
  "country": "GR",
  "var": "ed_isced_0to2_55to64",
  "data": {
    "Municipality of Korydallos": {
      "%": 88.601036,
      "v": 3420
    },
    "Municipality of Peristeri": {
      "%": 90.373726,
      "v": 7980
    },
    "Municipality of Polichni": {
      "%": 97.777779,
      "v": 880
    },
    "EL622": {
      "%": 89.288849,
      "v": 10170
    },
    "EL411": {
      "%": 90.965347,
      "v": 14700
    },
    "EL531": {
      "%": 90.681679,
      "v": 14500
    },
    "Municipality of Eleftherio-Kordelio": {
      "%": 92.537315,
      "v": 620
    },
    "EL631": {
      "%": 84.831718,
      "v": 18400
    },
    "Municipality of Pylea": {
      "%": 96.226418,
      "v": 510
    },
    "Municipality of Chalandri": {
      "%": 68.324608,
      "v": 2610
    },
    "EL541": {
      "%": 73.869728,
      "v": 9640
    },
    "EL511": {
      "%": 84.191704,
      "v": 11770
    },
    "Rest of Prefecture West Attiki": {
      "%": 92.063492,
      "v": 1740
    },
    "Municipality of Kessariani": {
      "%": 81.388016,
      "v": 2580
    },
    "EL431": {
      "%": 86.87471,
      "v": 18930
    },
    "Municipality of Galatsi": {
      "%": 79.230766,
      "v": 2060
    },
    "EL632": {
      "%": 85.500572,
      "v": 22290
    },
    "Municipality of Elefsina": {
      "%": 90.84507,
      "v": 1290
    },
    "EL611": {
      "%": 83.057373,
      "v": 21570
    },
    "Rest of Department Thessaloniki": {
      "%": 91.494843,
      "v": 14200
    },
    "EL642": {
      "%": 85.464478,
      "v": 15640
    },
    "EL513": {
      "%": 85.959274,
      "v": 8020
    },
    "Municipality of Nikea": {
      "%": 92.200851,
      "v": 8630
    },
    "EL532": {
      "%": 95.19651,
      "v": 4360
    },
    "EL612": {
      "%": 86.197052,
      "v": 18110
    },
    "EL433": {
      "%": 92.0439,
      "v": 6710
    },
    "Municipality of Aspropyrgos": {
      "%": 91.666664,
      "v": 770
    },
    "Municipality of Stavroupoli": {
      "%": 95.121948,
      "v": 1170
    },
    "Municipality of Ilioupoli": {
      "%": 79.241074,
      "v": 3550
    },
    "Municipality of Keratsini": {
      "%": 87.770897,
      "v": 5670
    },
    "EL645": {
      "%": 81.529854,
      "v": 4370
    },
    "EL434": {
      "%": 91.778778,
      "v": 12280
    },
    "Municipality of Cholargos": {
      "%": 61.309525,
      "v": 1030
    },
    "Municipality of Aghia Varvara": {
      "%": 85.714287,
      "v": 1680
    },
    "EL515": {
      "%": 83.887802,
      "v": 12860
    },
    "Municipality of Evosmo": {
      "%": 99.199997,
      "v": 1240
    },
    "EL524": {
      "%": 90.969345,
      "v": 10980
    },
    "EL613": {
      "%": 87.519661,
      "v": 16690
    },
    "Municipality of Iraklio": {
      "%": 86.764709,
      "v": 1770
    },
    "Municipality of Kallithea": {
      "%": 70.621468,
      "v": 6250
    },
    "EL412": {
      "%": 93.817619,
      "v": 6070
    },
    "Municipality of Koropi": {
      "%": 88.775513,
      "v": 870
    },
    "Municipality of Aghii Anargyri": {
      "%": 90.582962,
      "v": 2020
    },
    "EL421": {
      "%": 84.305672,
      "v": 10260
    },
    "EL621": {
      "%": 75.749321,
      "v": 2780
    },
    "Municipality of Perama": {
      "%": 93.24324,
      "v": 1380
    },
    "EL543": {
      "%": 94.668404,
      "v": 14560
    },
    "EL521": {
      "%": 90.884232,
      "v": 9970
    },
    "Municipality of Megara": {
      "%": 89.024391,
      "v": 1460
    },
    "EL644": {
      "%": 82.797623,
      "v": 13910
    },
    "Municipality of Sykees": {
      "%": 97.549019,
      "v": 1990
    },
    "Municipality of Thessaloniki": {
      "%": 75.425652,
      "v": 26580
    },
    "Municipality of Voula": {
      "%": 88.095238,
      "v": 370
    },
    "Municipality of Athens": {
      "%": 58.697166,
      "v": 59020
    },
    "Municipality of Pireas": {
      "%": 79.551125,
      "v": 15950
    },
    "Municipality of Nea Philadelfia": {
      "%": 79.629631,
      "v": 2150
    },
    "Municipality of Glyfada": {
      "%": 70.535713,
      "v": 1580
    },
    "Municipality of Amaroussio": {
      "%": 72.222221,
      "v": 2080
    },
    "Municipality of Aghia Paraskevi": {
      "%": 69.696968,
      "v": 1380
    },
    "Municipality of Kifissia": {
      "%": 67.475731,
      "v": 1390
    },
    "EL651": {
      "%": 86.526688,
      "v": 19780
    },
    "EL623": {
      "%": 92.059555,
      "v": 3710
    },
    "Municipality of Alimos": {
      "%": 68.852463,
      "v": 1260
    },
    "EL527": {
      "%": 96.924828,
      "v": 8510
    },
    "Municipality of Paleo Faliro": {
      "%": 58.005249,
      "v": 2210
    },
    "EL512": {
      "%": 94.885597,
      "v": 7050
    },
    "Municipality of Moschato": {
      "%": 79.661018,
      "v": 1880
    },
    "Municipality of Salamina": {
      "%": 90.84967,
      "v": 1390
    },
    "EL643": {
      "%": 93.984962,
      "v": 2500
    },
    "EL633": {
      "%": 85.635963,
      "v": 15620
    },
    "Municipality of Argyroupoli": {
      "%": 82.716049,
      "v": 670
    },
    "Rest of Prefecture Pireas": {
      "%": 88.105118,
      "v": 6370
    },
    "Municipality of Kamatero": {
      "%": 88.13559,
      "v": 520
    },
    "EL641": {
      "%": 91.777191,
      "v": 10380
    },
    "EL413": {
      "%": 92.010651,
      "v": 6910
    },
    "Municipality of Ano Liossia": {
      "%": 95.522385,
      "v": 640
    },
    "Municipality of Dafni": {
      "%": 82.236839,
      "v": 2500
    },
    "Municipality of Nea Smyrni": {
      "%": 61.770622,
      "v": 3070
    },
    "Municipality of Aghios Dimitrios": {
      "%": 90.314133,
      "v": 3450
    },
    "Municipality of Nea Ionia": {
      "%": 90.517242,
      "v": 5250
    },
    "EL542": {
      "%": 89.834518,
      "v": 3800
    },
    "Municipality of Chaidari": {
      "%": 93.073593,
      "v": 2150
    },
    "Municipality of Vyron": {
      "%": 77.87162,
      "v": 4610
    },
    "Municipality of Petroupoli": {
      "%": 90.97744,
      "v": 1210
    },
    "EL533": {
      "%": 89.411766,
      "v": 5320
    },
    "Municipality of Abelokipi": {
      "%": 93.04348,
      "v": 2140
    },
    "EL652": {
      "%": 89.022301,
      "v": 10380
    },
    "Municipality of Neapoli": {
      "%": 94.736839,
      "v": 1980
    },
    "Municipality of Vrilissia": {
      "%": 64.516129,
      "v": 200
    },
    "Municipality of Echedoro": {
      "%": 89.473686,
      "v": 1020
    },
    "EL514": {
      "%": 95.890411,
      "v": 9800
    },
    "EL526": {
      "%": 96.456879,
      "v": 20690
    },
    "Municipality of Zografos": {
      "%": 70.864662,
      "v": 3770
    },
    "Municipality of Ilio (Nea Liossia)": {
      "%": 90.600525,
      "v": 3470
    },
    "Municipality of Thermaikos": {
      "%": 92.105263,
      "v": 350
    },
    "EL624": {
      "%": 93.290733,
      "v": 2920
    },
    "Municipality of Aegaleo": {
      "%": 86.995514,
      "v": 5820
    },
    "EL422": {
      "%": 90.683846,
      "v": 9150
    },
    "Municipality of Metamorfossi": {
      "%": 91.346153,
      "v": 950
    },
    "Municipality of Kalamaria": {
      "%": 88.772842,
      "v": 3400
    },
    "Rest of Prefecture Athens": {
      "%": 62.657616,
      "v": 6460
    },
    "EL653": {
      "%": 85.81002,
      "v": 29450
    },
    "EL525": {
      "%": 92.172897,
      "v": 7890
    },
    "Municipality of Acharnes": {
      "%": 85.714287,
      "v": 1620
    },
    "EL432": {
      "%": 86.480186,
      "v": 7420
    },
    "EL523": {
      "%": 89.838913,
      "v": 7250
    },
    "Rest of Prefecture East Attiki": {
      "%": 87.167068,
      "v": 7200
    }
  }
}