{
  "original_file": "Greece_1971.csv",
  "year": 1971,
  "country": "GR",
  "var": "ed_isced_6to8_55to64",
  "data": {
    "Municipality of Korydallos": {
      "%": 2.3316061,
      "v": 90
    },
    "Municipality of Peristeri": {
      "%": 1.3590034,
      "v": 120
    },
    "Municipality of Polichni": {
      "%": 1.1111112,
      "v": 10
    },
    "EL622": {
      "%": 2.0193152,
      "v": 230
    },
    "EL411": {
      "%": 1.299505,
      "v": 210
    },
    "EL531": {
      "%": 0.87554723,
      "v": 140
    },
    "Municipality of Eleftherio-Kordelio": {
      "%": 1.4925373,
      "v": 10
    },
    "EL631": {
      "%": 0.59935457,
      "v": 130
    },
    "Municipality of Pylea": {
      "%": 1.8867924,
      "v": 10
    },
    "Municipality of Chalandri": {
      "%": 9.1623039,
      "v": 350
    },
    "EL541": {
      "%": 0.6130268,
      "v": 80
    },
    "EL511": {
      "%": 0.57224607,
      "v": 80
    },
    "Rest of Prefecture West Attiki": {
      "%": 0.52910054,
      "v": 10
    },
    "Municipality of Kessariani": {
      "%": 4.7318611,
      "v": 150
    },
    "EL431": {
      "%": 2.3405232,
      "v": 510
    },
    "Municipality of Galatsi": {
      "%": 3.0769231,
      "v": 80
    },
    "EL632": {
      "%": 1.9562715,
      "v": 510
    },
    "Municipality of Elefsina": {
      "%": 0.70422536,
      "v": 10
    },
    "EL611": {
      "%": 1.1166731,
      "v": 290
    },
    "Rest of Department Thessaloniki": {
      "%": 0.57989693,
      "v": 90
    },
    "EL642": {
      "%": 1.0928962,
      "v": 200
    },
    "EL513": {
      "%": 0.53590566,
      "v": 50
    },
    "Municipality of Nikea": {
      "%": 0.74786323,
      "v": 70
    },
    "EL532": {
      "%": 1.5283843,
      "v": 70
    },
    "EL612": {
      "%": 1.618277,
      "v": 340
    },
    "EL433": {
      "%": 0.68587106,
      "v": 50
    },
    "Municipality of Aspropyrgos": {
      "%": 0.0,
      "v": 0
    },
    "Municipality of Stavroupoli": {
      "%": 1.6260163,
      "v": 20
    },
    "Municipality of Ilioupoli": {
      "%": 5.1339288,
      "v": 230
    },
    "Municipality of Keratsini": {
      "%": 0.61919504,
      "v": 40
    },
    "EL645": {
      "%": 1.3059702,
      "v": 70
    },
    "EL434": {
      "%": 1.1958146,
      "v": 160
    },
    "Municipality of Cholargos": {
      "%": 11.904762,
      "v": 200
    },
    "Municipality of Aghia Varvara": {
      "%": 1.0204082,
      "v": 20
    },
    "EL515": {
      "%": 1.1741683,
      "v": 180
    },
    "Municipality of Evosmo": {
      "%": 0.0,
      "v": 0
    },
    "EL524": {
      "%": 0.16570008,
      "v": 20
    },
    "EL613": {
      "%": 1.7829051,
      "v": 340
    },
    "Municipality of Iraklio": {
      "%": 2.4509804,
      "v": 50
    },
    "Municipality of Kallithea": {
      "%": 5.6497173,
      "v": 500
    },
    "EL412": {
      "%": 0.61823803,
      "v": 40
    },
    "Municipality of Koropi": {
      "%": 1.0204082,
      "v": 10
    },
    "Municipality of Aghii Anargyri": {
      "%": 0.89686096,
      "v": 20
    },
    "EL421": {
      "%": 2.6294167,
      "v": 320
    },
    "EL621": {
      "%": 0.54495913,
      "v": 20
    },
    "Municipality of Perama": {
      "%": 1.3513514,
      "v": 20
    },
    "EL543": {
      "%": 0.97529256,
      "v": 150
    },
    "EL521": {
      "%": 0.72926164,
      "v": 80
    },
    "Municipality of Megara": {
      "%": 1.8292683,
      "v": 30
    },
    "EL644": {
      "%": 0.95238096,
      "v": 160
    },
    "Municipality of Sykees": {
      "%": 0.49019608,
      "v": 10
    },
    "Municipality of Thessaloniki": {
      "%": 6.8955731,
      "v": 2430
    },
    "Municipality of Voula": {
      "%": 7.1428571,
      "v": 30
    },
    "Municipality of Athens": {
      "%": 12.720039,
      "v": 12790
    },
    "Municipality of Pireas": {
      "%": 3.2917705,
      "v": 660
    },
    "Municipality of Nea Philadelfia": {
      "%": 4.814815,
      "v": 130
    },
    "Municipality of Glyfada": {
      "%": 8.4821424,
      "v": 190
    },
    "Municipality of Amaroussio": {
      "%": 7.9861112,
      "v": 230
    },
    "Municipality of Aghia Paraskevi": {
      "%": 6.5656567,
      "v": 130
    },
    "Municipality of Kifissia": {
      "%": 8.7378645,
      "v": 180
    },
    "EL651": {
      "%": 1.2685914,
      "v": 290
    },
    "EL623": {
      "%": 1.4888338,
      "v": 60
    },
    "Municipality of Alimos": {
      "%": 8.7431698,
      "v": 160
    },
    "EL527": {
      "%": 0.34168565,
      "v": 30
    },
    "Municipality of Paleo Faliro": {
      "%": 10.23622,
      "v": 390
    },
    "EL512": {
      "%": 0.80753702,
      "v": 60
    },
    "Municipality of Moschato": {
      "%": 2.118644,
      "v": 50
    },
    "Municipality of Salamina": {
      "%": 0.65359479,
      "v": 10
    },
    "EL643": {
      "%": 0.0,
      "v": 0
    },
    "EL633": {
      "%": 0.93201756,
      "v": 170
    },
    "Municipality of Argyroupoli": {
      "%": 2.4691358,
      "v": 20
    },
    "Rest of Prefecture Pireas": {
      "%": 0.55325037,
      "v": 40
    },
    "Municipality of Kamatero": {
      "%": 1.6949153,
      "v": 10
    },
    "EL641": {
      "%": 0.35366932,
      "v": 40
    },
    "EL413": {
      "%": 1.5978695,
      "v": 120
    },
    "Municipality of Ano Liossia": {
      "%": 2.9850745,
      "v": 20
    },
    "Municipality of Dafni": {
      "%": 2.9605262,
      "v": 90
    },
    "Municipality of Nea Smyrni": {
      "%": 7.4446678,
      "v": 370
    },
    "Municipality of Aghios Dimitrios": {
      "%": 1.0471205,
      "v": 40
    },
    "Municipality of Nea Ionia": {
      "%": 0.34482759,
      "v": 20
    },
    "EL542": {
      "%": 0.47281325,
      "v": 20
    },
    "Municipality of Chaidari": {
      "%": 1.2987013,
      "v": 30
    },
    "Municipality of Vyron": {
      "%": 5.4054055,
      "v": 320
    },
    "Municipality of Petroupoli": {
      "%": 0.0,
      "v": 0
    },
    "EL533": {
      "%": 2.1848741,
      "v": 130
    },
    "Municipality of Abelokipi": {
      "%": 0.43478259,
      "v": 10
    },
    "EL652": {
      "%": 2.1440823,
      "v": 250
    },
    "Municipality of Neapoli": {
      "%": 0.95693779,
      "v": 20
    },
    "Municipality of Vrilissia": {
      "%": 9.6774197,
      "v": 30
    },
    "Municipality of Echedoro": {
      "%": 0.0,
      "v": 0
    },
    "EL514": {
      "%": 0.39138943,
      "v": 40
    },
    "EL526": {
      "%": 0.55944055,
      "v": 120
    },
    "Municipality of Zografos": {
      "%": 7.8947368,
      "v": 420
    },
    "Municipality of Ilio (Nea Liossia)": {
      "%": 0.2610966,
      "v": 10
    },
    "Municipality of Thermaikos": {
      "%": 0.0,
      "v": 0
    },
    "EL624": {
      "%": 0.95846647,
      "v": 30
    },
    "Municipality of Aegaleo": {
      "%": 1.1958146,
      "v": 80
    },
    "EL422": {
      "%": 0.7928642,
      "v": 80
    },
    "Municipality of Metamorfossi": {
      "%": 1.9230769,
      "v": 20
    },
    "Municipality of Kalamaria": {
      "%": 1.305483,
      "v": 50
    },
    "Rest of Prefecture Athens": {
      "%": 12.415131,
      "v": 1280
    },
    "EL653": {
      "%": 1.048951,
      "v": 360
    },
    "EL525": {
      "%": 0.81775701,
      "v": 70
    },
    "Municipality of Acharnes": {
      "%": 0.52910054,
      "v": 10
    },
    "EL432": {
      "%": 1.8648019,
      "v": 160
    },
    "EL523": {
      "%": 0.24783148,
      "v": 20
    },
    "Rest of Prefecture East Attiki": {
      "%": 1.3317192,
      "v": 110
    }
  }
}