{
  "original_file": "Greece_1971.csv",
  "year": 1971,
  "country": "GR",
  "var": "ed_isced_0to2_m_45to54",
  "data": {
    "Municipality of Korydallos": {
      "%": 84.666664,
      "v": 2540
    },
    "Municipality of Peristeri": {
      "%": 90.127388,
      "v": 5660
    },
    "Municipality of Polichni": {
      "%": 94.666664,
      "v": 710
    },
    "EL622": {
      "%": 90.230904,
      "v": 5080
    },
    "EL411": {
      "%": 90.126938,
      "v": 6390
    },
    "EL531": {
      "%": 91.440216,
      "v": 6730
    },
    "Municipality of Eleftherio-Kordelio": {
      "%": 97.674416,
      "v": 420
    },
    "EL631": {
      "%": 93.75,
      "v": 10050
    },
    "Municipality of Pylea": {
      "%": 97.674416,
      "v": 420
    },
    "Municipality of Chalandri": {
      "%": 65.882355,
      "v": 1680
    },
    "EL541": {
      "%": 91.146591,
      "v": 6280
    },
    "EL511": {
      "%": 92.117462,
      "v": 5960
    },
    "Rest of Prefecture West Attiki": {
      "%": 92.792793,
      "v": 1030
    },
    "Municipality of Kessariani": {
      "%": 77.037041,
      "v": 1040
    },
    "EL431": {
      "%": 91.079811,
      "v": 9700
    },
    "Municipality of Galatsi": {
      "%": 80.0,
      "v": 1120
    },
    "EL632": {
      "%": 85.49501,
      "v": 11140
    },
    "Municipality of Elefsina": {
      "%": 90.476189,
      "v": 950
    },
    "EL611": {
      "%": 90.576653,
      "v": 12880
    },
    "Rest of Department Thessaloniki": {
      "%": 96.389893,
      "v": 8010
    },
    "EL642": {
      "%": 89.30085,
      "v": 8430
    },
    "EL513": {
      "%": 90.039841,
      "v": 4520
    },
    "Municipality of Nikea": {
      "%": 85.979378,
      "v": 4170
    },
    "EL532": {
      "%": 93.969849,
      "v": 1870
    },
    "EL612": {
      "%": 90.968803,
      "v": 11080
    },
    "EL433": {
      "%": 92.761391,
      "v": 3460
    },
    "Municipality of Aspropyrgos": {
      "%": 96.92308,
      "v": 630
    },
    "Municipality of Stavroupoli": {
      "%": 94.059402,
      "v": 950
    },
    "Municipality of Ilioupoli": {
      "%": 78.79747,
      "v": 2490
    },
    "Municipality of Keratsini": {
      "%": 90.575912,
      "v": 3460
    },
    "EL645": {
      "%": 90.265488,
      "v": 2040
    },
    "EL434": {
      "%": 90.047394,
      "v": 5700
    },
    "Municipality of Cholargos": {
      "%": 56.190475,
      "v": 590
    },
    "Municipality of Aghia Varvara": {
      "%": 94.074074,
      "v": 1270
    },
    "EL515": {
      "%": 87.263336,
      "v": 5070
    },
    "Municipality of Evosmo": {
      "%": 94.285713,
      "v": 990
    },
    "EL524": {
      "%": 95.221237,
      "v": 5380
    },
    "EL613": {
      "%": 87.783783,
      "v": 8120
    },
    "Municipality of Iraklio": {
      "%": 82.835823,
      "v": 1110
    },
    "Municipality of Kallithea": {
      "%": 65.548096,
      "v": 2930
    },
    "EL412": {
      "%": 90.950226,
      "v": 2010
    },
    "Municipality of Koropi": {
      "%": 91.304344,
      "v": 630
    },
    "Municipality of Aghii Anargyri": {
      "%": 81.884056,
      "v": 1130
    },
    "EL421": {
      "%": 87.38739,
      "v": 4850
    },
    "EL621": {
      "%": 83.815025,
      "v": 1450
    },
    "Municipality of Perama": {
      "%": 87.5,
      "v": 980
    },
    "EL543": {
      "%": 90.447762,
      "v": 6060
    },
    "EL521": {
      "%": 90.070923,
      "v": 5080
    },
    "Municipality of Megara": {
      "%": 89.380531,
      "v": 1010
    },
    "EL644": {
      "%": 91.647858,
      "v": 8120
    },
    "Municipality of Sykees": {
      "%": 94.871796,
      "v": 1110
    },
    "Municipality of Thessaloniki": {
      "%": 68.100975,
      "v": 11870
    },
    "Municipality of Voula": {
      "%": 53.846153,
      "v": 140
    },
    "Municipality of Athens": {
      "%": 49.18885,
      "v": 23650
    },
    "Municipality of Pireas": {
      "%": 74.585152,
      "v": 8540
    },
    "Municipality of Nea Philadelfia": {
      "%": 66.666664,
      "v": 720
    },
    "Municipality of Glyfada": {
      "%": 73.684212,
      "v": 980
    },
    "Municipality of Amaroussio": {
      "%": 65.942032,
      "v": 910
    },
    "Municipality of Aghia Paraskevi": {
      "%": 71.296295,
      "v": 770
    },
    "Municipality of Kifissia": {
      "%": 62.5,
      "v": 650
    },
    "EL651": {
      "%": 91.304344,
      "v": 10080
    },
    "EL623": {
      "%": 91.329483,
      "v": 1580
    },
    "Municipality of Alimos": {
      "%": 53.333332,
      "v": 640
    },
    "EL527": {
      "%": 96.5,
      "v": 3860
    },
    "Municipality of Paleo Faliro": {
      "%": 64.090912,
      "v": 1410
    },
    "EL512": {
      "%": 92.559525,
      "v": 3110
    },
    "Municipality of Moschato": {
      "%": 72.727272,
      "v": 960
    },
    "Municipality of Salamina": {
      "%": 84.782608,
      "v": 780
    },
    "EL643": {
      "%": 95.973152,
      "v": 1430
    },
    "EL633": {
      "%": 92.098763,
      "v": 7460
    },
    "Municipality of Argyroupoli": {
      "%": 75.925926,
      "v": 410
    },
    "Rest of Prefecture Pireas": {
      "%": 89.346245,
      "v": 3690
    },
    "Municipality of Kamatero": {
      "%": 100.0,
      "v": 510
    },
    "EL641": {
      "%": 93.247589,
      "v": 5800
    },
    "EL413": {
      "%": 85.454544,
      "v": 3290
    },
    "Municipality of Ano Liossia": {
      "%": 100.0,
      "v": 470
    },
    "Municipality of Dafni": {
      "%": 76.351349,
      "v": 1130
    },
    "Municipality of Nea Smyrni": {
      "%": 51.04895,
      "v": 1460
    },
    "Municipality of Aghios Dimitrios": {
      "%": 88.888885,
      "v": 1760
    },
    "Municipality of Nea Ionia": {
      "%": 84.0625,
      "v": 2690
    },
    "EL542": {
      "%": 92.352943,
      "v": 1570
    },
    "Municipality of Chaidari": {
      "%": 88.805969,
      "v": 1190
    },
    "Municipality of Vyron": {
      "%": 68.656715,
      "v": 1840
    },
    "Municipality of Petroupoli": {
      "%": 88.349518,
      "v": 910
    },
    "EL533": {
      "%": 92.395439,
      "v": 2430
    },
    "Municipality of Abelokipi": {
      "%": 97.9021,
      "v": 1400
    },
    "EL652": {
      "%": 87.847733,
      "v": 6000
    },
    "Municipality of Neapoli": {
      "%": 91.578949,
      "v": 870
    },
    "Municipality of Vrilissia": {
      "%": 63.157894,
      "v": 120
    },
    "Municipality of Echedoro": {
      "%": 100.0,
      "v": 580
    },
    "EL514": {
      "%": 92.620865,
      "v": 3640
    },
    "EL526": {
      "%": 96.071831,
      "v": 8560
    },
    "Municipality of Zografos": {
      "%": 62.105263,
      "v": 1770
    },
    "Municipality of Ilio (Nea Liossia)": {
      "%": 86.86869,
      "v": 2580
    },
    "Municipality of Thermaikos": {
      "%": 88.235291,
      "v": 150
    },
    "EL624": {
      "%": 92.14286,
      "v": 1290
    },
    "Municipality of Aegaleo": {
      "%": 90.70295,
      "v": 4000
    },
    "EL422": {
      "%": 89.484123,
      "v": 4510
    },
    "Municipality of Metamorfossi": {
      "%": 88.421051,
      "v": 840
    },
    "Municipality of Kalamaria": {
      "%": 86.842102,
      "v": 1650
    },
    "Rest of Prefecture Athens": {
      "%": 55.341507,
      "v": 3160
    },
    "EL653": {
      "%": 90.377762,
      "v": 12680
    },
    "EL525": {
      "%": 95.477386,
      "v": 3800
    },
    "Municipality of Acharnes": {
      "%": 89.743591,
      "v": 1050
    },
    "EL432": {
      "%": 93.170731,
      "v": 3820
    },
    "EL523": {
      "%": 93.808052,
      "v": 3030
    },
    "Rest of Prefecture East Attiki": {
      "%": 92.537315,
      "v": 4340
    }
  }
}