{
  "original_file": "Greece_1971.csv",
  "year": 1971,
  "country": "GR",
  "var": "ed_isced_0to2_f_45to54",
  "data": {
    "Municipality of Korydallos": {
      "%": 95.555557,
      "v": 2580
    },
    "Municipality of Peristeri": {
      "%": 94.427711,
      "v": 6270
    },
    "Municipality of Polichni": {
      "%": 96.20253,
      "v": 760
    },
    "EL622": {
      "%": 88.852463,
      "v": 5420
    },
    "EL411": {
      "%": 93.93512,
      "v": 6660
    },
    "EL531": {
      "%": 95.689651,
      "v": 7770
    },
    "Municipality of Eleftherio-Kordelio": {
      "%": 97.058823,
      "v": 330
    },
    "EL631": {
      "%": 84.786476,
      "v": 9530
    },
    "Municipality of Pylea": {
      "%": 93.939392,
      "v": 310
    },
    "Municipality of Chalandri": {
      "%": 76.833977,
      "v": 1990
    },
    "EL541": {
      "%": 71.598412,
      "v": 5420
    },
    "EL511": {
      "%": 90.348526,
      "v": 6740
    },
    "Rest of Prefecture West Attiki": {
      "%": 92.0,
      "v": 920
    },
    "Municipality of Kessariani": {
      "%": 82.325584,
      "v": 1770
    },
    "EL431": {
      "%": 91.059029,
      "v": 10490
    },
    "Municipality of Galatsi": {
      "%": 89.0411,
      "v": 1300
    },
    "EL632": {
      "%": 87.559433,
      "v": 11050
    },
    "Municipality of Elefsina": {
      "%": 90.0,
      "v": 810
    },
    "EL611": {
      "%": 81.765839,
      "v": 12780
    },
    "Rest of Department Thessaloniki": {
      "%": 94.366196,
      "v": 7370
    },
    "EL642": {
      "%": 88.449532,
      "v": 8500
    },
    "EL513": {
      "%": 88.008133,
      "v": 4330
    },
    "Municipality of Nikea": {
      "%": 94.520546,
      "v": 4830
    },
    "EL532": {
      "%": 94.202896,
      "v": 1950
    },
    "EL612": {
      "%": 87.671234,
      "v": 10880
    },
    "EL433": {
      "%": 92.063492,
      "v": 3480
    },
    "Municipality of Aspropyrgos": {
      "%": 96.610168,
      "v": 570
    },
    "Municipality of Stavroupoli": {
      "%": 92.105263,
      "v": 700
    },
    "Municipality of Ilioupoli": {
      "%": 87.583893,
      "v": 2610
    },
    "Municipality of Keratsini": {
      "%": 95.595856,
      "v": 3690
    },
    "EL645": {
      "%": 85.042732,
      "v": 1990
    },
    "EL434": {
      "%": 92.25251,
      "v": 6430
    },
    "Municipality of Cholargos": {
      "%": 65.346535,
      "v": 660
    },
    "Municipality of Aghia Varvara": {
      "%": 94.776123,
      "v": 1270
    },
    "EL515": {
      "%": 92.927635,
      "v": 5650
    },
    "Municipality of Evosmo": {
      "%": 100.0,
      "v": 990
    },
    "EL524": {
      "%": 92.371475,
      "v": 5570
    },
    "EL613": {
      "%": 88.434692,
      "v": 8870
    },
    "Municipality of Iraklio": {
      "%": 89.215683,
      "v": 910
    },
    "Municipality of Kallithea": {
      "%": 75.841583,
      "v": 3830
    },
    "EL412": {
      "%": 94.495415,
      "v": 2060
    },
    "Municipality of Koropi": {
      "%": 93.877548,
      "v": 460
    },
    "Municipality of Aghii Anargyri": {
      "%": 93.75,
      "v": 1200
    },
    "EL421": {
      "%": 88.51133,
      "v": 5470
    },
    "EL621": {
      "%": 75.30864,
      "v": 1220
    },
    "Municipality of Perama": {
      "%": 94.949493,
      "v": 940
    },
    "EL543": {
      "%": 95.112282,
      "v": 7200
    },
    "EL521": {
      "%": 93.19471,
      "v": 4930
    },
    "Municipality of Megara": {
      "%": 93.277313,
      "v": 1110
    },
    "EL644": {
      "%": 85.430466,
      "v": 7740
    },
    "Municipality of Sykees": {
      "%": 97.345131,
      "v": 1100
    },
    "Municipality of Thessaloniki": {
      "%": 76.367813,
      "v": 16610
    },
    "Municipality of Voula": {
      "%": 76.92308,
      "v": 200
    },
    "Municipality of Athens": {
      "%": 63.343403,
      "v": 37740
    },
    "Municipality of Pireas": {
      "%": 85.555557,
      "v": 10780
    },
    "Municipality of Nea Philadelfia": {
      "%": 83.464569,
      "v": 1060
    },
    "Municipality of Glyfada": {
      "%": 72.727272,
      "v": 960
    },
    "Municipality of Amaroussio": {
      "%": 72.121216,
      "v": 1190
    },
    "Municipality of Aghia Paraskevi": {
      "%": 81.67939,
      "v": 1070
    },
    "Municipality of Kifissia": {
      "%": 68.992249,
      "v": 890
    },
    "EL651": {
      "%": 89.310951,
      "v": 10110
    },
    "EL623": {
      "%": 92.893402,
      "v": 1830
    },
    "Municipality of Alimos": {
      "%": 72.881355,
      "v": 860
    },
    "EL527": {
      "%": 97.916664,
      "v": 3760
    },
    "Municipality of Paleo Faliro": {
      "%": 66.94915,
      "v": 1580
    },
    "EL512": {
      "%": 94.269341,
      "v": 3290
    },
    "Municipality of Moschato": {
      "%": 79.310349,
      "v": 1150
    },
    "Municipality of Salamina": {
      "%": 91.011238,
      "v": 810
    },
    "EL643": {
      "%": 91.025642,
      "v": 1420
    },
    "EL633": {
      "%": 90.103569,
      "v": 7830
    },
    "Municipality of Argyroupoli": {
      "%": 91.228073,
      "v": 520
    },
    "Rest of Prefecture Pireas": {
      "%": 90.973869,
      "v": 3830
    },
    "Municipality of Kamatero": {
      "%": 89.130432,
      "v": 410
    },
    "EL641": {
      "%": 92.844368,
      "v": 5190
    },
    "EL413": {
      "%": 93.788818,
      "v": 3020
    },
    "Municipality of Ano Liossia": {
      "%": 93.61702,
      "v": 440
    },
    "Municipality of Dafni": {
      "%": 91.812866,
      "v": 1570
    },
    "Municipality of Nea Smyrni": {
      "%": 65.594856,
      "v": 2040
    },
    "Municipality of Aghios Dimitrios": {
      "%": 87.735847,
      "v": 1860
    },
    "Municipality of Nea Ionia": {
      "%": 89.375,
      "v": 2860
    },
    "EL542": {
      "%": 88.63636,
      "v": 1950
    },
    "Municipality of Chaidari": {
      "%": 94.805191,
      "v": 1460
    },
    "Municipality of Vyron": {
      "%": 82.789314,
      "v": 2790
    },
    "Municipality of Petroupoli": {
      "%": 93.827164,
      "v": 760
    },
    "EL533": {
      "%": 93.81443,
      "v": 2730
    },
    "Municipality of Abelokipi": {
      "%": 97.692307,
      "v": 1270
    },
    "EL652": {
      "%": 91.396103,
      "v": 5630
    },
    "Municipality of Neapoli": {
      "%": 93.893127,
      "v": 1230
    },
    "Municipality of Vrilissia": {
      "%": 83.333336,
      "v": 200
    },
    "Municipality of Echedoro": {
      "%": 92.85714,
      "v": 520
    },
    "EL514": {
      "%": 95.28302,
      "v": 4040
    },
    "EL526": {
      "%": 96.2845,
      "v": 9070
    },
    "Municipality of Zografos": {
      "%": 78.703705,
      "v": 2550
    },
    "Municipality of Ilio (Nea Liossia)": {
      "%": 95.19651,
      "v": 2180
    },
    "Municipality of Thermaikos": {
      "%": 100.0,
      "v": 160
    },
    "EL624": {
      "%": 90.303032,
      "v": 1490
    },
    "Municipality of Aegaleo": {
      "%": 93.409088,
      "v": 4110
    },
    "EL422": {
      "%": 94.690262,
      "v": 4280
    },
    "Municipality of Metamorfossi": {
      "%": 86.585365,
      "v": 710
    },
    "Municipality of Kalamaria": {
      "%": 95.089287,
      "v": 2130
    },
    "Rest of Prefecture Athens": {
      "%": 65.814697,
      "v": 4120
    },
    "EL653": {
      "%": 88.859062,
      "v": 13240
    },
    "EL525": {
      "%": 92.778992,
      "v": 4240
    },
    "Municipality of Acharnes": {
      "%": 92.660553,
      "v": 1010
    },
    "EL432": {
      "%": 89.841988,
      "v": 3980
    },
    "EL523": {
      "%": 90.99099,
      "v": 3030
    },
    "Rest of Prefecture East Attiki": {
      "%": 91.494255,
      "v": 3980
    }
  }
}