{
  "original_file": "Greece_1991.csv",
  "year": 1991,
  "country": "GR",
  "var": "ed_isced_3to5_65plus",
  "data": {
    "EL644": {
      "%": 3.3674963,
      "v": 920
    },
    "Municipality of Evosmo": {
      "%": 1.0582011,
      "v": 20
    },
    "Municipality of Aghios Dimitrios": {
      "%": 5.6112223,
      "v": 280
    },
    "Municipality of Peristeri": {
      "%": 3.4482758,
      "v": 440
    },
    "EL612": {
      "%": 2.4552281,
      "v": 850
    },
    "EL524": {
      "%": 1.5479876,
      "v": 250
    },
    "Municipality of Thessaloniki": {
      "%": 16.849255,
      "v": 7690
    },
    "EL632": {
      "%": 6.3845959,
      "v": 2520
    },
    "EL653": {
      "%": 4.0895815,
      "v": 2100
    },
    "Municipality of Kallithea": {
      "%": 20.590462,
      "v": 2720
    },
    "Rest of Department Thessaloniki": {
      "%": 2.5227461,
      "v": 610
    },
    "Municipality of Acharnes": {
      "%": 4.2959428,
      "v": 180
    },
    "Municipality of Nea Ionia": {
      "%": 9.5872173,
      "v": 720
    },
    "EL611": {
      "%": 2.0611229,
      "v": 870
    },
    "EL431": {
      "%": 3.4626865,
      "v": 1160
    },
    "EL526": {
      "%": 1.4259598,
      "v": 390
    },
    "EL642": {
      "%": 3.5914333,
      "v": 1090
    },
    "EL521": {
      "%": 2.3373342,
      "v": 370
    },
    "Municipality of Elefsina": {
      "%": 2.5,
      "v": 50
    },
    "EL527": {
      "%": 1.0989012,
      "v": 130
    },
    "Municipality of Petroupoli": {
      "%": 6.4406781,
      "v": 190
    },
    "EL531": {
      "%": 2.0748577,
      "v": 510
    },
    "Municipality of Kalamaria": {
      "%": 11.066127,
      "v": 820
    },
    "EL621": {
      "%": 3.5906644,
      "v": 200
    },
    "EL633": {
      "%": 3.2235458,
      "v": 920
    },
    "EL651": {
      "%": 2.7996738,
      "v": 1030
    },
    "Municipality of Megara": {
      "%": 3.0405405,
      "v": 90
    },
    "EL511": {
      "%": 1.2826837,
      "v": 260
    },
    "Municipality of Thermaikos": {
      "%": 9.6774197,
      "v": 60
    },
    "EL631": {
      "%": 2.0401855,
      "v": 660
    },
    "Municipality of Stavroupoli": {
      "%": 2.7522936,
      "v": 60
    },
    "Municipality of Aegaleo": {
      "%": 4.347826,
      "v": 320
    },
    "Municipality of Glyfada": {
      "%": 23.17757,
      "v": 1240
    },
    "Municipality of Ilioupoli": {
      "%": 13.207547,
      "v": 980
    },
    "Municipality of Metamorfossi": {
      "%": 5.1282053,
      "v": 100
    },
    "Municipality of Nikea": {
      "%": 5.7170544,
      "v": 590
    },
    "EL513": {
      "%": 1.5676568,
      "v": 190
    },
    "EL543": {
      "%": 3.273185,
      "v": 780
    },
    "Municipality of Voula": {
      "%": 31.891891,
      "v": 590
    },
    "EL533": {
      "%": 2.0026703,
      "v": 150
    },
    "Municipality of Neapoli": {
      "%": 4.7058825,
      "v": 120
    },
    "EL411": {
      "%": 3.6636918,
      "v": 780
    },
    "Municipality of Ilio (Nea Liossia)": {
      "%": 3.4257748,
      "v": 210
    },
    "Municipality of Aghii Anargyri": {
      "%": 8.0267563,
      "v": 240
    },
    "EL512": {
      "%": 2.0665901,
      "v": 180
    },
    "Municipality of Alimos": {
      "%": 28.366762,
      "v": 990
    },
    "Municipality of Aghia Paraskevi": {
      "%": 20.850203,
      "v": 1030
    },
    "Municipality of Kamatero": {
      "%": 6.2015505,
      "v": 80
    },
    "Municipality of Nea Philadelfia": {
      "%": 12.459017,
      "v": 380
    },
    "Municipality of Chaidari": {
      "%": 7.8431373,
      "v": 280
    },
    "EL643": {
      "%": 1.2531328,
      "v": 50
    },
    "Municipality of Polichni": {
      "%": 1.6853932,
      "v": 30
    },
    "Municipality of Kifissia": {
      "%": 27.494909,
      "v": 1350
    },
    "Municipality of Cholargos": {
      "%": 24.170616,
      "v": 1020
    },
    "Municipality of Dafni": {
      "%": 14.953271,
      "v": 480
    },
    "Municipality of Abelokipi": {
      "%": 2.8938906,
      "v": 90
    },
    "Municipality of Galatsi": {
      "%": 8.8757401,
      "v": 450
    },
    "Municipality of Paleo Faliro": {
      "%": 24.803591,
      "v": 2210
    },
    "Rest of Prefecture West Attiki": {
      "%": 3.0054646,
      "v": 110
    },
    "Municipality of Kessariani": {
      "%": 9.4339619,
      "v": 350
    },
    "Municipality of Salamina": {
      "%": 8.1433229,
      "v": 250
    },
    "Municipality of Pylea": {
      "%": 4.516129,
      "v": 70
    },
    "EL514": {
      "%": 1.4504431,
      "v": 180
    },
    "Municipality of Sykees": {
      "%": 3.5335689,
      "v": 100
    },
    "Municipality of Echedoro": {
      "%": 0.0,
      "v": 0
    },
    "Municipality of Moschato": {
      "%": 16.730038,
      "v": 440
    },
    "Rest of Prefecture Athens": {
      "%": 22.893482,
      "v": 4320
    },
    "Municipality of Argyroupoli": {
      "%": 10.902256,
      "v": 290
    },
    "EL652": {
      "%": 5.5389223,
      "v": 1110
    },
    "Municipality of Korydallos": {
      "%": 8.3457527,
      "v": 560
    },
    "Municipality of Iraklio": {
      "%": 18.944843,
      "v": 790
    },
    "Municipality of Nea Smyrni": {
      "%": 28.942116,
      "v": 2900
    },
    "EL434": {
      "%": 4.9802761,
      "v": 1010
    },
    "EL624": {
      "%": 2.1097047,
      "v": 100
    },
    "EL413": {
      "%": 7.6086955,
      "v": 700
    },
    "EL645": {
      "%": 3.4994698,
      "v": 330
    },
    "EL641": {
      "%": 1.7937219,
      "v": 320
    },
    "Municipality of Eleftherio-Kordelio": {
      "%": 2.0,
      "v": 20
    },
    "Rest of Prefecture Pireas": {
      "%": 4.3254375,
      "v": 420
    },
    "EL525": {
      "%": 1.3481364,
      "v": 170
    },
    "Municipality of Perama": {
      "%": 4.8648648,
      "v": 90
    },
    "EL515": {
      "%": 3.234802,
      "v": 580
    },
    "EL532": {
      "%": 0.89820361,
      "v": 60
    },
    "EL623": {
      "%": 3.3587787,
      "v": 220
    },
    "Municipality of Koropi": {
      "%": 3.8461537,
      "v": 70
    },
    "Municipality of Aghia Varvara": {
      "%": 6.8000002,
      "v": 170
    },
    "EL541": {
      "%": 1.3388735,
      "v": 290
    },
    "EL432": {
      "%": 2.8550513,
      "v": 390
    },
    "EL622": {
      "%": 5.1224942,
      "v": 920
    },
    "Municipality of Athens": {
      "%": 26.663237,
      "v": 31100
    },
    "EL613": {
      "%": 6.3300405,
      "v": 1730
    },
    "Municipality of Ano Liossia": {
      "%": 2.238806,
      "v": 30
    },
    "Rest of Prefecture East Attiki": {
      "%": 10.130571,
      "v": 2250
    },
    "EL412": {
      "%": 4.8165135,
      "v": 420
    },
    "Municipality of Vrilissia": {
      "%": 26.31579,
      "v": 350
    },
    "EL523": {
      "%": 0.85795999,
      "v": 90
    },
    "Municipality of Zografos": {
      "%": 21.404682,
      "v": 1920
    },
    "Municipality of Pireas": {
      "%": 14.974966,
      "v": 3290
    },
    "EL433": {
      "%": 2.9959514,
      "v": 370
    },
    "EL422": {
      "%": 2.520436,
      "v": 370
    },
    "Municipality of Vyron": {
      "%": 15.591398,
      "v": 1160
    },
    "Municipality of Chalandri": {
      "%": 23.08707,
      "v": 1750
    },
    "Municipality of Aspropyrgos": {
      "%": 2.2058823,
      "v": 30
    },
    "EL542": {
      "%": 1.2345679,
      "v": 90
    },
    "Municipality of Keratsini": {
      "%": 4.1948581,
      "v": 310
    },
    "Municipality of Amaroussio": {
      "%": 23.302469,
      "v": 1510
    },
    "EL421": {
      "%": 4.4673538,
      "v": 780
    }
  }
}