{
  "original_file": "Greece_1991.csv",
  "year": 1991,
  "country": "GR",
  "var": "ed_isced_6to8_f",
  "data": {
    "EL644": {
      "%": 3.9035418,
      "v": 2590
    },
    "Municipality of Evosmo": {
      "%": 3.3837934,
      "v": 380
    },
    "Municipality of Aghios Dimitrios": {
      "%": 6.5818343,
      "v": 1500
    },
    "Municipality of Peristeri": {
      "%": 3.729516,
      "v": 1980
    },
    "EL612": {
      "%": 4.8911996,
      "v": 5080
    },
    "EL524": {
      "%": 2.9631009,
      "v": 1590
    },
    "Municipality of Thessaloniki": {
      "%": 11.622914,
      "v": 18950
    },
    "EL632": {
      "%": 5.3206863,
      "v": 5890
    },
    "EL653": {
      "%": 3.95189,
      "v": 3910
    },
    "Municipality of Kallithea": {
      "%": 7.9941559,
      "v": 3830
    },
    "Rest of Department Thessaloniki": {
      "%": 4.4326243,
      "v": 3750
    },
    "Municipality of Acharnes": {
      "%": 2.6696832,
      "v": 590
    },
    "Municipality of Nea Ionia": {
      "%": 5.280129,
      "v": 1310
    },
    "EL611": {
      "%": 3.9522238,
      "v": 4070
    },
    "EL431": {
      "%": 5.0956063,
      "v": 5010
    },
    "EL526": {
      "%": 3.3464568,
      "v": 2550
    },
    "EL642": {
      "%": 3.9381154,
      "v": 3080
    },
    "EL521": {
      "%": 4.0462427,
      "v": 2170
    },
    "Municipality of Elefsina": {
      "%": 3.6452005,
      "v": 300
    },
    "EL527": {
      "%": 3.4292357,
      "v": 1180
    },
    "Municipality of Petroupoli": {
      "%": 5.4968286,
      "v": 780
    },
    "EL531": {
      "%": 4.1534467,
      "v": 2880
    },
    "Municipality of Kalamaria": {
      "%": 11.523138,
      "v": 3760
    },
    "EL621": {
      "%": 3.4846029,
      "v": 430
    },
    "EL633": {
      "%": 3.0473869,
      "v": 2000
    },
    "EL651": {
      "%": 3.6259031,
      "v": 2710
    },
    "Municipality of Megara": {
      "%": 3.3648791,
      "v": 320
    },
    "EL511": {
      "%": 3.8124771,
      "v": 2090
    },
    "Municipality of Thermaikos": {
      "%": 5.3658538,
      "v": 110
    },
    "EL631": {
      "%": 3.4558737,
      "v": 2980
    },
    "Municipality of Stavroupoli": {
      "%": 3.6351166,
      "v": 530
    },
    "Municipality of Aegaleo": {
      "%": 4.2820349,
      "v": 1330
    },
    "Municipality of Glyfada": {
      "%": 12.267658,
      "v": 2970
    },
    "Municipality of Ilioupoli": {
      "%": 8.2714052,
      "v": 2560
    },
    "Municipality of Metamorfossi": {
      "%": 4.2892156,
      "v": 350
    },
    "Municipality of Nikea": {
      "%": 3.1777277,
      "v": 1130
    },
    "EL513": {
      "%": 2.9719853,
      "v": 1220
    },
    "EL543": {
      "%": 5.5929146,
      "v": 3410
    },
    "Municipality of Voula": {
      "%": 13.004484,
      "v": 870
    },
    "EL533": {
      "%": 5.5196419,
      "v": 1110
    },
    "Municipality of Neapoli": {
      "%": 3.6378334,
      "v": 450
    },
    "EL411": {
      "%": 3.3390622,
      "v": 1360
    },
    "Municipality of Ilio (Nea Liossia)": {
      "%": 4.1834002,
      "v": 1250
    },
    "Municipality of Aghii Anargyri": {
      "%": 5.6790123,
      "v": 690
    },
    "EL512": {
      "%": 3.1030445,
      "v": 1060
    },
    "Municipality of Alimos": {
      "%": 11.913913,
      "v": 1550
    },
    "Municipality of Aghia Paraskevi": {
      "%": 17.278288,
      "v": 3390
    },
    "Municipality of Kamatero": {
      "%": 2.1276596,
      "v": 140
    },
    "Municipality of Nea Philadelfia": {
      "%": 7.7511964,
      "v": 810
    },
    "Municipality of Chaidari": {
      "%": 5.7571964,
      "v": 920
    },
    "EL643": {
      "%": 2.8004668,
      "v": 240
    },
    "Municipality of Polichni": {
      "%": 4.4444447,
      "v": 480
    },
    "Municipality of Kifissia": {
      "%": 17.824968,
      "v": 2770
    },
    "Municipality of Cholargos": {
      "%": 18.571428,
      "v": 2730
    },
    "Municipality of Dafni": {
      "%": 7.186235,
      "v": 710
    },
    "Municipality of Abelokipi": {
      "%": 3.6419754,
      "v": 590
    },
    "Municipality of Galatsi": {
      "%": 9.0171328,
      "v": 2000
    },
    "Municipality of Paleo Faliro": {
      "%": 12.052368,
      "v": 3130
    },
    "Rest of Prefecture West Attiki": {
      "%": 3.0716724,
      "v": 450
    },
    "Municipality of Kessariani": {
      "%": 6.5674257,
      "v": 750
    },
    "Municipality of Salamina": {
      "%": 2.8723404,
      "v": 270
    },
    "Municipality of Pylea": {
      "%": 13.409962,
      "v": 1050
    },
    "EL514": {
      "%": 3.7914691,
      "v": 1440
    },
    "Municipality of Sykees": {
      "%": 4.1458182,
      "v": 580
    },
    "Municipality of Echedoro": {
      "%": 1.9077902,
      "v": 120
    },
    "Municipality of Moschato": {
      "%": 6.966774,
      "v": 650
    },
    "Rest of Prefecture Athens": {
      "%": 14.371064,
      "v": 8900
    },
    "Municipality of Argyroupoli": {
      "%": 8.0670929,
      "v": 1010
    },
    "EL652": {
      "%": 4.8396068,
      "v": 2610
    },
    "Municipality of Korydallos": {
      "%": 4.1649818,
      "v": 1030
    },
    "Municipality of Iraklio": {
      "%": 10.116279,
      "v": 1740
    },
    "Municipality of Nea Smyrni": {
      "%": 14.480519,
      "v": 4460
    },
    "EL434": {
      "%": 4.8625793,
      "v": 2300
    },
    "EL624": {
      "%": 4.4226046,
      "v": 360
    },
    "EL413": {
      "%": 3.3099298,
      "v": 660
    },
    "EL645": {
      "%": 3.9555006,
      "v": 640
    },
    "EL641": {
      "%": 3.3691304,
      "v": 1600
    },
    "Municipality of Eleftherio-Kordelio": {
      "%": 3.2362459,
      "v": 200
    },
    "Rest of Prefecture Pireas": {
      "%": 2.2459078,
      "v": 590
    },
    "EL525": {
      "%": 3.8775511,
      "v": 1710
    },
    "Municipality of Perama": {
      "%": 0.89887643,
      "v": 80
    },
    "EL515": {
      "%": 4.4128509,
      "v": 2390
    },
    "EL532": {
      "%": 3.7544394,
      "v": 740
    },
    "EL623": {
      "%": 3.5195103,
      "v": 460
    },
    "Municipality of Koropi": {
      "%": 5.8267717,
      "v": 370
    },
    "Municipality of Aghia Varvara": {
      "%": 3.35097,
      "v": 380
    },
    "EL541": {
      "%": 3.5184481,
      "v": 1850
    },
    "EL432": {
      "%": 4.3272729,
      "v": 1190
    },
    "EL622": {
      "%": 3.8147793,
      "v": 1590
    },
    "Municipality of Athens": {
      "%": 11.77294,
      "v": 37850
    },
    "EL613": {
      "%": 5.328084,
      "v": 4060
    },
    "Municipality of Ano Liossia": {
      "%": 1.3994911,
      "v": 110
    },
    "Rest of Prefecture East Attiki": {
      "%": 6.8017955,
      "v": 5000
    },
    "EL412": {
      "%": 3.3582089,
      "v": 540
    },
    "Municipality of Vrilissia": {
      "%": 19.122257,
      "v": 1220
    },
    "EL523": {
      "%": 2.0615184,
      "v": 630
    },
    "Municipality of Zografos": {
      "%": 11.414171,
      "v": 3850
    },
    "Municipality of Pireas": {
      "%": 6.3838549,
      "v": 4650
    },
    "EL433": {
      "%": 4.7455034,
      "v": 1240
    },
    "EL422": {
      "%": 4.1214147,
      "v": 1480
    },
    "Municipality of Vyron": {
      "%": 9.5487509,
      "v": 2370
    },
    "Municipality of Chalandri": {
      "%": 16.376436,
      "v": 4420
    },
    "Municipality of Aspropyrgos": {
      "%": 2.7675276,
      "v": 150
    },
    "EL542": {
      "%": 2.0050125,
      "v": 320
    },
    "Municipality of Keratsini": {
      "%": 2.9547882,
      "v": 830
    },
    "Municipality of Amaroussio": {
      "%": 16.712872,
      "v": 4220
    },
    "EL421": {
      "%": 4.6937709,
      "v": 2690
    }
  }
}