{
  "original_file": "Greece_1991.csv",
  "year": 1991,
  "country": "GR",
  "var": "ed_isced_6to8_f_25plus",
  "data": {
    "EL644": {
      "%": 4.0,
      "v": 2220
    },
    "Municipality of Evosmo": {
      "%": 3.1746032,
      "v": 280
    },
    "Municipality of Aghios Dimitrios": {
      "%": 6.9137168,
      "v": 1250
    },
    "Municipality of Peristeri": {
      "%": 3.8606403,
      "v": 1640
    },
    "EL612": {
      "%": 5.0516782,
      "v": 4350
    },
    "EL524": {
      "%": 3.1334536,
      "v": 1390
    },
    "Municipality of Thessaloniki": {
      "%": 13.023147,
      "v": 16710
    },
    "EL632": {
      "%": 5.7928548,
      "v": 5140
    },
    "EL653": {
      "%": 4.0712767,
      "v": 3450
    },
    "Municipality of Kallithea": {
      "%": 8.8916874,
      "v": 3530
    },
    "Rest of Department Thessaloniki": {
      "%": 4.7625985,
      "v": 3270
    },
    "Municipality of Acharnes": {
      "%": 3.0778165,
      "v": 530
    },
    "Municipality of Nea Ionia": {
      "%": 5.5014606,
      "v": 1130
    },
    "EL611": {
      "%": 3.9688001,
      "v": 3460
    },
    "EL431": {
      "%": 5.7784505,
      "v": 4580
    },
    "EL526": {
      "%": 3.5057914,
      "v": 2270
    },
    "EL642": {
      "%": 4.1876817,
      "v": 2740
    },
    "EL521": {
      "%": 4.226944,
      "v": 1870
    },
    "Municipality of Elefsina": {
      "%": 4.1791043,
      "v": 280
    },
    "EL527": {
      "%": 3.5045106,
      "v": 1010
    },
    "Municipality of Petroupoli": {
      "%": 6.6130476,
      "v": 740
    },
    "EL531": {
      "%": 4.2416897,
      "v": 2450
    },
    "Municipality of Kalamaria": {
      "%": 13.224707,
      "v": 3490
    },
    "EL621": {
      "%": 3.6294174,
      "v": 380
    },
    "EL633": {
      "%": 3.3370004,
      "v": 1820
    },
    "EL651": {
      "%": 3.5850253,
      "v": 2260
    },
    "Municipality of Megara": {
      "%": 3.1746032,
      "v": 240
    },
    "EL511": {
      "%": 3.7297528,
      "v": 1750
    },
    "Municipality of Thermaikos": {
      "%": 5.7471266,
      "v": 100
    },
    "EL631": {
      "%": 3.5490308,
      "v": 2490
    },
    "Municipality of Stavroupoli": {
      "%": 3.7885463,
      "v": 430
    },
    "Municipality of Aegaleo": {
      "%": 4.5292015,
      "v": 1140
    },
    "Municipality of Glyfada": {
      "%": 14.278481,
      "v": 2820
    },
    "Municipality of Ilioupoli": {
      "%": 9.2393465,
      "v": 2320
    },
    "Municipality of Metamorfossi": {
      "%": 4.7619047,
      "v": 310
    },
    "Municipality of Nikea": {
      "%": 3.520164,
      "v": 1030
    },
    "EL513": {
      "%": 2.8563101,
      "v": 980
    },
    "EL543": {
      "%": 6.0139861,
      "v": 3010
    },
    "Municipality of Voula": {
      "%": 14.594595,
      "v": 810
    },
    "EL533": {
      "%": 5.3539557,
      "v": 900
    },
    "Municipality of Neapoli": {
      "%": 4.3568463,
      "v": 420
    },
    "EL411": {
      "%": 3.6213288,
      "v": 1270
    },
    "Municipality of Ilio (Nea Liossia)": {
      "%": 4.1913633,
      "v": 990
    },
    "Municipality of Aghii Anargyri": {
      "%": 6.2244897,
      "v": 610
    },
    "EL512": {
      "%": 3.3527696,
      "v": 920
    },
    "Municipality of Alimos": {
      "%": 13.511029,
      "v": 1470
    },
    "Municipality of Aghia Paraskevi": {
      "%": 19.849718,
      "v": 3170
    },
    "Municipality of Kamatero": {
      "%": 2.5242717,
      "v": 130
    },
    "Municipality of Nea Philadelfia": {
      "%": 8.8100691,
      "v": 770
    },
    "Municipality of Chaidari": {
      "%": 6.5116277,
      "v": 840
    },
    "EL643": {
      "%": 2.7548208,
      "v": 200
    },
    "Municipality of Polichni": {
      "%": 5.0,
      "v": 430
    },
    "Municipality of Kifissia": {
      "%": 20.632412,
      "v": 2610
    },
    "Municipality of Cholargos": {
      "%": 20.55921,
      "v": 2500
    },
    "Municipality of Dafni": {
      "%": 7.4572129,
      "v": 610
    },
    "Municipality of Abelokipi": {
      "%": 4.0784316,
      "v": 520
    },
    "Municipality of Galatsi": {
      "%": 9.9664049,
      "v": 1780
    },
    "Municipality of Paleo Faliro": {
      "%": 13.10962,
      "v": 2930
    },
    "Rest of Prefecture West Attiki": {
      "%": 3.4883721,
      "v": 390
    },
    "Municipality of Kessariani": {
      "%": 7.0974574,
      "v": 670
    },
    "Municipality of Salamina": {
      "%": 3.0341339,
      "v": 240
    },
    "Municipality of Pylea": {
      "%": 15.52,
      "v": 970
    },
    "EL514": {
      "%": 3.6498609,
      "v": 1180
    },
    "Municipality of Sykees": {
      "%": 4.3636365,
      "v": 480
    },
    "Municipality of Echedoro": {
      "%": 2.2312374,
      "v": 110
    },
    "Municipality of Moschato": {
      "%": 7.5324674,
      "v": 580
    },
    "Rest of Prefecture Athens": {
      "%": 16.301609,
      "v": 8410
    },
    "Municipality of Argyroupoli": {
      "%": 8.5232906,
      "v": 860
    },
    "EL652": {
      "%": 5.2525253,
      "v": 2340
    },
    "Municipality of Korydallos": {
      "%": 4.2850027,
      "v": 860
    },
    "Municipality of Iraklio": {
      "%": 11.385061,
      "v": 1570
    },
    "Municipality of Nea Smyrni": {
      "%": 16.224649,
      "v": 4160
    },
    "EL434": {
      "%": 5.2325583,
      "v": 2070
    },
    "EL624": {
      "%": 4.6384721,
      "v": 340
    },
    "EL413": {
      "%": 3.2883148,
      "v": 560
    },
    "EL645": {
      "%": 3.7114847,
      "v": 530
    },
    "EL641": {
      "%": 3.7774374,
      "v": 1480
    },
    "Municipality of Eleftherio-Kordelio": {
      "%": 3.2653062,
      "v": 160
    },
    "Rest of Prefecture Pireas": {
      "%": 2.3906178,
      "v": 530
    },
    "EL525": {
      "%": 4.1245561,
      "v": 1510
    },
    "Municipality of Perama": {
      "%": 0.86330932,
      "v": 60
    },
    "EL515": {
      "%": 4.8024449,
      "v": 2200
    },
    "EL532": {
      "%": 3.7282021,
      "v": 620
    },
    "EL623": {
      "%": 3.6705461,
      "v": 410
    },
    "Municipality of Koropi": {
      "%": 6.3432837,
      "v": 340
    },
    "Municipality of Aghia Varvara": {
      "%": 3.6707454,
      "v": 330
    },
    "EL541": {
      "%": 3.7191901,
      "v": 1690
    },
    "EL432": {
      "%": 4.8596563,
      "v": 1160
    },
    "EL622": {
      "%": 4.0327129,
      "v": 1430
    },
    "Municipality of Athens": {
      "%": 13.071189,
      "v": 35070
    },
    "EL613": {
      "%": 5.5251212,
      "v": 3530
    },
    "Municipality of Ano Liossia": {
      "%": 1.7241379,
      "v": 100
    },
    "Rest of Prefecture East Attiki": {
      "%": 7.6616917,
      "v": 4620
    },
    "EL412": {
      "%": 3.2188842,
      "v": 450
    },
    "Municipality of Vrilissia": {
      "%": 22.586872,
      "v": 1170
    },
    "EL523": {
      "%": 2.0598524,
      "v": 530
    },
    "Municipality of Zografos": {
      "%": 13.214551,
      "v": 3560
    },
    "Municipality of Pireas": {
      "%": 7.1039152,
      "v": 4300
    },
    "EL433": {
      "%": 5.3012047,
      "v": 1100
    },
    "EL422": {
      "%": 4.2262897,
      "v": 1270
    },
    "Municipality of Vyron": {
      "%": 10.196078,
      "v": 2080
    },
    "Municipality of Chalandri": {
      "%": 18.397888,
      "v": 4180
    },
    "Municipality of Aspropyrgos": {
      "%": 3.2786884,
      "v": 140
    },
    "EL542": {
      "%": 2.2611232,
      "v": 310
    },
    "Municipality of Keratsini": {
      "%": 2.8374894,
      "v": 660
    },
    "Municipality of Amaroussio": {
      "%": 19.23077,
      "v": 4050
    },
    "EL421": {
      "%": 5.2573934,
      "v": 2400
    }
  }
}