{
  "original_file": "Greece_1991.csv",
  "year": 1991,
  "country": "GR",
  "var": "ed_isced_3to5_f",
  "data": {
    "EL644": {
      "%": 18.492842,
      "v": 12270
    },
    "Municipality of Evosmo": {
      "%": 18.165628,
      "v": 2040
    },
    "Municipality of Aghios Dimitrios": {
      "%": 28.96007,
      "v": 6600
    },
    "Municipality of Peristeri": {
      "%": 27.59465,
      "v": 14650
    },
    "EL612": {
      "%": 17.610245,
      "v": 18290
    },
    "EL524": {
      "%": 14.368244,
      "v": 7710
    },
    "Municipality of Thessaloniki": {
      "%": 39.775517,
      "v": 64850
    },
    "EL632": {
      "%": 25.076784,
      "v": 27760
    },
    "EL653": {
      "%": 16.798059,
      "v": 16620
    },
    "Municipality of Kallithea": {
      "%": 39.803799,
      "v": 19070
    },
    "Rest of Department Thessaloniki": {
      "%": 18.817966,
      "v": 15920
    },
    "Municipality of Acharnes": {
      "%": 23.393665,
      "v": 5170
    },
    "Municipality of Nea Ionia": {
      "%": 31.640467,
      "v": 7850
    },
    "EL611": {
      "%": 12.29365,
      "v": 12660
    },
    "EL431": {
      "%": 20.657038,
      "v": 20310
    },
    "EL526": {
      "%": 13.32021,
      "v": 10150
    },
    "EL642": {
      "%": 18.296892,
      "v": 14310
    },
    "EL521": {
      "%": 16.147678,
      "v": 8660
    },
    "Municipality of Elefsina": {
      "%": 26.123938,
      "v": 2150
    },
    "EL527": {
      "%": 14.995641,
      "v": 5160
    },
    "Municipality of Petroupoli": {
      "%": 31.571529,
      "v": 4480
    },
    "EL531": {
      "%": 16.137871,
      "v": 11190
    },
    "Municipality of Kalamaria": {
      "%": 37.419552,
      "v": 12210
    },
    "EL621": {
      "%": 16.126419,
      "v": 1990
    },
    "EL633": {
      "%": 16.562548,
      "v": 10870
    },
    "EL651": {
      "%": 17.032379,
      "v": 12730
    },
    "Municipality of Megara": {
      "%": 18.191378,
      "v": 1730
    },
    "EL511": {
      "%": 14.593214,
      "v": 8000
    },
    "Municipality of Thermaikos": {
      "%": 28.780487,
      "v": 590
    },
    "EL631": {
      "%": 14.530906,
      "v": 12530
    },
    "Municipality of Stavroupoli": {
      "%": 22.702332,
      "v": 3310
    },
    "Municipality of Aegaleo": {
      "%": 27.012234,
      "v": 8390
    },
    "Municipality of Glyfada": {
      "%": 43.246593,
      "v": 10470
    },
    "Municipality of Ilioupoli": {
      "%": 37.899837,
      "v": 11730
    },
    "Municipality of Metamorfossi": {
      "%": 25.735294,
      "v": 2100
    },
    "Municipality of Nikea": {
      "%": 25.028122,
      "v": 8900
    },
    "EL513": {
      "%": 10.45067,
      "v": 4290
    },
    "EL543": {
      "%": 19.419386,
      "v": 11840
    },
    "Municipality of Voula": {
      "%": 54.857998,
      "v": 3670
    },
    "EL533": {
      "%": 14.669319,
      "v": 2950
    },
    "Municipality of Neapoli": {
      "%": 27.890057,
      "v": 3450
    },
    "EL411": {
      "%": 13.822735,
      "v": 5630
    },
    "Municipality of Ilio (Nea Liossia)": {
      "%": 27.97858,
      "v": 8360
    },
    "Municipality of Aghii Anargyri": {
      "%": 31.028807,
      "v": 3770
    },
    "EL512": {
      "%": 13.583138,
      "v": 4640
    },
    "Municipality of Alimos": {
      "%": 46.272099,
      "v": 6020
    },
    "Municipality of Aghia Paraskevi": {
      "%": 44.546383,
      "v": 8740
    },
    "Municipality of Kamatero": {
      "%": 21.428572,
      "v": 1410
    },
    "Municipality of Nea Philadelfia": {
      "%": 33.588516,
      "v": 3510
    },
    "Municipality of Chaidari": {
      "%": 33.604507,
      "v": 5370
    },
    "EL643": {
      "%": 12.368728,
      "v": 1060
    },
    "Municipality of Polichni": {
      "%": 21.296297,
      "v": 2300
    },
    "Municipality of Kifissia": {
      "%": 47.425999,
      "v": 7370
    },
    "Municipality of Cholargos": {
      "%": 47.959183,
      "v": 7050
    },
    "Municipality of Dafni": {
      "%": 35.82996,
      "v": 3540
    },
    "Municipality of Abelokipi": {
      "%": 27.530865,
      "v": 4460
    },
    "Municipality of Galatsi": {
      "%": 35.888187,
      "v": 7960
    },
    "Municipality of Paleo Faliro": {
      "%": 45.668079,
      "v": 11860
    },
    "Rest of Prefecture West Attiki": {
      "%": 20.06826,
      "v": 2940
    },
    "Municipality of Kessariani": {
      "%": 34.238178,
      "v": 3910
    },
    "Municipality of Salamina": {
      "%": 20.425531,
      "v": 1920
    },
    "Municipality of Pylea": {
      "%": 32.822479,
      "v": 2570
    },
    "EL514": {
      "%": 15.639811,
      "v": 5940
    },
    "Municipality of Sykees": {
      "%": 26.876341,
      "v": 3760
    },
    "Municipality of Echedoro": {
      "%": 18.918919,
      "v": 1190
    },
    "Municipality of Moschato": {
      "%": 36.120045,
      "v": 3370
    },
    "Rest of Prefecture Athens": {
      "%": 43.452286,
      "v": 26910
    },
    "Municipality of Argyroupoli": {
      "%": 35.782749,
      "v": 4480
    },
    "EL652": {
      "%": 20.712034,
      "v": 11170
    },
    "Municipality of Korydallos": {
      "%": 28.103518,
      "v": 6950
    },
    "Municipality of Iraklio": {
      "%": 39.593021,
      "v": 6810
    },
    "Municipality of Nea Smyrni": {
      "%": 47.20779,
      "v": 14540
    },
    "EL434": {
      "%": 21.606766,
      "v": 10220
    },
    "EL624": {
      "%": 12.653563,
      "v": 1030
    },
    "EL413": {
      "%": 24.473421,
      "v": 4880
    },
    "EL645": {
      "%": 15.822002,
      "v": 2560
    },
    "EL641": {
      "%": 18.172247,
      "v": 8630
    },
    "Municipality of Eleftherio-Kordelio": {
      "%": 19.093851,
      "v": 1180
    },
    "Rest of Prefecture Pireas": {
      "%": 19.946707,
      "v": 5240
    },
    "EL525": {
      "%": 16.507936,
      "v": 7280
    },
    "Municipality of Perama": {
      "%": 22.58427,
      "v": 2010
    },
    "EL515": {
      "%": 18.149925,
      "v": 9830
    },
    "EL532": {
      "%": 15.271436,
      "v": 3010
    },
    "EL623": {
      "%": 20.734507,
      "v": 2710
    },
    "Municipality of Koropi": {
      "%": 22.834646,
      "v": 1450
    },
    "Municipality of Aghia Varvara": {
      "%": 20.899471,
      "v": 2370
    },
    "EL541": {
      "%": 12.628376,
      "v": 6640
    },
    "EL432": {
      "%": 16.690908,
      "v": 4590
    },
    "EL622": {
      "%": 16.62668,
      "v": 6930
    },
    "Municipality of Athens": {
      "%": 41.536549,
      "v": 133540
    },
    "EL613": {
      "%": 19.580053,
      "v": 14920
    },
    "Municipality of Ano Liossia": {
      "%": 17.430025,
      "v": 1370
    },
    "Rest of Prefecture East Attiki": {
      "%": 30.145559,
      "v": 22160
    },
    "EL412": {
      "%": 16.728855,
      "v": 2690
    },
    "Municipality of Vrilissia": {
      "%": 44.357368,
      "v": 2830
    },
    "EL523": {
      "%": 14.397905,
      "v": 4400
    },
    "Municipality of Zografos": {
      "%": 43.314556,
      "v": 14610
    },
    "Municipality of Pireas": {
      "%": 33.827568,
      "v": 24640
    },
    "EL433": {
      "%": 21.048603,
      "v": 5500
    },
    "EL422": {
      "%": 16.012253,
      "v": 5750
    },
    "Municipality of Vyron": {
      "%": 39.323128,
      "v": 9760
    },
    "Municipality of Chalandri": {
      "%": 45.164875,
      "v": 12190
    },
    "Municipality of Aspropyrgos": {
      "%": 17.712177,
      "v": 960
    },
    "EL542": {
      "%": 10.213033,
      "v": 1630
    },
    "Municipality of Keratsini": {
      "%": 23.958704,
      "v": 6730
    },
    "Municipality of Amaroussio": {
      "%": 42.178219,
      "v": 10650
    },
    "EL421": {
      "%": 20.240795,
      "v": 11600
    }
  }
}