{
  "original_file": "Greece_1991.csv",
  "year": 1991,
  "country": "GR",
  "var": "ed_isced_3to5_m_65plus",
  "data": {
    "EL644": {
      "%": 5.5555553,
      "v": 690
    },
    "Municipality of Evosmo": {
      "%": 2.2727273,
      "v": 20
    },
    "Municipality of Aghios Dimitrios": {
      "%": 8.4444447,
      "v": 190
    },
    "Municipality of Peristeri": {
      "%": 5.7040997,
      "v": 320
    },
    "EL612": {
      "%": 3.7809649,
      "v": 580
    },
    "EL524": {
      "%": 2.3876405,
      "v": 170
    },
    "Municipality of Thessaloniki": {
      "%": 20.337196,
      "v": 3860
    },
    "EL632": {
      "%": 9.2552023,
      "v": 1690
    },
    "EL653": {
      "%": 6.7684689,
      "v": 1640
    },
    "Municipality of Kallithea": {
      "%": 26.226416,
      "v": 1390
    },
    "Rest of Department Thessaloniki": {
      "%": 3.3605814,
      "v": 370
    },
    "Municipality of Acharnes": {
      "%": 8.2901554,
      "v": 160
    },
    "Municipality of Nea Ionia": {
      "%": 12.893082,
      "v": 410
    },
    "EL611": {
      "%": 3.3980582,
      "v": 630
    },
    "EL431": {
      "%": 4.4660196,
      "v": 690
    },
    "EL526": {
      "%": 2.1008403,
      "v": 250
    },
    "EL642": {
      "%": 5.6328235,
      "v": 810
    },
    "EL521": {
      "%": 3.3829498,
      "v": 250
    },
    "Municipality of Elefsina": {
      "%": 5.4347825,
      "v": 50
    },
    "EL527": {
      "%": 1.3986014,
      "v": 80
    },
    "Municipality of Petroupoli": {
      "%": 11.594203,
      "v": 160
    },
    "EL531": {
      "%": 3.3480177,
      "v": 380
    },
    "Municipality of Kalamaria": {
      "%": 15.923567,
      "v": 500
    },
    "EL621": {
      "%": 5.2238808,
      "v": 140
    },
    "EL633": {
      "%": 4.969419,
      "v": 650
    },
    "EL651": {
      "%": 4.1881814,
      "v": 730
    },
    "Municipality of Megara": {
      "%": 3.5460992,
      "v": 50
    },
    "EL511": {
      "%": 1.9274377,
      "v": 170
    },
    "Municipality of Thermaikos": {
      "%": 10.526316,
      "v": 40
    },
    "EL631": {
      "%": 4.0685225,
      "v": 570
    },
    "Municipality of Stavroupoli": {
      "%": 4.2553191,
      "v": 40
    },
    "Municipality of Aegaleo": {
      "%": 5.5393586,
      "v": 190
    },
    "Municipality of Glyfada": {
      "%": 28.0,
      "v": 630
    },
    "Municipality of Ilioupoli": {
      "%": 20.121952,
      "v": 660
    },
    "Municipality of Metamorfossi": {
      "%": 9.89011,
      "v": 90
    },
    "Municipality of Nikea": {
      "%": 8.7443943,
      "v": 390
    },
    "EL513": {
      "%": 1.9762846,
      "v": 100
    },
    "EL543": {
      "%": 4.7572818,
      "v": 490
    },
    "Municipality of Voula": {
      "%": 32.941177,
      "v": 280
    },
    "EL533": {
      "%": 2.3738873,
      "v": 80
    },
    "Municipality of Neapoli": {
      "%": 10.10101,
      "v": 100
    },
    "EL411": {
      "%": 5.1282053,
      "v": 480
    },
    "Municipality of Ilio (Nea Liossia)": {
      "%": 6.8592057,
      "v": 190
    },
    "Municipality of Aghii Anargyri": {
      "%": 11.19403,
      "v": 150
    },
    "EL512": {
      "%": 2.9177718,
      "v": 110
    },
    "Municipality of Alimos": {
      "%": 34.19355,
      "v": 530
    },
    "Municipality of Aghia Paraskevi": {
      "%": 23.636364,
      "v": 520
    },
    "Municipality of Kamatero": {
      "%": 9.8360653,
      "v": 60
    },
    "Municipality of Nea Philadelfia": {
      "%": 20.0,
      "v": 260
    },
    "Municipality of Chaidari": {
      "%": 13.664597,
      "v": 220
    },
    "EL643": {
      "%": 1.6393442,
      "v": 30
    },
    "Municipality of Polichni": {
      "%": 2.5,
      "v": 20
    },
    "Municipality of Kifissia": {
      "%": 32.142857,
      "v": 720
    },
    "Municipality of Cholargos": {
      "%": 25.0,
      "v": 450
    },
    "Municipality of Dafni": {
      "%": 24.087591,
      "v": 330
    },
    "Municipality of Abelokipi": {
      "%": 3.0075188,
      "v": 40
    },
    "Municipality of Galatsi": {
      "%": 12.244898,
      "v": 300
    },
    "Municipality of Paleo Faliro": {
      "%": 25.194805,
      "v": 970
    },
    "Rest of Prefecture West Attiki": {
      "%": 4.8913045,
      "v": 90
    },
    "Municipality of Kessariani": {
      "%": 17.142857,
      "v": 240
    },
    "Municipality of Salamina": {
      "%": 13.725491,
      "v": 210
    },
    "Municipality of Pylea": {
      "%": 6.329114,
      "v": 50
    },
    "EL514": {
      "%": 3.2380953,
      "v": 170
    },
    "Municipality of Sykees": {
      "%": 4.9586778,
      "v": 60
    },
    "Municipality of Echedoro": {
      "%": 0.0,
      "v": 0
    },
    "Municipality of Moschato": {
      "%": 23.584906,
      "v": 250
    },
    "Rest of Prefecture Athens": {
      "%": 22.065727,
      "v": 1880
    },
    "Municipality of Argyroupoli": {
      "%": 16.52174,
      "v": 190
    },
    "EL652": {
      "%": 8.8701162,
      "v": 840
    },
    "Municipality of Korydallos": {
      "%": 14.886731,
      "v": 460
    },
    "Municipality of Iraklio": {
      "%": 26.666666,
      "v": 520
    },
    "Municipality of Nea Smyrni": {
      "%": 30.992737,
      "v": 1280
    },
    "EL434": {
      "%": 6.0897436,
      "v": 570
    },
    "EL624": {
      "%": 3.0837004,
      "v": 70
    },
    "EL413": {
      "%": 11.190476,
      "v": 470
    },
    "EL645": {
      "%": 5.4298644,
      "v": 240
    },
    "EL641": {
      "%": 3.0092592,
      "v": 260
    },
    "Municipality of Eleftherio-Kordelio": {
      "%": 4.4444447,
      "v": 20
    },
    "Rest of Prefecture Pireas": {
      "%": 6.0133629,
      "v": 270
    },
    "EL525": {
      "%": 2.1314387,
      "v": 120
    },
    "Municipality of Perama": {
      "%": 9.876543,
      "v": 80
    },
    "EL515": {
      "%": 5.6675062,
      "v": 450
    },
    "EL532": {
      "%": 1.4440433,
      "v": 40
    },
    "EL623": {
      "%": 4.0,
      "v": 120
    },
    "Municipality of Koropi": {
      "%": 6.1728396,
      "v": 50
    },
    "Municipality of Aghia Varvara": {
      "%": 11.111111,
      "v": 120
    },
    "EL541": {
      "%": 2.7542372,
      "v": 260
    },
    "EL432": {
      "%": 4.9751244,
      "v": 300
    },
    "EL622": {
      "%": 7.4122238,
      "v": 570
    },
    "Municipality of Athens": {
      "%": 28.924753,
      "v": 13800
    },
    "EL613": {
      "%": 9.4660196,
      "v": 1170
    },
    "Municipality of Ano Liossia": {
      "%": 5.0,
      "v": 30
    },
    "Rest of Prefecture East Attiki": {
      "%": 11.646952,
      "v": 1280
    },
    "EL412": {
      "%": 6.9948187,
      "v": 270
    },
    "Municipality of Vrilissia": {
      "%": 31.914894,
      "v": 150
    },
    "EL523": {
      "%": 1.7857143,
      "v": 80
    },
    "Municipality of Zografos": {
      "%": 29.268293,
      "v": 1080
    },
    "Municipality of Pireas": {
      "%": 21.793535,
      "v": 2090
    },
    "EL433": {
      "%": 3.5842295,
      "v": 200
    },
    "EL422": {
      "%": 3.4993269,
      "v": 260
    },
    "Municipality of Vyron": {
      "%": 21.019108,
      "v": 660
    },
    "Municipality of Chalandri": {
      "%": 25.739645,
      "v": 870
    },
    "Municipality of Aspropyrgos": {
      "%": 2.9850745,
      "v": 20
    },
    "EL542": {
      "%": 1.8987342,
      "v": 60
    },
    "Municipality of Keratsini": {
      "%": 6.4102564,
      "v": 200
    },
    "Municipality of Amaroussio": {
      "%": 30.0,
      "v": 870
    },
    "EL421": {
      "%": 7.5129533,
      "v": 580
    }
  }
}