{
  "original_file": "Greece_1991.csv",
  "year": 1991,
  "country": "GR",
  "var": "ed_isced_3to5_55to64",
  "data": {
    "EL644": {
      "%": 7.0343032,
      "v": 1620
    },
    "Municipality of Evosmo": {
      "%": 3.2697549,
      "v": 120
    },
    "Municipality of Aghios Dimitrios": {
      "%": 13.476263,
      "v": 880
    },
    "Municipality of Peristeri": {
      "%": 10.812582,
      "v": 1650
    },
    "EL612": {
      "%": 7.0370369,
      "v": 2280
    },
    "EL524": {
      "%": 4.1200409,
      "v": 810
    },
    "Municipality of Thessaloniki": {
      "%": 24.956747,
      "v": 11540
    },
    "EL632": {
      "%": 13.51938,
      "v": 4360
    },
    "EL653": {
      "%": 9.7588024,
      "v": 3520
    },
    "Municipality of Kallithea": {
      "%": 29.767443,
      "v": 3840
    },
    "Rest of Department Thessaloniki": {
      "%": 5.0835652,
      "v": 1460
    },
    "Municipality of Acharnes": {
      "%": 7.9189687,
      "v": 430
    },
    "Municipality of Nea Ionia": {
      "%": 16.023739,
      "v": 1080
    },
    "EL611": {
      "%": 4.6814404,
      "v": 1690
    },
    "EL431": {
      "%": 7.021966,
      "v": 1950
    },
    "EL526": {
      "%": 4.5914922,
      "v": 1360
    },
    "EL642": {
      "%": 8.6924219,
      "v": 2340
    },
    "EL521": {
      "%": 4.9235992,
      "v": 870
    },
    "Municipality of Elefsina": {
      "%": 10.03861,
      "v": 260
    },
    "EL527": {
      "%": 4.0404038,
      "v": 480
    },
    "Municipality of Petroupoli": {
      "%": 13.089005,
      "v": 500
    },
    "EL531": {
      "%": 4.9121404,
      "v": 1230
    },
    "Municipality of Kalamaria": {
      "%": 19.258373,
      "v": 1610
    },
    "EL621": {
      "%": 6.7599068,
      "v": 290
    },
    "EL633": {
      "%": 7.9904308,
      "v": 1670
    },
    "EL651": {
      "%": 8.4101381,
      "v": 2190
    },
    "Municipality of Megara": {
      "%": 8.2142859,
      "v": 230
    },
    "EL511": {
      "%": 4.4366899,
      "v": 890
    },
    "Municipality of Thermaikos": {
      "%": 13.636364,
      "v": 90
    },
    "EL631": {
      "%": 5.8886895,
      "v": 1640
    },
    "Municipality of Stavroupoli": {
      "%": 4.3037972,
      "v": 170
    },
    "Municipality of Aegaleo": {
      "%": 11.598746,
      "v": 1110
    },
    "Municipality of Glyfada": {
      "%": 29.431438,
      "v": 1760
    },
    "Municipality of Ilioupoli": {
      "%": 21.428572,
      "v": 2040
    },
    "Municipality of Metamorfossi": {
      "%": 6.2992125,
      "v": 160
    },
    "Municipality of Nikea": {
      "%": 10.936133,
      "v": 1250
    },
    "EL513": {
      "%": 3.3230293,
      "v": 430
    },
    "EL543": {
      "%": 5.5771098,
      "v": 1150
    },
    "Municipality of Voula": {
      "%": 42.774567,
      "v": 740
    },
    "EL533": {
      "%": 4.6070461,
      "v": 340
    },
    "Municipality of Neapoli": {
      "%": 6.3218389,
      "v": 220
    },
    "EL411": {
      "%": 6.4083457,
      "v": 860
    },
    "Municipality of Ilio (Nea Liossia)": {
      "%": 9.4382019,
      "v": 840
    },
    "Municipality of Aghii Anargyri": {
      "%": 13.256484,
      "v": 460
    },
    "EL512": {
      "%": 4.3816943,
      "v": 450
    },
    "Municipality of Alimos": {
      "%": 37.313435,
      "v": 1500
    },
    "Municipality of Aghia Paraskevi": {
      "%": 32.480316,
      "v": 1650
    },
    "Municipality of Kamatero": {
      "%": 5.6497173,
      "v": 100
    },
    "Municipality of Nea Philadelfia": {
      "%": 28.070175,
      "v": 800
    },
    "Municipality of Chaidari": {
      "%": 14.350798,
      "v": 630
    },
    "EL643": {
      "%": 4.3243241,
      "v": 160
    },
    "Municipality of Polichni": {
      "%": 2.4922118,
      "v": 80
    },
    "Municipality of Kifissia": {
      "%": 36.893204,
      "v": 1520
    },
    "Municipality of Cholargos": {
      "%": 40.136055,
      "v": 1770
    },
    "Municipality of Dafni": {
      "%": 24.555161,
      "v": 690
    },
    "Municipality of Abelokipi": {
      "%": 9.5041323,
      "v": 460
    },
    "Municipality of Galatsi": {
      "%": 20.817844,
      "v": 1120
    },
    "Municipality of Paleo Faliro": {
      "%": 36.262203,
      "v": 2600
    },
    "Rest of Prefecture West Attiki": {
      "%": 7.2992702,
      "v": 300
    },
    "Municipality of Kessariani": {
      "%": 23.423424,
      "v": 780
    },
    "Municipality of Salamina": {
      "%": 12.030075,
      "v": 480
    },
    "Municipality of Pylea": {
      "%": 11.85567,
      "v": 230
    },
    "EL514": {
      "%": 4.577692,
      "v": 710
    },
    "Municipality of Sykees": {
      "%": 8.3989506,
      "v": 320
    },
    "Municipality of Echedoro": {
      "%": 2.5157232,
      "v": 40
    },
    "Municipality of Moschato": {
      "%": 22.077923,
      "v": 680
    },
    "Rest of Prefecture Athens": {
      "%": 31.231756,
      "v": 5350
    },
    "Municipality of Argyroupoli": {
      "%": 17.857143,
      "v": 650
    },
    "EL652": {
      "%": 11.044287,
      "v": 2020
    },
    "Municipality of Korydallos": {
      "%": 16.200294,
      "v": 1100
    },
    "Municipality of Iraklio": {
      "%": 24.6,
      "v": 1230
    },
    "Municipality of Nea Smyrni": {
      "%": 40.31477,
      "v": 3330
    },
    "EL434": {
      "%": 11.67685,
      "v": 1720
    },
    "EL624": {
      "%": 4.5454545,
      "v": 130
    },
    "EL413": {
      "%": 11.756168,
      "v": 810
    },
    "EL645": {
      "%": 11.433172,
      "v": 710
    },
    "EL641": {
      "%": 5.7705364,
      "v": 850
    },
    "Municipality of Eleftherio-Kordelio": {
      "%": 1.6216216,
      "v": 30
    },
    "Rest of Prefecture Pireas": {
      "%": 11.073446,
      "v": 980
    },
    "EL525": {
      "%": 4.527297,
      "v": 680
    },
    "Municipality of Perama": {
      "%": 7.6271186,
      "v": 180
    },
    "EL515": {
      "%": 6.3531766,
      "v": 1270
    },
    "EL532": {
      "%": 5.5727553,
      "v": 360
    },
    "EL623": {
      "%": 8.7044535,
      "v": 430
    },
    "Municipality of Koropi": {
      "%": 12.169312,
      "v": 230
    },
    "Municipality of Aghia Varvara": {
      "%": 7.2776279,
      "v": 270
    },
    "EL541": {
      "%": 3.6091061,
      "v": 650
    },
    "EL432": {
      "%": 8.0645161,
      "v": 700
    },
    "EL622": {
      "%": 6.8567028,
      "v": 890
    },
    "Municipality of Athens": {
      "%": 33.089516,
      "v": 28500
    },
    "EL613": {
      "%": 9.7924013,
      "v": 2500
    },
    "Municipality of Ano Liossia": {
      "%": 6.0869565,
      "v": 140
    },
    "Rest of Prefecture East Attiki": {
      "%": 19.72761,
      "v": 4780
    },
    "EL412": {
      "%": 7.9629631,
      "v": 430
    },
    "Municipality of Vrilissia": {
      "%": 29.577465,
      "v": 420
    },
    "EL523": {
      "%": 3.3405955,
      "v": 460
    },
    "Municipality of Zografos": {
      "%": 31.294117,
      "v": 2660
    },
    "Municipality of Pireas": {
      "%": 24.910715,
      "v": 5580
    },
    "EL433": {
      "%": 5.7771664,
      "v": 420
    },
    "EL422": {
      "%": 6.4332247,
      "v": 790
    },
    "Municipality of Vyron": {
      "%": 26.756353,
      "v": 1790
    },
    "Municipality of Chalandri": {
      "%": 32.981529,
      "v": 2500
    },
    "Municipality of Aspropyrgos": {
      "%": 2.7777777,
      "v": 50
    },
    "EL542": {
      "%": 2.8571429,
      "v": 160
    },
    "Municipality of Keratsini": {
      "%": 10.077519,
      "v": 910
    },
    "Municipality of Amaroussio": {
      "%": 30.678467,
      "v": 2080
    },
    "EL421": {
      "%": 8.6482553,
      "v": 1190
    }
  }
}