{
  "original_file": "Ireland_1981.csv",
  "year": 1981,
  "country": "IE",
  "var": "ed_isced_0to2_f",
  "data": {
    "IE_lau_1": {
      "%": 59.950951,
      "v": 7989
    },
    "IE_lau_2": {
      "%": 64.895546,
      "v": 11597
    },
    "IE_lau_3": {
      "%": 58.04277,
      "v": 16795
    },
    "IE_lau_4": {
      "%": 56.582016,
      "v": 80018
    },
    "IE_lau_5": {
      "%": 70.907356,
      "v": 29727
    },
    "IE_lau_6": {
      "%": 59.637634,
      "v": 129067
    },
    "IE_lau_7": {
      "%": 49.064514,
      "v": 79174
    },
    "IE_lau_8": {
      "%": 55.818115,
      "v": 32716
    },
    "IE_lau_9": {
      "%": 60.702362,
      "v": 25429
    },
    "IE_lau_10": {
      "%": 55.26746,
      "v": 18271
    },
    "IE_lau_11": {
      "%": 56.381245,
      "v": 13375
    },
    "IE_lau_12": {
      "%": 60.358482,
      "v": 10036
    },
    "IE_lau_13": {
      "%": 64.583061,
      "v": 6106
    },
    "IE_lau_14": {
      "%": 55.8811,
      "v": 31172
    },
    "IE_lau_15": {
      "%": 61.66629,
      "v": 6409
    },
    "IE_lau_16": {
      "%": 63.738312,
      "v": 19431
    },
    "IE_lau_17": {
      "%": 63.395138,
      "v": 25033
    },
    "IE_lau_18": {
      "%": 56.391666,
      "v": 17340
    },
    "IE_lau_19": {
      "%": 65.298943,
      "v": 11126
    },
    "IE_lau_20": {
      "%": 62.556179,
      "v": 11824
    },
    "IE_lau_21": {
      "%": 60.691048,
      "v": 11201
    },
    "IE_lau_22": {
      "%": 57.201122,
      "v": 11233
    },
    "IE_lau_23": {
      "%": 56.587315,
      "v": 25815
    },
    "IE_lau_24": {
      "%": 58.525455,
      "v": 17937
    },
    "IE_lau_25": {
      "%": 56.967491,
      "v": 11738
    },
    "IE_lau_26": {
      "%": 63.916199,
      "v": 21324
    },
    "IE_lau_27": {
      "%": 56.669437,
      "v": 16963
    }
  }
}