{
  "original_file": "Ireland_1981.csv",
  "year": 1981,
  "country": "IE",
  "var": "ed_isced_0to2_m",
  "data": {
    "IE_lau_1": {
      "%": 66.104752,
      "v": 8975
    },
    "IE_lau_2": {
      "%": 73.805664,
      "v": 15126
    },
    "IE_lau_3": {
      "%": 63.653542,
      "v": 20140
    },
    "IE_lau_4": {
      "%": 58.462017,
      "v": 81911
    },
    "IE_lau_5": {
      "%": 75.496933,
      "v": 33286
    },
    "IE_lau_6": {
      "%": 56.659615,
      "v": 104122
    },
    "IE_lau_7": {
      "%": 44.265163,
      "v": 65628
    },
    "IE_lau_8": {
      "%": 64.606522,
      "v": 40132
    },
    "IE_lau_9": {
      "%": 67.11113,
      "v": 30397
    },
    "IE_lau_10": {
      "%": 58.167919,
      "v": 20437
    },
    "IE_lau_11": {
      "%": 63.621429,
      "v": 16047
    },
    "IE_lau_12": {
      "%": 68.318726,
      "v": 12595
    },
    "IE_lau_13": {
      "%": 72.848312,
      "v": 7969
    },
    "IE_lau_14": {
      "%": 58.705368,
      "v": 32882
    },
    "IE_lau_15": {
      "%": 68.546875,
      "v": 7798
    },
    "IE_lau_16": {
      "%": 63.857769,
      "v": 18940
    },
    "IE_lau_17": {
      "%": 71.312904,
      "v": 30094
    },
    "IE_lau_18": {
      "%": 61.031113,
      "v": 19650
    },
    "IE_lau_19": {
      "%": 71.917091,
      "v": 13386
    },
    "IE_lau_20": {
      "%": 67.471901,
      "v": 13922
    },
    "IE_lau_21": {
      "%": 70.38028,
      "v": 14560
    },
    "IE_lau_22": {
      "%": 64.388565,
      "v": 12995
    },
    "IE_lau_23": {
      "%": 62.590725,
      "v": 30126
    },
    "IE_lau_24": {
      "%": 61.790878,
      "v": 18729
    },
    "IE_lau_25": {
      "%": 62.434441,
      "v": 13498
    },
    "IE_lau_26": {
      "%": 67.644768,
      "v": 23014
    },
    "IE_lau_27": {
      "%": 58.109318,
      "v": 16975
    }
  }
}