{
  "original_file": "Ireland_1981.csv",
  "year": 1981,
  "country": "IE",
  "var": "ed_isced_3to5_f",
  "data": {
    "IE_lau_1": {
      "%": 27.781885,
      "v": 3702
    },
    "IE_lau_2": {
      "%": 24.488482,
      "v": 4376
    },
    "IE_lau_3": {
      "%": 30.224739,
      "v": 8746
    },
    "IE_lau_4": {
      "%": 31.347517,
      "v": 44331
    },
    "IE_lau_5": {
      "%": 18.636318,
      "v": 7813
    },
    "IE_lau_6": {
      "%": 29.099594,
      "v": 62977
    },
    "IE_lau_7": {
      "%": 35.959202,
      "v": 58026
    },
    "IE_lau_8": {
      "%": 28.687138,
      "v": 16814
    },
    "IE_lau_9": {
      "%": 27.440199,
      "v": 11495
    },
    "IE_lau_10": {
      "%": 33.430279,
      "v": 11052
    },
    "IE_lau_11": {
      "%": 32.151966,
      "v": 7627
    },
    "IE_lau_12": {
      "%": 28.330931,
      "v": 4711
    },
    "IE_lau_13": {
      "%": 25.079718,
      "v": 2371
    },
    "IE_lau_14": {
      "%": 32.09576,
      "v": 17904
    },
    "IE_lau_15": {
      "%": 26.783361,
      "v": 2784
    },
    "IE_lau_16": {
      "%": 26.223219,
      "v": 7994
    },
    "IE_lau_17": {
      "%": 24.515423,
      "v": 9681
    },
    "IE_lau_18": {
      "%": 32.049686,
      "v": 9855
    },
    "IE_lau_19": {
      "%": 23.933107,
      "v": 4078
    },
    "IE_lau_20": {
      "%": 25.967043,
      "v": 4908
    },
    "IE_lau_21": {
      "%": 27.482407,
      "v": 5072
    },
    "IE_lau_22": {
      "%": 30.007231,
      "v": 5893
    },
    "IE_lau_23": {
      "%": 31.642403,
      "v": 14435
    },
    "IE_lau_24": {
      "%": 30.33666,
      "v": 9298
    },
    "IE_lau_25": {
      "%": 30.998688,
      "v": 6387
    },
    "IE_lau_26": {
      "%": 25.816023,
      "v": 8613
    },
    "IE_lau_27": {
      "%": 31.515913,
      "v": 9434
    }
  }
}