{
  "original_file": "Ireland_1981.csv",
  "year": 1981,
  "country": "IE",
  "var": "ed_isced_0to2",
  "data": {
    "IE_lau_1": {
      "%": 63.056557,
      "v": 16964
    },
    "IE_lau_2": {
      "%": 69.655319,
      "v": 26723
    },
    "IE_lau_3": {
      "%": 60.973431,
      "v": 36935
    },
    "IE_lau_4": {
      "%": 57.517643,
      "v": 161928
    },
    "IE_lau_5": {
      "%": 73.259903,
      "v": 63013
    },
    "IE_lau_6": {
      "%": 58.270115,
      "v": 233189
    },
    "IE_lau_7": {
      "%": 46.766422,
      "v": 144801
    },
    "IE_lau_8": {
      "%": 60.339924,
      "v": 72848
    },
    "IE_lau_9": {
      "%": 64.031784,
      "v": 55827
    },
    "IE_lau_10": {
      "%": 56.761837,
      "v": 38708
    },
    "IE_lau_11": {
      "%": 60.112354,
      "v": 29422
    },
    "IE_lau_12": {
      "%": 64.543724,
      "v": 22631
    },
    "IE_lau_13": {
      "%": 69.016403,
      "v": 14075
    },
    "IE_lau_14": {
      "%": 57.296143,
      "v": 64054
    },
    "IE_lau_15": {
      "%": 65.261932,
      "v": 14207
    },
    "IE_lau_16": {
      "%": 63.797222,
      "v": 38371
    },
    "IE_lau_17": {
      "%": 67.485458,
      "v": 55128
    },
    "IE_lau_18": {
      "%": 58.764713,
      "v": 36991
    },
    "IE_lau_19": {
      "%": 68.754112,
      "v": 24512
    },
    "IE_lau_20": {
      "%": 65.121719,
      "v": 25747
    },
    "IE_lau_21": {
      "%": 65.811897,
      "v": 25761
    },
    "IE_lau_22": {
      "%": 60.843941,
      "v": 24228
    },
    "IE_lau_23": {
      "%": 59.669479,
      "v": 55941
    },
    "IE_lau_24": {
      "%": 60.149113,
      "v": 36667
    },
    "IE_lau_25": {
      "%": 59.766739,
      "v": 25236
    },
    "IE_lau_26": {
      "%": 65.798714,
      "v": 44338
    },
    "IE_lau_27": {
      "%": 57.380604,
      "v": 33939
    }
  }
}